prototype_market_id,cbsa_code,cbsa_name,source_cbsa_name,cbsa_type,reporting_date,prior_year_reporting_date,active_customer_count,prior_year_active_customer_count,source_active_customer_yoy_growth,active_customer_yoy_growth,source_total_households,total_households,active_customers_per_1000_households,source_total_population,total_population,source_avg_zip_median_household_income,avg_zip_median_household_income,source_total_veterinary_clinics,total_veterinary_clinics,source_total_veterinarians,total_veterinarians,clinics_per_10000_households,veterinarians_per_10000_households,source_corporate_clinic_count,corporate_clinic_count,corporate_clinic_share,source_practice_hub_clinic_count,practice_hub_clinic_count,practice_hub_clinic_share,source_total_clinic_order_volume,total_clinic_order_volume,clinic_orders_per_clinic,source_earliest_clinic_opening_date,earliest_clinic_opening_date,source_latest_clinic_opening_date,latest_clinic_opening_date,source_zips_represented_within_cbsa,zips_represented_within_cbsa,customer_extraction_date,clinic_extraction_date,customer_data_source,geography_source,household_income_source,clinic_data_source,population_source,synthetic_fields,prototype_evidence_status,observed_values_preserved,synthetic_method_version,scoring_data_completeness_rate,data_quality_status,ranking_input_status,scoring_eligibility
proto:4ad90d7df3,,"New York-Newark-Jersey City, NY-NJ-PA","New York-Newark-Jersey City, NY-NJ-PA",metropolitan,2026-07-31,2025-07-31,913575,1035238.0,-0.117522,0.046584,7059428.0,7059428.0,129.41204301538312,19990547.0,19990547.0,98890.921547,98890.921547,1687.0,1687.0,4479.0,4479.0,2.3897120276600314,6.344706681617831,10.0,10.0,0.005927682276229994,643.0,643.0,0.3811499703615886,6589950.0,6589950.0,3906.312981624185,2012-10-16,2012-10-16,2023-12-06,2023-12-06,905.0,905.0,2026-07-31,2026-07-31,EDLDB.CDM.CUSTOMER_AGGREGATE_SNAPSHOT,EDLDB.MRCH_SANDBOX.CBSA_ZIPCODE_MAPPING,EDLDB.MRCH_SANDBOX.MEDIAN_HOUSEHOLD_INCOME_ZIPCODE,EDLDB.MRCH_SANDBOX.CLINIC_PROFILE,EDLDB.MRCH_SANDBOX.CBSA_POPULATION,"active_customer_yoy_growth, active_customers_per_1000_households, clinic_orders_per_clinic, clinics_per_10000_households, corporate_clinic_share, practice_hub_clinic_share, veterinarians_per_10000_households",Hypothesis,True,market-attractiveness-synthetic-v1,1.0,SYNTHETIC_COMPLETE,prototype_ready,synthetic_prototype_only
proto:0bfbb266ed,,"Los Angeles-Long Beach-Anaheim, CA","Los Angeles-Long Beach-Anaheim, CA",metropolitan,2026-07-31,2025-07-31,479506,545702.0,-0.121304,0.039846,4371562.0,4371562.0,109.68756705269192,13178547.0,13178547.0,82978.801061,82978.801061,1201.0,1201.0,3165.0,3165.0,2.7473017653644165,7.239975093570673,12.0,12.0,0.009991673605328892,526.0,526.0,0.4379683597002498,3903380.0,3903380.0,3250.1082431307245,2012-10-17,2012-10-17,2023-12-27,2023-12-27,377.0,377.0,2026-07-31,2026-07-31,EDLDB.CDM.CUSTOMER_AGGREGATE_SNAPSHOT,EDLDB.MRCH_SANDBOX.CBSA_ZIPCODE_MAPPING,EDLDB.MRCH_SANDBOX.MEDIAN_HOUSEHOLD_INCOME_ZIPCODE,EDLDB.MRCH_SANDBOX.CLINIC_PROFILE,EDLDB.MRCH_SANDBOX.CBSA_POPULATION,"active_customer_yoy_growth, active_customers_per_1000_households, clinic_orders_per_clinic, clinics_per_10000_households, corporate_clinic_share, practice_hub_clinic_share, veterinarians_per_10000_households",Hypothesis,True,market-attractiveness-synthetic-v1,1.0,SYNTHETIC_COMPLETE,prototype_ready,synthetic_prototype_only
proto:71e5151bff,,"Chicago-Naperville-Elgin, IL-IN-WI","Chicago-Naperville-Elgin, IL-IN-WI",metropolitan,2026-07-31,2025-07-31,431715,488067.0,-0.11546,0.05198,3567295.0,3567295.0,121.02026885917762,9435217.0,9435217.0,80431.267327,80431.267327,948.0,948.0,2617.0,2617.0,2.6574757624474565,7.336090791482061,11.0,11.0,0.011603375527426161,319.0,319.0,0.33649789029535865,2895937.0,2895937.0,3054.7858649789027,2012-10-16,2012-10-16,2023-11-09,2023-11-09,404.0,404.0,2026-07-31,2026-07-31,EDLDB.CDM.CUSTOMER_AGGREGATE_SNAPSHOT,EDLDB.MRCH_SANDBOX.CBSA_ZIPCODE_MAPPING,EDLDB.MRCH_SANDBOX.MEDIAN_HOUSEHOLD_INCOME_ZIPCODE,EDLDB.MRCH_SANDBOX.CLINIC_PROFILE,EDLDB.MRCH_SANDBOX.CBSA_POPULATION,"active_customer_yoy_growth, active_customers_per_1000_households, clinic_orders_per_clinic, clinics_per_10000_households, corporate_clinic_share, practice_hub_clinic_share, veterinarians_per_10000_households",Hypothesis,True,market-attractiveness-synthetic-v1,1.0,SYNTHETIC_COMPLETE,prototype_ready,synthetic_prototype_only
proto:6a241ae1fa,,"Philadelphia-Camden-Wilmington, PA-NJ-DE-MD","Philadelphia-Camden-Wilmington, PA-NJ-DE-MD",metropolitan,2026-07-31,2025-07-31,382530,430298.0,-0.111011,0.064692,2307343.0,2307343.0,165.78809479128157,6241967.0,6241967.0,78263.037534,78263.037534,812.0,812.0,2248.0,2248.0,3.5191993561425416,9.742808069714819,6.0,6.0,0.007389162561576354,271.0,271.0,0.33374384236453203,2640488.0,2640488.0,3251.832512315271,2012-10-17,2012-10-17,2023-12-16,2023-12-16,373.0,373.0,2026-07-31,2026-07-31,EDLDB.CDM.CUSTOMER_AGGREGATE_SNAPSHOT,EDLDB.MRCH_SANDBOX.CBSA_ZIPCODE_MAPPING,EDLDB.MRCH_SANDBOX.MEDIAN_HOUSEHOLD_INCOME_ZIPCODE,EDLDB.MRCH_SANDBOX.CLINIC_PROFILE,EDLDB.MRCH_SANDBOX.CBSA_POPULATION,"active_customer_yoy_growth, active_customers_per_1000_households, clinic_orders_per_clinic, clinics_per_10000_households, corporate_clinic_share, practice_hub_clinic_share, veterinarians_per_10000_households",Hypothesis,True,market-attractiveness-synthetic-v1,1.0,SYNTHETIC_COMPLETE,prototype_ready,synthetic_prototype_only
proto:5e6b4fc9fb,,"Washington-Arlington-Alexandria, DC-VA-MD-WV","Washington-Arlington-Alexandria, DC-VA-MD-WV",metropolitan,2026-07-31,2025-07-31,361500,404001.0,-0.1052,0.081488,2262963.0,2262963.0,159.746314897769,6260311.0,6260311.0,93952.512129,93952.512129,838.0,838.0,2475.0,2475.0,3.703109595693787,10.936988364370075,7.0,7.0,0.008353221957040573,335.0,335.0,0.3997613365155131,2919010.0,2919010.0,3483.305489260143,2012-10-17,2012-10-17,2023-12-16,2023-12-16,371.0,371.0,2026-07-31,2026-07-31,EDLDB.CDM.CUSTOMER_AGGREGATE_SNAPSHOT,EDLDB.MRCH_SANDBOX.CBSA_ZIPCODE_MAPPING,EDLDB.MRCH_SANDBOX.MEDIAN_HOUSEHOLD_INCOME_ZIPCODE,EDLDB.MRCH_SANDBOX.CLINIC_PROFILE,EDLDB.MRCH_SANDBOX.CBSA_POPULATION,"active_customer_yoy_growth, active_customers_per_1000_households, clinic_orders_per_clinic, clinics_per_10000_households, corporate_clinic_share, practice_hub_clinic_share, veterinarians_per_10000_households",Hypothesis,True,market-attractiveness-synthetic-v1,1.0,SYNTHETIC_COMPLETE,prototype_ready,synthetic_prototype_only
proto:4353927ab0,,"Boston-Cambridge-Newton, MA-NH","Boston-Cambridge-Newton, MA-NH",metropolitan,2026-07-31,2025-07-31,318682,356301.0,-0.105582,0.07876,1854900.0,1854900.0,171.80548816647797,4933650.0,4933650.0,105632.353357,105632.353357,776.0,776.0,2025.0,2025.0,4.183513936061243,10.91703056768559,1.0,1.0,0.001288659793814433,238.0,238.0,0.30670103092783507,2492247.0,2492247.0,3211.658505154639,2012-10-18,2012-10-18,2023-12-12,2023-12-12,283.0,283.0,2026-07-31,2026-07-31,EDLDB.CDM.CUSTOMER_AGGREGATE_SNAPSHOT,EDLDB.MRCH_SANDBOX.CBSA_ZIPCODE_MAPPING,EDLDB.MRCH_SANDBOX.MEDIAN_HOUSEHOLD_INCOME_ZIPCODE,EDLDB.MRCH_SANDBOX.CLINIC_PROFILE,EDLDB.MRCH_SANDBOX.CBSA_POPULATION,"active_customer_yoy_growth, active_customers_per_1000_households, clinic_orders_per_clinic, clinics_per_10000_households, corporate_clinic_share, practice_hub_clinic_share, veterinarians_per_10000_households",Hypothesis,True,market-attractiveness-synthetic-v1,1.0,SYNTHETIC_COMPLETE,prototype_ready,synthetic_prototype_only
proto:743c060bb4,,"Dallas-Fort Worth-Arlington, TX","Dallas-Fort Worth-Arlington, TX",metropolitan,2026-07-31,2025-07-31,298093,345435.0,-0.13705,0.011558,2662402.0,2662402.0,111.96393332036259,7756927.0,7756927.0,72974.862191,72974.862191,928.0,928.0,2127.0,2127.0,3.4855743047068026,7.9890264505510435,1.0,1.0,0.0010775862068965517,347.0,347.0,0.3739224137931034,2038548.0,2038548.0,2196.7112068965516,2012-10-18,2012-10-18,2023-12-20,2023-12-20,283.0,283.0,2026-07-31,2026-07-31,EDLDB.CDM.CUSTOMER_AGGREGATE_SNAPSHOT,EDLDB.MRCH_SANDBOX.CBSA_ZIPCODE_MAPPING,EDLDB.MRCH_SANDBOX.MEDIAN_HOUSEHOLD_INCOME_ZIPCODE,EDLDB.MRCH_SANDBOX.CLINIC_PROFILE,EDLDB.MRCH_SANDBOX.CBSA_POPULATION,"active_customer_yoy_growth, active_customers_per_1000_households, clinic_orders_per_clinic, clinics_per_10000_households, corporate_clinic_share, practice_hub_clinic_share, veterinarians_per_10000_households",Hypothesis,True,market-attractiveness-synthetic-v1,1.0,SYNTHETIC_COMPLETE,prototype_ready,synthetic_prototype_only
proto:3671c03ebd,,"Atlanta-Sandy Springs-Alpharetta, GA","Atlanta-Sandy Springs-Alpharetta, GA",metropolitan,2026-07-31,2025-07-31,262861,304170.0,-0.135809,0.012393,2213494.0,2213494.0,118.7538796129558,6224833.0,6224833.0,65974.8,65974.8,804.0,804.0,2077.0,2077.0,3.632266452947241,9.38335500344704,2.0,2.0,0.0024875621890547263,315.0,315.0,0.3917910447761194,1817101.0,1817101.0,2260.0758706467664,2012-10-18,2012-10-18,2023-12-27,2023-12-27,225.0,225.0,2026-07-31,2026-07-31,EDLDB.CDM.CUSTOMER_AGGREGATE_SNAPSHOT,EDLDB.MRCH_SANDBOX.CBSA_ZIPCODE_MAPPING,EDLDB.MRCH_SANDBOX.MEDIAN_HOUSEHOLD_INCOME_ZIPCODE,EDLDB.MRCH_SANDBOX.CLINIC_PROFILE,EDLDB.MRCH_SANDBOX.CBSA_POPULATION,"active_customer_yoy_growth, active_customers_per_1000_households, clinic_orders_per_clinic, clinics_per_10000_households, corporate_clinic_share, practice_hub_clinic_share, veterinarians_per_10000_households",Hypothesis,True,market-attractiveness-synthetic-v1,1.0,SYNTHETIC_COMPLETE,prototype_ready,synthetic_prototype_only
proto:8638c6a3ac,,"Miami-Fort Lauderdale-Pompano Beach, FL","Miami-Fort Lauderdale-Pompano Beach, FL",metropolitan,2026-07-31,2025-07-31,234639,270551.0,-0.132737,0.017301,2182297.0,2182297.0,107.51927899822984,6133365.0,6133365.0,67830.790323,67830.790323,908.0,908.0,1978.0,1978.0,4.160753554626158,9.063844197192225,6.0,6.0,0.006607929515418502,376.0,376.0,0.41409691629955947,2241434.0,2241434.0,2468.5396475770926,2012-10-17,2012-10-17,2023-12-23,2023-12-23,186.0,186.0,2026-07-31,2026-07-31,EDLDB.CDM.CUSTOMER_AGGREGATE_SNAPSHOT,EDLDB.MRCH_SANDBOX.CBSA_ZIPCODE_MAPPING,EDLDB.MRCH_SANDBOX.MEDIAN_HOUSEHOLD_INCOME_ZIPCODE,EDLDB.MRCH_SANDBOX.CLINIC_PROFILE,EDLDB.MRCH_SANDBOX.CBSA_POPULATION,"active_customer_yoy_growth, active_customers_per_1000_households, clinic_orders_per_clinic, clinics_per_10000_households, corporate_clinic_share, practice_hub_clinic_share, veterinarians_per_10000_households",Hypothesis,True,market-attractiveness-synthetic-v1,1.0,SYNTHETIC_COMPLETE,prototype_ready,synthetic_prototype_only
proto:b31ff8591b,,"San Francisco-Oakland-Berkeley, CA","San Francisco-Oakland-Berkeley, CA",metropolitan,2026-07-31,2025-07-31,228929,253401.0,-0.096574,0.110988,1707905.0,1707905.0,134.04082779779904,4740838.0,4740838.0,119730.361582,119730.361582,581.0,581.0,1679.0,1679.0,3.401828556037953,9.830757565555462,2.0,2.0,0.0034423407917383822,208.0,208.0,0.35800344234079173,1783577.0,1783577.0,3069.8399311531844,2012-10-15,2012-10-15,2023-12-26,2023-12-26,177.0,177.0,2026-07-31,2026-07-31,EDLDB.CDM.CUSTOMER_AGGREGATE_SNAPSHOT,EDLDB.MRCH_SANDBOX.CBSA_ZIPCODE_MAPPING,EDLDB.MRCH_SANDBOX.MEDIAN_HOUSEHOLD_INCOME_ZIPCODE,EDLDB.MRCH_SANDBOX.CLINIC_PROFILE,EDLDB.MRCH_SANDBOX.CBSA_POPULATION,"active_customer_yoy_growth, active_customers_per_1000_households, clinic_orders_per_clinic, clinics_per_10000_households, corporate_clinic_share, practice_hub_clinic_share, veterinarians_per_10000_households",Hypothesis,True,market-attractiveness-synthetic-v1,1.0,SYNTHETIC_COMPLETE,prototype_ready,synthetic_prototype_only
proto:57150102bd,,"Seattle-Tacoma-Bellevue, WA","Seattle-Tacoma-Bellevue, WA",metropolitan,2026-07-31,2025-07-31,225824,253179.0,-0.108046,0.073396,1532290.0,1532290.0,147.37680204138903,4027804.0,4027804.0,87027.116959,87027.116959,575.0,575.0,1733.0,1733.0,3.75255336783507,11.309869541666394,5.0,5.0,0.008695652173913044,234.0,234.0,0.40695652173913044,1753370.0,1753370.0,3049.3391304347824,2012-10-24,2012-10-24,2023-11-23,2023-11-23,171.0,171.0,2026-07-31,2026-07-31,EDLDB.CDM.CUSTOMER_AGGREGATE_SNAPSHOT,EDLDB.MRCH_SANDBOX.CBSA_ZIPCODE_MAPPING,EDLDB.MRCH_SANDBOX.MEDIAN_HOUSEHOLD_INCOME_ZIPCODE,EDLDB.MRCH_SANDBOX.CLINIC_PROFILE,EDLDB.MRCH_SANDBOX.CBSA_POPULATION,"active_customer_yoy_growth, active_customers_per_1000_households, clinic_orders_per_clinic, clinics_per_10000_households, corporate_clinic_share, practice_hub_clinic_share, veterinarians_per_10000_households",Hypothesis,True,market-attractiveness-synthetic-v1,1.0,SYNTHETIC_COMPLETE,prototype_ready,synthetic_prototype_only
proto:f9dfe7d50b,,"Phoenix-Mesa-Chandler, AZ","Phoenix-Mesa-Chandler, AZ",metropolitan,2026-07-31,2025-07-31,223476,255655.0,-0.125869,0.030293,1750338.0,1750338.0,127.67591173818998,4875246.0,4875246.0,68704.880503,68704.880503,576.0,576.0,1707.0,1707.0,3.2907929782704826,9.75240210747867,4.0,4.0,0.006944444444444444,262.0,262.0,0.4548611111111111,1631583.0,1631583.0,2832.609375,2012-10-18,2012-10-18,2023-12-27,2023-12-27,159.0,159.0,2026-07-31,2026-07-31,EDLDB.CDM.CUSTOMER_AGGREGATE_SNAPSHOT,EDLDB.MRCH_SANDBOX.CBSA_ZIPCODE_MAPPING,EDLDB.MRCH_SANDBOX.MEDIAN_HOUSEHOLD_INCOME_ZIPCODE,EDLDB.MRCH_SANDBOX.CLINIC_PROFILE,EDLDB.MRCH_SANDBOX.CBSA_POPULATION,"active_customer_yoy_growth, active_customers_per_1000_households, clinic_orders_per_clinic, clinics_per_10000_households, corporate_clinic_share, practice_hub_clinic_share, veterinarians_per_10000_households",Hypothesis,True,market-attractiveness-synthetic-v1,1.0,SYNTHETIC_COMPLETE,prototype_ready,synthetic_prototype_only
proto:2909a382fd,,"Houston-The Woodlands-Sugar Land, TX","Houston-The Woodlands-Sugar Land, TX",metropolitan,2026-07-31,2025-07-31,222636,259194.0,-0.141045,0.005226,2433612.0,2433612.0,91.48376980389642,7204527.0,7204527.0,69061.520325,69061.520325,742.0,742.0,1734.0,1734.0,3.0489658992477024,7.125211414144901,3.0,3.0,0.004043126684636119,293.0,293.0,0.3948787061994609,1528530.0,1528530.0,2060.013477088949,2012-10-18,2012-10-18,2023-12-09,2023-12-09,246.0,246.0,2026-07-31,2026-07-31,EDLDB.CDM.CUSTOMER_AGGREGATE_SNAPSHOT,EDLDB.MRCH_SANDBOX.CBSA_ZIPCODE_MAPPING,EDLDB.MRCH_SANDBOX.MEDIAN_HOUSEHOLD_INCOME_ZIPCODE,EDLDB.MRCH_SANDBOX.CLINIC_PROFILE,EDLDB.MRCH_SANDBOX.CBSA_POPULATION,"active_customer_yoy_growth, active_customers_per_1000_households, clinic_orders_per_clinic, clinics_per_10000_households, corporate_clinic_share, practice_hub_clinic_share, veterinarians_per_10000_households",Hypothesis,True,market-attractiveness-synthetic-v1,1.0,SYNTHETIC_COMPLETE,prototype_ready,synthetic_prototype_only
proto:8e0ed43c3f,,"Detroit-Warren-Dearborn, MI","Detroit-Warren-Dearborn, MI",metropolitan,2026-07-31,2025-07-31,209514,238686.0,-0.122219,0.037884,1727526.0,1727526.0,121.27979549945992,4385248.0,4385248.0,68970.199095,68970.199095,464.0,464.0,1216.0,1216.0,2.685921948497447,7.038967865027791,1.0,1.0,0.0021551724137931034,151.0,151.0,0.3254310344827586,1235200.0,1235200.0,2662.0689655172414,2012-10-17,2012-10-17,2023-11-30,2023-11-30,221.0,221.0,2026-07-31,2026-07-31,EDLDB.CDM.CUSTOMER_AGGREGATE_SNAPSHOT,EDLDB.MRCH_SANDBOX.CBSA_ZIPCODE_MAPPING,EDLDB.MRCH_SANDBOX.MEDIAN_HOUSEHOLD_INCOME_ZIPCODE,EDLDB.MRCH_SANDBOX.CLINIC_PROFILE,EDLDB.MRCH_SANDBOX.CBSA_POPULATION,"active_customer_yoy_growth, active_customers_per_1000_households, clinic_orders_per_clinic, clinics_per_10000_households, corporate_clinic_share, practice_hub_clinic_share, veterinarians_per_10000_households",Hypothesis,True,market-attractiveness-synthetic-v1,1.0,SYNTHETIC_COMPLETE,prototype_ready,synthetic_prototype_only
proto:15e70970a0,,"Minneapolis-St. Paul-Bloomington, MN-WI","Minneapolis-St, Paul-Bloomington, MN-WI",metropolitan,2026-07-31,2025-07-31,197925,221093.0,-0.104788,0.082956,1434574.0,1434574.0,137.9677869527818,,3615266.0,,57717.1,457.0,457.0,1307.0,1307.0,3.185614684219845,9.110718582659382,2.0,2.0,0.00437636761487965,159.0,159.0,0.3479212253829322,1014612.0,1014612.0,2220.157549234136,2012-10-19,2012-10-19,2023-11-24,2023-11-24,,368.0,2026-07-31,2026-07-31,EDLDB.CDM.CUSTOMER_AGGREGATE_SNAPSHOT,EDLDB.MRCH_SANDBOX.CBSA_ZIPCODE_MAPPING,EDLDB.MRCH_SANDBOX.MEDIAN_HOUSEHOLD_INCOME_ZIPCODE,EDLDB.MRCH_SANDBOX.CLINIC_PROFILE,EDLDB.MRCH_SANDBOX.CBSA_POPULATION,"active_customer_yoy_growth, active_customers_per_1000_households, avg_zip_median_household_income, clinic_orders_per_clinic, clinics_per_10000_households, corporate_clinic_share, practice_hub_clinic_share, total_population, veterinarians_per_10000_households, zips_represented_within_cbsa",Hypothesis,True,market-attractiveness-synthetic-v1,1.0,SYNTHETIC_COMPLETE,prototype_ready,synthetic_prototype_only
proto:56615a1495,,"Denver-Aurora-Lakewood, CO","Denver-Aurora-Lakewood, CO",metropolitan,2026-07-31,2025-07-31,194173,216756.0,-0.104186,0.08372,1102115.0,1102115.0,176.18215884912192,2999195.0,2999195.0,78629.859259,78629.859259,498.0,498.0,1566.0,1566.0,4.518584721195157,14.209043520866697,3.0,3.0,0.006024096385542169,196.0,196.0,0.39357429718875503,1309379.0,1309379.0,2629.2751004016063,2012-10-22,2012-10-22,2023-12-02,2023-12-02,135.0,135.0,2026-07-31,2026-07-31,EDLDB.CDM.CUSTOMER_AGGREGATE_SNAPSHOT,EDLDB.MRCH_SANDBOX.CBSA_ZIPCODE_MAPPING,EDLDB.MRCH_SANDBOX.MEDIAN_HOUSEHOLD_INCOME_ZIPCODE,EDLDB.MRCH_SANDBOX.CLINIC_PROFILE,EDLDB.MRCH_SANDBOX.CBSA_POPULATION,"active_customer_yoy_growth, active_customers_per_1000_households, clinic_orders_per_clinic, clinics_per_10000_households, corporate_clinic_share, practice_hub_clinic_share, veterinarians_per_10000_households",Hypothesis,True,market-attractiveness-synthetic-v1,1.0,SYNTHETIC_COMPLETE,prototype_ready,synthetic_prototype_only
proto:fcde0887f7,,"Pittsburgh, PA","Pittsburgh, PA",metropolitan,2026-07-31,2025-07-31,193198,216192.0,-0.106359,0.076262,1056324.0,1056324.0,182.89653553265853,2455323.0,2455323.0,54800.827676,54800.827676,303.0,303.0,803.0,803.0,2.868438092857873,7.6018342856926475,0.0,0.0,0.0,114.0,114.0,0.37623762376237624,1132947.0,1132947.0,3739.09900990099,2012-10-17,2012-10-17,2023-12-08,2023-12-08,383.0,383.0,2026-07-31,2026-07-31,EDLDB.CDM.CUSTOMER_AGGREGATE_SNAPSHOT,EDLDB.MRCH_SANDBOX.CBSA_ZIPCODE_MAPPING,EDLDB.MRCH_SANDBOX.MEDIAN_HOUSEHOLD_INCOME_ZIPCODE,EDLDB.MRCH_SANDBOX.CLINIC_PROFILE,EDLDB.MRCH_SANDBOX.CBSA_POPULATION,"active_customer_yoy_growth, active_customers_per_1000_households, clinic_orders_per_clinic, clinics_per_10000_households, corporate_clinic_share, practice_hub_clinic_share, veterinarians_per_10000_households",Hypothesis,True,market-attractiveness-synthetic-v1,1.0,SYNTHETIC_COMPLETE,prototype_ready,synthetic_prototype_only
proto:fa88fbbf1f,,"Tampa-St. Petersburg-Clearwater, FL","Tampa-St, Petersburg-Clearwater, FL",metropolitan,2026-07-31,2025-07-31,179236,205701.0,-0.128658,0.023152,1238771.0,1238771.0,144.6885663290471,,3121823.0,,57717.1,510.0,510.0,1364.0,1364.0,4.116983687864828,11.010913235779656,1.0,1.0,0.00196078431372549,192.0,192.0,0.3764705882352941,1362063.0,1362063.0,2670.711764705882,2012-10-19,2012-10-19,2023-11-26,2023-11-26,,317.0,2026-07-31,2026-07-31,EDLDB.CDM.CUSTOMER_AGGREGATE_SNAPSHOT,EDLDB.MRCH_SANDBOX.CBSA_ZIPCODE_MAPPING,EDLDB.MRCH_SANDBOX.MEDIAN_HOUSEHOLD_INCOME_ZIPCODE,EDLDB.MRCH_SANDBOX.CLINIC_PROFILE,EDLDB.MRCH_SANDBOX.CBSA_POPULATION,"active_customer_yoy_growth, active_customers_per_1000_households, avg_zip_median_household_income, clinic_orders_per_clinic, clinics_per_10000_households, corporate_clinic_share, practice_hub_clinic_share, total_population, veterinarians_per_10000_households, zips_represented_within_cbsa",Hypothesis,True,market-attractiveness-synthetic-v1,1.0,SYNTHETIC_COMPLETE,prototype_ready,synthetic_prototype_only
proto:659402135a,,"Baltimore-Columbia-Towson, MD","Baltimore-Columbia-Towson, MD",metropolitan,2026-07-31,2025-07-31,169322,190008.0,-0.108869,0.069758,1073569.0,1073569.0,157.71878658940415,2842668.0,2842668.0,95874.10303,95874.10303,387.0,387.0,1087.0,1087.0,3.6047985737293087,10.125106071430901,3.0,3.0,0.007751937984496124,123.0,123.0,0.3178294573643411,1141084.0,1141084.0,2948.5374677002583,2012-10-17,2012-10-17,2023-12-20,2023-12-20,165.0,165.0,2026-07-31,2026-07-31,EDLDB.CDM.CUSTOMER_AGGREGATE_SNAPSHOT,EDLDB.MRCH_SANDBOX.CBSA_ZIPCODE_MAPPING,EDLDB.MRCH_SANDBOX.MEDIAN_HOUSEHOLD_INCOME_ZIPCODE,EDLDB.MRCH_SANDBOX.CLINIC_PROFILE,EDLDB.MRCH_SANDBOX.CBSA_POPULATION,"active_customer_yoy_growth, active_customers_per_1000_households, clinic_orders_per_clinic, clinics_per_10000_households, corporate_clinic_share, practice_hub_clinic_share, veterinarians_per_10000_households",Hypothesis,True,market-attractiveness-synthetic-v1,1.0,SYNTHETIC_COMPLETE,prototype_ready,synthetic_prototype_only
proto:34cd963ffc,,"Portland-Vancouver-Hillsboro, OR-WA","Portland-Vancouver-Hillsboro, OR-WA",metropolitan,2026-07-31,2025-07-31,159508,179808.0,-0.112898,0.060584,960403.0,960403.0,166.08444580035672,2518160.0,2518160.0,78213.221311,78213.221311,386.0,386.0,1255.0,1255.0,4.019146129281145,13.06743106799958,2.0,2.0,0.0051813471502590676,155.0,155.0,0.4015544041450777,1196589.0,1196589.0,3099.9715025906735,2012-10-18,2012-10-18,2023-12-19,2023-12-19,122.0,122.0,2026-07-31,2026-07-31,EDLDB.CDM.CUSTOMER_AGGREGATE_SNAPSHOT,EDLDB.MRCH_SANDBOX.CBSA_ZIPCODE_MAPPING,EDLDB.MRCH_SANDBOX.MEDIAN_HOUSEHOLD_INCOME_ZIPCODE,EDLDB.MRCH_SANDBOX.CLINIC_PROFILE,EDLDB.MRCH_SANDBOX.CBSA_POPULATION,"active_customer_yoy_growth, active_customers_per_1000_households, clinic_orders_per_clinic, clinics_per_10000_households, corporate_clinic_share, practice_hub_clinic_share, veterinarians_per_10000_households",Hypothesis,True,market-attractiveness-synthetic-v1,1.0,SYNTHETIC_COMPLETE,prototype_ready,synthetic_prototype_only
proto:6e55a5f190,,"Charlotte-Concord-Gastonia, NC-SC","Charlotte-Concord-Gastonia, NC-SC",metropolitan,2026-07-31,2025-07-31,150446,173014.0,-0.13044,0.019974,1000664.0,1000664.0,150.34617014302503,2669651.0,2669651.0,60387.569106,60387.569106,342.0,342.0,1030.0,1030.0,3.4177306268637624,10.293165338215426,8.0,8.0,0.023391812865497075,140.0,140.0,0.4093567251461988,1040124.0,1040124.0,3041.2982456140353,2012-10-18,2012-10-18,2023-11-16,2023-11-16,123.0,123.0,2026-07-31,2026-07-31,EDLDB.CDM.CUSTOMER_AGGREGATE_SNAPSHOT,EDLDB.MRCH_SANDBOX.CBSA_ZIPCODE_MAPPING,EDLDB.MRCH_SANDBOX.MEDIAN_HOUSEHOLD_INCOME_ZIPCODE,EDLDB.MRCH_SANDBOX.CLINIC_PROFILE,EDLDB.MRCH_SANDBOX.CBSA_POPULATION,"active_customer_yoy_growth, active_customers_per_1000_households, clinic_orders_per_clinic, clinics_per_10000_households, corporate_clinic_share, practice_hub_clinic_share, veterinarians_per_10000_households",Hypothesis,True,market-attractiveness-synthetic-v1,1.0,SYNTHETIC_COMPLETE,prototype_ready,synthetic_prototype_only
proto:59fd74e162,,"San Diego-Chula Vista-Carlsbad, CA","San Diego-Chula Vista-Carlsbad, CA",metropolitan,2026-07-31,2025-07-31,148852,167571.0,-0.111708,0.062588,1130526.0,1130526.0,131.6661447857015,3295298.0,3295298.0,79715.485981,79715.485981,472.0,472.0,1380.0,1380.0,4.17504772114927,12.206707320309308,4.0,4.0,0.00847457627118644,190.0,190.0,0.4025423728813559,1243731.0,1243731.0,2635.023305084746,2012-10-21,2012-10-21,2023-12-28,2023-12-28,107.0,107.0,2026-07-31,2026-07-31,EDLDB.CDM.CUSTOMER_AGGREGATE_SNAPSHOT,EDLDB.MRCH_SANDBOX.CBSA_ZIPCODE_MAPPING,EDLDB.MRCH_SANDBOX.MEDIAN_HOUSEHOLD_INCOME_ZIPCODE,EDLDB.MRCH_SANDBOX.CLINIC_PROFILE,EDLDB.MRCH_SANDBOX.CBSA_POPULATION,"active_customer_yoy_growth, active_customers_per_1000_households, clinic_orders_per_clinic, clinics_per_10000_households, corporate_clinic_share, practice_hub_clinic_share, veterinarians_per_10000_households",Hypothesis,True,market-attractiveness-synthetic-v1,1.0,SYNTHETIC_COMPLETE,prototype_ready,synthetic_prototype_only
proto:6f66ed9a82,,"St. Louis, MO-IL","St, Louis, MO-IL",metropolitan,2026-07-31,2025-07-31,148771,169896.0,-0.124341,0.033777,1183081.0,1183081.0,125.74878643136014,,2981479.0,,57717.1,327.0,327.0,868.0,868.0,2.763969669025198,7.3367757575347765,1.0,1.0,0.0030581039755351682,119.0,119.0,0.363914373088685,815682.0,815682.0,2494.440366972477,2012-10-20,2012-10-20,2023-12-29,2023-12-29,,303.0,2026-07-31,2026-07-31,EDLDB.CDM.CUSTOMER_AGGREGATE_SNAPSHOT,EDLDB.MRCH_SANDBOX.CBSA_ZIPCODE_MAPPING,EDLDB.MRCH_SANDBOX.MEDIAN_HOUSEHOLD_INCOME_ZIPCODE,EDLDB.MRCH_SANDBOX.CLINIC_PROFILE,EDLDB.MRCH_SANDBOX.CBSA_POPULATION,"active_customer_yoy_growth, active_customers_per_1000_households, avg_zip_median_household_income, clinic_orders_per_clinic, clinics_per_10000_households, corporate_clinic_share, practice_hub_clinic_share, total_population, veterinarians_per_10000_households, zips_represented_within_cbsa",Hypothesis,True,market-attractiveness-synthetic-v1,1.0,SYNTHETIC_COMPLETE,prototype_ready,synthetic_prototype_only
proto:d9601b2d0f,,"Columbus, OH","Columbus, OH",metropolitan,2026-07-31,2025-07-31,133852,151040.0,-0.113798,0.05682,889390.0,889390.0,150.49865638246436,2356554.0,2356554.0,63423.993506,63423.993506,341.0,341.0,824.0,824.0,3.8340885325897527,9.26477698197641,1.0,1.0,0.002932551319648094,108.0,108.0,0.31671554252199413,704768.0,704768.0,2066.768328445748,2012-10-15,2012-10-15,2023-12-08,2023-12-08,154.0,154.0,2026-07-31,2026-07-31,EDLDB.CDM.CUSTOMER_AGGREGATE_SNAPSHOT,EDLDB.MRCH_SANDBOX.CBSA_ZIPCODE_MAPPING,EDLDB.MRCH_SANDBOX.MEDIAN_HOUSEHOLD_INCOME_ZIPCODE,EDLDB.MRCH_SANDBOX.CLINIC_PROFILE,EDLDB.MRCH_SANDBOX.CBSA_POPULATION,"active_customer_yoy_growth, active_customers_per_1000_households, clinic_orders_per_clinic, clinics_per_10000_households, corporate_clinic_share, practice_hub_clinic_share, veterinarians_per_10000_households",Hypothesis,True,market-attractiveness-synthetic-v1,1.0,SYNTHETIC_COMPLETE,prototype_ready,synthetic_prototype_only
proto:d0e975cb4f,,"Riverside-San Bernardino-Ontario, CA","Riverside-San Bernardino-Ontario, CA",metropolitan,2026-07-31,2025-07-31,133752,155874.0,-0.141922,0.002803,1377264.0,1377264.0,97.11427874394451,4606384.0,4606384.0,62455.345912,62455.345912,356.0,356.0,816.0,816.0,2.5848348609997793,5.924790018471404,4.0,4.0,0.011235955056179775,141.0,141.0,0.3960674157303371,781197.0,781197.0,2194.373595505618,2012-10-26,2012-10-26,2023-12-11,2023-12-11,159.0,159.0,2026-07-31,2026-07-31,EDLDB.CDM.CUSTOMER_AGGREGATE_SNAPSHOT,EDLDB.MRCH_SANDBOX.CBSA_ZIPCODE_MAPPING,EDLDB.MRCH_SANDBOX.MEDIAN_HOUSEHOLD_INCOME_ZIPCODE,EDLDB.MRCH_SANDBOX.CLINIC_PROFILE,EDLDB.MRCH_SANDBOX.CBSA_POPULATION,"active_customer_yoy_growth, active_customers_per_1000_households, clinic_orders_per_clinic, clinics_per_10000_households, corporate_clinic_share, practice_hub_clinic_share, veterinarians_per_10000_households",Hypothesis,True,market-attractiveness-synthetic-v1,1.0,SYNTHETIC_COMPLETE,prototype_ready,synthetic_prototype_only
proto:1c32c066fe,,"Austin-Round Rock-Georgetown, TX","Austin-Round Rock-Georgetown, TX",metropolitan,2026-07-31,2025-07-31,131509,150972.0,-0.128918,0.022624,817908.0,817908.0,160.78703228235938,2300135.0,2300135.0,80506.134021,80506.134021,374.0,374.0,1067.0,1067.0,4.572641421773598,13.045476997412912,1.0,1.0,0.00267379679144385,135.0,135.0,0.3609625668449198,1031206.0,1031206.0,2757.235294117647,2012-10-19,2012-10-19,2023-12-26,2023-12-26,97.0,97.0,2026-07-31,2026-07-31,EDLDB.CDM.CUSTOMER_AGGREGATE_SNAPSHOT,EDLDB.MRCH_SANDBOX.CBSA_ZIPCODE_MAPPING,EDLDB.MRCH_SANDBOX.MEDIAN_HOUSEHOLD_INCOME_ZIPCODE,EDLDB.MRCH_SANDBOX.CLINIC_PROFILE,EDLDB.MRCH_SANDBOX.CBSA_POPULATION,"active_customer_yoy_growth, active_customers_per_1000_households, clinic_orders_per_clinic, clinics_per_10000_households, corporate_clinic_share, practice_hub_clinic_share, veterinarians_per_10000_households",Hypothesis,True,market-attractiveness-synthetic-v1,1.0,SYNTHETIC_COMPLETE,prototype_ready,synthetic_prototype_only
proto:d6d2b96cfc,,"Cincinnati, OH-KY-IN","Cincinnati, OH-KY-IN",metropolitan,2026-07-31,2025-07-31,127764,145889.0,-0.124238,0.034048,941822.0,941822.0,135.65620679916162,2368314.0,2368314.0,61624.108696,61624.108696,294.0,294.0,724.0,724.0,3.121608966450136,7.687227522822783,0.0,0.0,0.0,93.0,93.0,0.3163265306122449,635359.0,635359.0,2161.0850340136053,2012-10-18,2012-10-18,2023-11-14,2023-11-14,184.0,184.0,2026-07-31,2026-07-31,EDLDB.CDM.CUSTOMER_AGGREGATE_SNAPSHOT,EDLDB.MRCH_SANDBOX.CBSA_ZIPCODE_MAPPING,EDLDB.MRCH_SANDBOX.MEDIAN_HOUSEHOLD_INCOME_ZIPCODE,EDLDB.MRCH_SANDBOX.CLINIC_PROFILE,EDLDB.MRCH_SANDBOX.CBSA_POPULATION,"active_customer_yoy_growth, active_customers_per_1000_households, clinic_orders_per_clinic, clinics_per_10000_households, corporate_clinic_share, practice_hub_clinic_share, veterinarians_per_10000_households",Hypothesis,True,market-attractiveness-synthetic-v1,1.0,SYNTHETIC_COMPLETE,prototype_ready,synthetic_prototype_only
proto:b1f607d7f3,,"Cleveland-Elyria, OH","Cleveland-Elyria, OH",metropolitan,2026-07-31,2025-07-31,125834,142118.0,-0.114581,0.054002,898757.0,898757.0,140.00892343536682,,2264955.0,63734.099099,63734.099099,229.0,229.0,592.0,592.0,2.5479634650967946,6.5868749840056875,3.0,3.0,0.013100436681222707,69.0,69.0,0.30131004366812225,737474.0,737474.0,3220.410480349345,2012-10-18,2012-10-18,2023-09-24,2023-09-24,111.0,111.0,2026-07-31,2026-07-31,EDLDB.CDM.CUSTOMER_AGGREGATE_SNAPSHOT,EDLDB.MRCH_SANDBOX.CBSA_ZIPCODE_MAPPING,EDLDB.MRCH_SANDBOX.MEDIAN_HOUSEHOLD_INCOME_ZIPCODE,EDLDB.MRCH_SANDBOX.CLINIC_PROFILE,EDLDB.MRCH_SANDBOX.CBSA_POPULATION,"active_customer_yoy_growth, active_customers_per_1000_households, clinic_orders_per_clinic, clinics_per_10000_households, corporate_clinic_share, practice_hub_clinic_share, total_population, veterinarians_per_10000_households",Hypothesis,True,market-attractiveness-synthetic-v1,1.0,SYNTHETIC_COMPLETE,prototype_ready,synthetic_prototype_only
proto:6e0d815c31,,"Orlando-Kissimmee-Sanford, FL","Orlando-Kissimmee-Sanford, FL",metropolitan,2026-07-31,2025-07-31,125680,145010.0,-0.133301,0.015952,903084.0,903084.0,139.16756359319842,2680491.0,2680491.0,64495.787234,64495.787234,349.0,349.0,928.0,928.0,3.864535303471216,10.275899030433493,1.0,1.0,0.0028653295128939827,143.0,143.0,0.40974212034383956,977074.0,977074.0,2799.6389684813753,2012-10-17,2012-10-17,2023-11-15,2023-11-15,94.0,94.0,2026-07-31,2026-07-31,EDLDB.CDM.CUSTOMER_AGGREGATE_SNAPSHOT,EDLDB.MRCH_SANDBOX.CBSA_ZIPCODE_MAPPING,EDLDB.MRCH_SANDBOX.MEDIAN_HOUSEHOLD_INCOME_ZIPCODE,EDLDB.MRCH_SANDBOX.CLINIC_PROFILE,EDLDB.MRCH_SANDBOX.CBSA_POPULATION,"active_customer_yoy_growth, active_customers_per_1000_households, clinic_orders_per_clinic, clinics_per_10000_households, corporate_clinic_share, practice_hub_clinic_share, veterinarians_per_10000_households",Hypothesis,True,market-attractiveness-synthetic-v1,1.0,SYNTHETIC_COMPLETE,prototype_ready,synthetic_prototype_only
proto:003fe7f1bc,,"Indianapolis-Carmel-Anderson, IN","Indianapolis-Carmel-Anderson, IN",metropolitan,2026-07-31,2025-07-31,122281,140132.0,-0.127387,0.026584,817125.0,817125.0,149.64785069603795,2130680.0,2130680.0,65984.708955,65984.708955,294.0,294.0,787.0,787.0,3.5979807251032585,9.631329355973689,1.0,1.0,0.003401360544217687,98.0,98.0,0.3333333333333333,812877.0,812877.0,2764.887755102041,2012-10-24,2012-10-24,2023-11-10,2023-11-10,134.0,134.0,2026-07-31,2026-07-31,EDLDB.CDM.CUSTOMER_AGGREGATE_SNAPSHOT,EDLDB.MRCH_SANDBOX.CBSA_ZIPCODE_MAPPING,EDLDB.MRCH_SANDBOX.MEDIAN_HOUSEHOLD_INCOME_ZIPCODE,EDLDB.MRCH_SANDBOX.CLINIC_PROFILE,EDLDB.MRCH_SANDBOX.CBSA_POPULATION,"active_customer_yoy_growth, active_customers_per_1000_households, clinic_orders_per_clinic, clinics_per_10000_households, corporate_clinic_share, practice_hub_clinic_share, veterinarians_per_10000_households",Hypothesis,True,market-attractiveness-synthetic-v1,1.0,SYNTHETIC_COMPLETE,prototype_ready,synthetic_prototype_only
proto:71ef930308,,"Kansas City, MO-KS","Kansas City, MO-KS",metropolitan,2026-07-31,2025-07-31,121151,136776.0,-0.114238,0.054693,854831.0,854831.0,141.7250895206187,2195218.0,2195218.0,64893.420091,64893.420091,312.0,312.0,747.0,747.0,3.649844238217846,8.738569378040806,0.0,0.0,0.0,129.0,129.0,0.41346153846153844,717952.0,717952.0,2301.128205128205,2012-10-21,2012-10-21,2023-10-26,2023-10-26,219.0,219.0,2026-07-31,2026-07-31,EDLDB.CDM.CUSTOMER_AGGREGATE_SNAPSHOT,EDLDB.MRCH_SANDBOX.CBSA_ZIPCODE_MAPPING,EDLDB.MRCH_SANDBOX.MEDIAN_HOUSEHOLD_INCOME_ZIPCODE,EDLDB.MRCH_SANDBOX.CLINIC_PROFILE,EDLDB.MRCH_SANDBOX.CBSA_POPULATION,"active_customer_yoy_growth, active_customers_per_1000_households, clinic_orders_per_clinic, clinics_per_10000_households, corporate_clinic_share, practice_hub_clinic_share, veterinarians_per_10000_households",Hypothesis,True,market-attractiveness-synthetic-v1,1.0,SYNTHETIC_COMPLETE,prototype_ready,synthetic_prototype_only
proto:3baaf88e38,,"Sacramento-Roseville-Folsom, CA","Sacramento-Roseville-Folsom, CA",metropolitan,2026-07-31,2025-07-31,116849,131359.0,-0.110461,0.066008,853606.0,853606.0,136.88868166343724,2400029.0,2400029.0,71022.188976,71022.188976,401.0,401.0,1003.0,1003.0,4.697717682396797,11.750151709336626,3.0,3.0,0.007481296758104738,128.0,128.0,0.3192019950124688,848080.0,848080.0,2114.9127182044886,2012-10-19,2012-10-19,2023-12-21,2023-12-21,127.0,127.0,2026-07-31,2026-07-31,EDLDB.CDM.CUSTOMER_AGGREGATE_SNAPSHOT,EDLDB.MRCH_SANDBOX.CBSA_ZIPCODE_MAPPING,EDLDB.MRCH_SANDBOX.MEDIAN_HOUSEHOLD_INCOME_ZIPCODE,EDLDB.MRCH_SANDBOX.CLINIC_PROFILE,EDLDB.MRCH_SANDBOX.CBSA_POPULATION,"active_customer_yoy_growth, active_customers_per_1000_households, clinic_orders_per_clinic, clinics_per_10000_households, corporate_clinic_share, practice_hub_clinic_share, veterinarians_per_10000_households",Hypothesis,True,market-attractiveness-synthetic-v1,1.0,SYNTHETIC_COMPLETE,prototype_ready,synthetic_prototype_only
proto:2178c6821c,,"Nashville-Davidson--Murfreesboro--Franklin, TN","Nashville-Davidson--Murfreesboro--Franklin, TN",metropolitan,2026-07-31,2025-07-31,114875,131400.0,-0.125761,0.030825,783761.0,783761.0,146.56891577917247,2147656.0,2147656.0,61897.105691,61897.105691,281.0,281.0,768.0,768.0,3.585276634075949,9.798905533702237,2.0,2.0,0.0071174377224199285,119.0,119.0,0.4234875444839858,784269.0,784269.0,2790.9928825622774,2012-10-20,2012-10-20,2023-12-26,2023-12-26,123.0,123.0,2026-07-31,2026-07-31,EDLDB.CDM.CUSTOMER_AGGREGATE_SNAPSHOT,EDLDB.MRCH_SANDBOX.CBSA_ZIPCODE_MAPPING,EDLDB.MRCH_SANDBOX.MEDIAN_HOUSEHOLD_INCOME_ZIPCODE,EDLDB.MRCH_SANDBOX.CLINIC_PROFILE,EDLDB.MRCH_SANDBOX.CBSA_POPULATION,"active_customer_yoy_growth, active_customers_per_1000_households, clinic_orders_per_clinic, clinics_per_10000_households, corporate_clinic_share, practice_hub_clinic_share, veterinarians_per_10000_households",Hypothesis,True,market-attractiveness-synthetic-v1,1.0,SYNTHETIC_COMPLETE,prototype_ready,synthetic_prototype_only
proto:51a11ada20,,"Providence-Warwick, RI-MA","Providence-Warwick, RI-MA",metropolitan,2026-07-31,2025-07-31,107001,120697.0,-0.113474,0.05829,637027.0,637027.0,167.969332540065,1673216.0,1673216.0,80156.840708,80156.840708,184.0,184.0,506.0,506.0,2.8884176023936194,7.943148406582452,3.0,3.0,0.016304347826086956,76.0,76.0,0.41304347826086957,694808.0,694808.0,3776.1304347826085,2012-10-18,2012-10-18,2023-12-20,2023-12-20,113.0,113.0,2026-07-31,2026-07-31,EDLDB.CDM.CUSTOMER_AGGREGATE_SNAPSHOT,EDLDB.MRCH_SANDBOX.CBSA_ZIPCODE_MAPPING,EDLDB.MRCH_SANDBOX.MEDIAN_HOUSEHOLD_INCOME_ZIPCODE,EDLDB.MRCH_SANDBOX.CLINIC_PROFILE,EDLDB.MRCH_SANDBOX.CBSA_POPULATION,"active_customer_yoy_growth, active_customers_per_1000_households, clinic_orders_per_clinic, clinics_per_10000_households, corporate_clinic_share, practice_hub_clinic_share, veterinarians_per_10000_households",Hypothesis,True,market-attractiveness-synthetic-v1,1.0,SYNTHETIC_COMPLETE,prototype_ready,synthetic_prototype_only
proto:8e558b04fc,,"Raleigh-Cary, NC","Raleigh-Cary, NC",metropolitan,2026-07-31,2025-07-31,96038,109016.0,-0.119047,0.04359,533739.0,533739.0,179.93438740657888,1459995.0,1459995.0,75285.960784,75285.960784,304.0,304.0,1012.0,1012.0,5.695667732730791,18.96057811027487,0.0,0.0,0.0,93.0,93.0,0.3059210526315789,783827.0,783827.0,2578.378289473684,2012-10-20,2012-10-20,2023-11-13,2023-11-13,51.0,51.0,2026-07-31,2026-07-31,EDLDB.CDM.CUSTOMER_AGGREGATE_SNAPSHOT,EDLDB.MRCH_SANDBOX.CBSA_ZIPCODE_MAPPING,EDLDB.MRCH_SANDBOX.MEDIAN_HOUSEHOLD_INCOME_ZIPCODE,EDLDB.MRCH_SANDBOX.CLINIC_PROFILE,EDLDB.MRCH_SANDBOX.CBSA_POPULATION,"active_customer_yoy_growth, active_customers_per_1000_households, clinic_orders_per_clinic, clinics_per_10000_households, corporate_clinic_share, practice_hub_clinic_share, veterinarians_per_10000_households",Hypothesis,True,market-attractiveness-synthetic-v1,1.0,SYNTHETIC_COMPLETE,prototype_ready,synthetic_prototype_only
proto:171b3d7007,,"Virginia Beach-Norfolk-Newport News, VA-NC","Virginia Beach-Norfolk-Newport News, VA-NC",metropolitan,2026-07-31,2025-07-31,92788,106199.0,-0.126282,0.02923,692309.0,692309.0,134.02685794926833,1822289.0,1822289.0,59023.723881,59023.723881,211.0,211.0,617.0,617.0,3.0477720208750716,8.91220538805649,1.0,1.0,0.004739336492890996,77.0,77.0,0.36492890995260663,609028.0,609028.0,2886.388625592417,2012-10-25,2012-10-25,2023-12-16,2023-12-16,134.0,134.0,2026-07-31,2026-07-31,EDLDB.CDM.CUSTOMER_AGGREGATE_SNAPSHOT,EDLDB.MRCH_SANDBOX.CBSA_ZIPCODE_MAPPING,EDLDB.MRCH_SANDBOX.MEDIAN_HOUSEHOLD_INCOME_ZIPCODE,EDLDB.MRCH_SANDBOX.CLINIC_PROFILE,EDLDB.MRCH_SANDBOX.CBSA_POPULATION,"active_customer_yoy_growth, active_customers_per_1000_households, clinic_orders_per_clinic, clinics_per_10000_households, corporate_clinic_share, practice_hub_clinic_share, veterinarians_per_10000_households",Hypothesis,True,market-attractiveness-synthetic-v1,1.0,SYNTHETIC_COMPLETE,prototype_ready,synthetic_prototype_only
proto:d2eea4950a,,"Jacksonville, FL","Jacksonville, FL",metropolitan,2026-07-31,2025-07-31,91481,104628.0,-0.125655,0.031092,589950.0,589950.0,155.06568353250276,1612981.0,1612981.0,63030.0625,63030.0625,265.0,265.0,608.0,608.0,4.491906093736757,10.305958132045088,1.0,1.0,0.0037735849056603774,106.0,106.0,0.4,655796.0,655796.0,2474.701886792453,2012-10-21,2012-10-21,2023-11-10,2023-11-10,64.0,64.0,2026-07-31,2026-07-31,EDLDB.CDM.CUSTOMER_AGGREGATE_SNAPSHOT,EDLDB.MRCH_SANDBOX.CBSA_ZIPCODE_MAPPING,EDLDB.MRCH_SANDBOX.MEDIAN_HOUSEHOLD_INCOME_ZIPCODE,EDLDB.MRCH_SANDBOX.CLINIC_PROFILE,EDLDB.MRCH_SANDBOX.CBSA_POPULATION,"active_customer_yoy_growth, active_customers_per_1000_households, clinic_orders_per_clinic, clinics_per_10000_households, corporate_clinic_share, practice_hub_clinic_share, veterinarians_per_10000_households",Hypothesis,True,market-attractiveness-synthetic-v1,1.0,SYNTHETIC_COMPLETE,prototype_ready,synthetic_prototype_only
proto:3c05991dd1,,"Richmond, VA","Richmond, VA",metropolitan,2026-07-31,2025-07-31,85085,96308.0,-0.116532,0.048439,510827.0,510827.0,166.56323960949598,1316646.0,1316646.0,68476.685714,68476.685714,188.0,188.0,536.0,536.0,3.6803066400170703,10.492789143878456,0.0,0.0,0.0,78.0,78.0,0.4148936170212766,600280.0,600280.0,3192.978723404255,2012-10-20,2012-10-20,2023-10-01,2023-10-01,105.0,105.0,2026-07-31,2026-07-31,EDLDB.CDM.CUSTOMER_AGGREGATE_SNAPSHOT,EDLDB.MRCH_SANDBOX.CBSA_ZIPCODE_MAPPING,EDLDB.MRCH_SANDBOX.MEDIAN_HOUSEHOLD_INCOME_ZIPCODE,EDLDB.MRCH_SANDBOX.CLINIC_PROFILE,EDLDB.MRCH_SANDBOX.CBSA_POPULATION,"active_customer_yoy_growth, active_customers_per_1000_households, clinic_orders_per_clinic, clinics_per_10000_households, corporate_clinic_share, practice_hub_clinic_share, veterinarians_per_10000_households",Hypothesis,True,market-attractiveness-synthetic-v1,1.0,SYNTHETIC_COMPLETE,prototype_ready,synthetic_prototype_only
proto:c2fec3142f,,"Hartford-East Hartford-Middletown, CT","Hartford-East Hartford-Middletown, CT",metropolitan,2026-07-31,2025-07-31,83816,93355.0,-0.10218,0.091837,483283.0,483283.0,173.43047448389453,1135704.0,1135704.0,90056.387755,90056.387755,150.0,150.0,531.0,531.0,3.1037714962040877,10.98735109656247,1.0,1.0,0.006666666666666667,44.0,44.0,0.29333333333333333,607665.0,607665.0,4051.1,2012-10-18,2012-10-18,2023-12-03,2023-12-03,98.0,98.0,2026-07-31,2026-07-31,EDLDB.CDM.CUSTOMER_AGGREGATE_SNAPSHOT,EDLDB.MRCH_SANDBOX.CBSA_ZIPCODE_MAPPING,EDLDB.MRCH_SANDBOX.MEDIAN_HOUSEHOLD_INCOME_ZIPCODE,EDLDB.MRCH_SANDBOX.CLINIC_PROFILE,EDLDB.MRCH_SANDBOX.CBSA_POPULATION,"active_customer_yoy_growth, active_customers_per_1000_households, clinic_orders_per_clinic, clinics_per_10000_households, corporate_clinic_share, practice_hub_clinic_share, veterinarians_per_10000_households",Hypothesis,True,market-attractiveness-synthetic-v1,1.0,SYNTHETIC_COMPLETE,prototype_ready,synthetic_prototype_only
proto:53a9caaafe,,"Las Vegas-Henderson-Paradise, NV","Las Vegas-Henderson-Paradise, NV",metropolitan,2026-07-31,2025-07-31,81640,94665.0,-0.13759,0.011279,809069.0,809069.0,100.906103187738,2274887.0,2274887.0,64513.791667,64513.791667,162.0,162.0,570.0,570.0,2.0023014106337036,7.045134592970439,0.0,0.0,0.0,79.0,79.0,0.4876543209876543,578408.0,578408.0,3570.41975308642,2012-10-31,2012-10-31,2023-12-29,2023-12-29,72.0,72.0,2026-07-31,2026-07-31,EDLDB.CDM.CUSTOMER_AGGREGATE_SNAPSHOT,EDLDB.MRCH_SANDBOX.CBSA_ZIPCODE_MAPPING,EDLDB.MRCH_SANDBOX.MEDIAN_HOUSEHOLD_INCOME_ZIPCODE,EDLDB.MRCH_SANDBOX.CLINIC_PROFILE,EDLDB.MRCH_SANDBOX.CBSA_POPULATION,"active_customer_yoy_growth, active_customers_per_1000_households, clinic_orders_per_clinic, clinics_per_10000_households, corporate_clinic_share, practice_hub_clinic_share, veterinarians_per_10000_households",Hypothesis,True,market-attractiveness-synthetic-v1,1.0,SYNTHETIC_COMPLETE,prototype_ready,synthetic_prototype_only
proto:90f58c3dd2,,"San Antonio-New Braunfels, TX","San Antonio-New Braunfels, TX",metropolitan,2026-07-31,2025-07-31,81193,95968.0,-0.153958,-0.016911,841038.0,841038.0,96.53903866412693,2595274.0,2595274.0,63105.587302,63105.587302,313.0,313.0,699.0,699.0,3.7215916522202326,8.311158354319305,2.0,2.0,0.006389776357827476,97.0,97.0,0.30990415335463256,499001.0,499001.0,1594.252396166134,2012-10-24,2012-10-24,2023-12-14,2023-12-14,126.0,126.0,2026-07-31,2026-07-31,EDLDB.CDM.CUSTOMER_AGGREGATE_SNAPSHOT,EDLDB.MRCH_SANDBOX.CBSA_ZIPCODE_MAPPING,EDLDB.MRCH_SANDBOX.MEDIAN_HOUSEHOLD_INCOME_ZIPCODE,EDLDB.MRCH_SANDBOX.CLINIC_PROFILE,EDLDB.MRCH_SANDBOX.CBSA_POPULATION,"active_customer_yoy_growth, active_customers_per_1000_households, clinic_orders_per_clinic, clinics_per_10000_households, corporate_clinic_share, practice_hub_clinic_share, veterinarians_per_10000_households",Hypothesis,True,market-attractiveness-synthetic-v1,1.0,SYNTHETIC_COMPLETE,prototype_ready,synthetic_prototype_only
proto:8adfa723f2,,"Rochester, NY","Rochester, NY",metropolitan,2026-07-31,2025-07-31,79906,89995.0,-0.112106,0.06218,464165.0,464165.0,172.1499897665701,1096357.0,1096357.0,60158.293651,60158.293651,139.0,139.0,316.0,316.0,2.9946247562827875,6.807923906369503,2.0,2.0,0.014388489208633094,59.0,59.0,0.4244604316546763,413650.0,413650.0,2975.8992805755397,2012-10-23,2012-10-23,2023-06-27,2023-06-27,126.0,126.0,2026-07-31,2026-07-31,EDLDB.CDM.CUSTOMER_AGGREGATE_SNAPSHOT,EDLDB.MRCH_SANDBOX.CBSA_ZIPCODE_MAPPING,EDLDB.MRCH_SANDBOX.MEDIAN_HOUSEHOLD_INCOME_ZIPCODE,EDLDB.MRCH_SANDBOX.CLINIC_PROFILE,EDLDB.MRCH_SANDBOX.CBSA_POPULATION,"active_customer_yoy_growth, active_customers_per_1000_households, clinic_orders_per_clinic, clinics_per_10000_households, corporate_clinic_share, practice_hub_clinic_share, veterinarians_per_10000_households",Hypothesis,True,market-attractiveness-synthetic-v1,1.0,SYNTHETIC_COMPLETE,prototype_ready,synthetic_prototype_only
proto:99f88f4ef6,,"San Jose-Sunnyvale-Santa Clara, CA","San Jose-Sunnyvale-Santa Clara, CA",metropolitan,2026-07-31,2025-07-31,76694,85707.0,-0.105161,0.082212,644962.0,644962.0,118.91243205026032,1995698.0,1995698.0,128258.901639,128258.901639,182.0,182.0,506.0,506.0,2.821871676160766,7.845423451304107,0.0,0.0,0.0,69.0,69.0,0.3791208791208791,568860.0,568860.0,3125.6043956043954,2012-10-17,2012-10-17,2023-12-23,2023-12-23,61.0,61.0,2026-07-31,2026-07-31,EDLDB.CDM.CUSTOMER_AGGREGATE_SNAPSHOT,EDLDB.MRCH_SANDBOX.CBSA_ZIPCODE_MAPPING,EDLDB.MRCH_SANDBOX.MEDIAN_HOUSEHOLD_INCOME_ZIPCODE,EDLDB.MRCH_SANDBOX.CLINIC_PROFILE,EDLDB.MRCH_SANDBOX.CBSA_POPULATION,"active_customer_yoy_growth, active_customers_per_1000_households, clinic_orders_per_clinic, clinics_per_10000_households, corporate_clinic_share, practice_hub_clinic_share, veterinarians_per_10000_households",Hypothesis,True,market-attractiveness-synthetic-v1,1.0,SYNTHETIC_COMPLETE,prototype_ready,synthetic_prototype_only
proto:69ae40c071,,"Buffalo-Cheektowaga, NY","Buffalo-Cheektowaga, NY",metropolitan,2026-07-31,2025-07-31,76674,86952.0,-0.118203,0.045073,491961.0,491961.0,155.8538176806698,1164468.0,1164468.0,60069.608696,60069.608696,135.0,135.0,350.0,350.0,2.7441199607285944,7.114385083370429,1.0,1.0,0.007407407407407408,29.0,29.0,0.21481481481481482,355329.0,355329.0,2632.0666666666666,2012-10-19,2012-10-19,2023-10-11,2023-10-11,92.0,92.0,2026-07-31,2026-07-31,EDLDB.CDM.CUSTOMER_AGGREGATE_SNAPSHOT,EDLDB.MRCH_SANDBOX.CBSA_ZIPCODE_MAPPING,EDLDB.MRCH_SANDBOX.MEDIAN_HOUSEHOLD_INCOME_ZIPCODE,EDLDB.MRCH_SANDBOX.CLINIC_PROFILE,EDLDB.MRCH_SANDBOX.CBSA_POPULATION,"active_customer_yoy_growth, active_customers_per_1000_households, clinic_orders_per_clinic, clinics_per_10000_households, corporate_clinic_share, practice_hub_clinic_share, veterinarians_per_10000_households",Hypothesis,True,market-attractiveness-synthetic-v1,1.0,SYNTHETIC_COMPLETE,prototype_ready,synthetic_prototype_only
proto:1ec4d2e4d4,,"Milwaukee-Waukesha, WI","Milwaukee-Waukesha, WI",metropolitan,2026-07-31,2025-07-31,74721,84025.0,-0.110729,0.065565,639634.0,639634.0,116.81836800420241,1574476.0,1574476.0,74002.578313,74002.578313,161.0,161.0,496.0,496.0,2.517064446230188,7.754434567268157,2.0,2.0,0.012422360248447204,47.0,47.0,0.2919254658385093,439244.0,439244.0,2728.223602484472,2012-10-23,2012-10-23,2023-12-06,2023-12-06,83.0,83.0,2026-07-31,2026-07-31,EDLDB.CDM.CUSTOMER_AGGREGATE_SNAPSHOT,EDLDB.MRCH_SANDBOX.CBSA_ZIPCODE_MAPPING,EDLDB.MRCH_SANDBOX.MEDIAN_HOUSEHOLD_INCOME_ZIPCODE,EDLDB.MRCH_SANDBOX.CLINIC_PROFILE,EDLDB.MRCH_SANDBOX.CBSA_POPULATION,"active_customer_yoy_growth, active_customers_per_1000_households, clinic_orders_per_clinic, clinics_per_10000_households, corporate_clinic_share, practice_hub_clinic_share, veterinarians_per_10000_households",Hypothesis,True,market-attractiveness-synthetic-v1,1.0,SYNTHETIC_COMPLETE,prototype_ready,synthetic_prototype_only
proto:73fc6dd312,,"Albany-Schenectady-Troy, NY","Albany-Schenectady-Troy, NY",metropolitan,2026-07-31,2025-07-31,72124,81149.0,-0.111215,0.063838,380091.0,380091.0,189.754558776714,949209.0,949209.0,68141.53125,68141.53125,155.0,155.0,330.0,330.0,4.07797080172906,8.682131384326384,2.0,2.0,0.012903225806451613,42.0,42.0,0.2709677419354839,374981.0,374981.0,2419.232258064516,2012-10-22,2012-10-22,2023-12-21,2023-12-21,128.0,128.0,2026-07-31,2026-07-31,EDLDB.CDM.CUSTOMER_AGGREGATE_SNAPSHOT,EDLDB.MRCH_SANDBOX.CBSA_ZIPCODE_MAPPING,EDLDB.MRCH_SANDBOX.MEDIAN_HOUSEHOLD_INCOME_ZIPCODE,EDLDB.MRCH_SANDBOX.CLINIC_PROFILE,EDLDB.MRCH_SANDBOX.CBSA_POPULATION,"active_customer_yoy_growth, active_customers_per_1000_households, clinic_orders_per_clinic, clinics_per_10000_households, corporate_clinic_share, practice_hub_clinic_share, veterinarians_per_10000_households",Hypothesis,True,market-attractiveness-synthetic-v1,1.0,SYNTHETIC_COMPLETE,prototype_ready,synthetic_prototype_only
proto:c7f05e0e95,,"Louisville/Jefferson County, KY-IN","Louisville/Jefferson County, KY-IN",metropolitan,2026-07-31,2025-07-31,71232,81150.0,-0.122218,0.038163,524222.0,524222.0,135.88136323923834,1362955.0,1362955.0,62332.383929,62332.383929,196.0,196.0,371.0,371.0,3.738873988501055,7.077154335376997,0.0,0.0,0.0,68.0,68.0,0.3469387755102041,421574.0,421574.0,2150.887755102041,2012-10-24,2012-10-24,2023-09-16,2023-09-16,112.0,112.0,2026-07-31,2026-07-31,EDLDB.CDM.CUSTOMER_AGGREGATE_SNAPSHOT,EDLDB.MRCH_SANDBOX.CBSA_ZIPCODE_MAPPING,EDLDB.MRCH_SANDBOX.MEDIAN_HOUSEHOLD_INCOME_ZIPCODE,EDLDB.MRCH_SANDBOX.CLINIC_PROFILE,EDLDB.MRCH_SANDBOX.CBSA_POPULATION,"active_customer_yoy_growth, active_customers_per_1000_households, clinic_orders_per_clinic, clinics_per_10000_households, corporate_clinic_share, practice_hub_clinic_share, veterinarians_per_10000_households",Hypothesis,True,market-attractiveness-synthetic-v1,1.0,SYNTHETIC_COMPLETE,prototype_ready,synthetic_prototype_only
proto:d112476a4c,,"Worcester, MA-CT","Worcester, MA-CT",metropolitan,2026-07-31,2025-07-31,65938,73837.0,-0.106979,0.075085,359658.0,359658.0,183.33527962675652,859669.0,859669.0,80416.929825,80416.929825,154.0,154.0,448.0,448.0,4.281845531032259,12.456277908457478,1.0,1.0,0.006493506493506494,62.0,62.0,0.4025974025974026,434772.0,434772.0,2823.194805194805,2012-10-18,2012-10-18,2023-08-07,2023-08-07,114.0,114.0,2026-07-31,2026-07-31,EDLDB.CDM.CUSTOMER_AGGREGATE_SNAPSHOT,EDLDB.MRCH_SANDBOX.CBSA_ZIPCODE_MAPPING,EDLDB.MRCH_SANDBOX.MEDIAN_HOUSEHOLD_INCOME_ZIPCODE,EDLDB.MRCH_SANDBOX.CLINIC_PROFILE,EDLDB.MRCH_SANDBOX.CBSA_POPULATION,"active_customer_yoy_growth, active_customers_per_1000_households, clinic_orders_per_clinic, clinics_per_10000_households, corporate_clinic_share, practice_hub_clinic_share, veterinarians_per_10000_households",Hypothesis,True,market-attractiveness-synthetic-v1,1.0,SYNTHETIC_COMPLETE,prototype_ready,synthetic_prototype_only
proto:2de2c5510e,,"Allentown-Bethlehem-Easton, PA-NJ","Allentown-Bethlehem-Easton, PA-NJ",metropolitan,2026-07-31,2025-07-31,63804,71318.0,-0.105359,0.080781,334084.0,334084.0,190.9819087415141,861557.0,861557.0,64997.255814,64997.255814,102.0,102.0,232.0,232.0,3.053124363932424,6.944361298356102,0.0,0.0,0.0,32.0,32.0,0.3137254901960784,299773.0,299773.0,2938.950980392157,2012-10-21,2012-10-21,2023-12-15,2023-12-15,86.0,86.0,2026-07-31,2026-07-31,EDLDB.CDM.CUSTOMER_AGGREGATE_SNAPSHOT,EDLDB.MRCH_SANDBOX.CBSA_ZIPCODE_MAPPING,EDLDB.MRCH_SANDBOX.MEDIAN_HOUSEHOLD_INCOME_ZIPCODE,EDLDB.MRCH_SANDBOX.CLINIC_PROFILE,EDLDB.MRCH_SANDBOX.CBSA_POPULATION,"active_customer_yoy_growth, active_customers_per_1000_households, clinic_orders_per_clinic, clinics_per_10000_households, corporate_clinic_share, practice_hub_clinic_share, veterinarians_per_10000_households",Hypothesis,True,market-attractiveness-synthetic-v1,1.0,SYNTHETIC_COMPLETE,prototype_ready,synthetic_prototype_only
proto:f449d4b6fd,,"Grand Rapids-Kentwood, MI","Grand Rapids-Kentwood, MI",metropolitan,2026-07-31,2025-07-31,60584,68542.0,-0.116104,0.050346,427927.0,427927.0,141.57554910066435,1151502.0,1151502.0,63545.987342,63545.987342,123.0,123.0,340.0,340.0,2.8743220222140695,7.945280386607996,3.0,3.0,0.024390243902439025,52.0,52.0,0.42276422764227645,346255.0,346255.0,2815.081300813008,2012-10-28,2012-10-28,2023-11-04,2023-11-04,79.0,79.0,2026-07-31,2026-07-31,EDLDB.CDM.CUSTOMER_AGGREGATE_SNAPSHOT,EDLDB.MRCH_SANDBOX.CBSA_ZIPCODE_MAPPING,EDLDB.MRCH_SANDBOX.MEDIAN_HOUSEHOLD_INCOME_ZIPCODE,EDLDB.MRCH_SANDBOX.CLINIC_PROFILE,EDLDB.MRCH_SANDBOX.CBSA_POPULATION,"active_customer_yoy_growth, active_customers_per_1000_households, clinic_orders_per_clinic, clinics_per_10000_households, corporate_clinic_share, practice_hub_clinic_share, veterinarians_per_10000_households",Hypothesis,True,market-attractiveness-synthetic-v1,1.0,SYNTHETIC_COMPLETE,prototype_ready,synthetic_prototype_only
proto:ec8f3a0e2b,,"Bridgeport-Stamford-Norwalk, CT","Bridgeport-Stamford-Norwalk, CT",metropolitan,2026-07-31,2025-07-31,59106,65913.0,-0.103272,0.089794,345089.0,345089.0,171.2775544859442,942755.0,942755.0,122499.87234,122499.87234,132.0,132.0,330.0,330.0,3.8251001915447898,9.562750478861973,0.0,0.0,0.0,58.0,58.0,0.4393939393939394,459475.0,459475.0,3480.871212121212,2012-10-18,2012-10-18,2023-10-23,2023-10-23,47.0,47.0,2026-07-31,2026-07-31,EDLDB.CDM.CUSTOMER_AGGREGATE_SNAPSHOT,EDLDB.MRCH_SANDBOX.CBSA_ZIPCODE_MAPPING,EDLDB.MRCH_SANDBOX.MEDIAN_HOUSEHOLD_INCOME_ZIPCODE,EDLDB.MRCH_SANDBOX.CLINIC_PROFILE,EDLDB.MRCH_SANDBOX.CBSA_POPULATION,"active_customer_yoy_growth, active_customers_per_1000_households, clinic_orders_per_clinic, clinics_per_10000_households, corporate_clinic_share, practice_hub_clinic_share, veterinarians_per_10000_households",Hypothesis,True,market-attractiveness-synthetic-v1,1.0,SYNTHETIC_COMPLETE,prototype_ready,synthetic_prototype_only
proto:9d0cc141f6,,"Portland-South Portland, ME","Portland-South Portland, ME",metropolitan,2026-07-31,2025-07-31,57290,63667.0,-0.100162,0.102517,230956.0,230956.0,248.0559067528014,552577.0,552577.0,72403.542169,72403.542169,119.0,119.0,300.0,300.0,5.152496579435044,12.989487175046328,0.0,0.0,0.0,44.0,44.0,0.3697478991596639,353833.0,353833.0,2973.3865546218485,2012-10-17,2012-10-17,2023-11-19,2023-11-19,83.0,83.0,2026-07-31,2026-07-31,EDLDB.CDM.CUSTOMER_AGGREGATE_SNAPSHOT,EDLDB.MRCH_SANDBOX.CBSA_ZIPCODE_MAPPING,EDLDB.MRCH_SANDBOX.MEDIAN_HOUSEHOLD_INCOME_ZIPCODE,EDLDB.MRCH_SANDBOX.CLINIC_PROFILE,EDLDB.MRCH_SANDBOX.CBSA_POPULATION,"active_customer_yoy_growth, active_customers_per_1000_households, clinic_orders_per_clinic, clinics_per_10000_households, corporate_clinic_share, practice_hub_clinic_share, veterinarians_per_10000_households",Hypothesis,True,market-attractiveness-synthetic-v1,1.0,SYNTHETIC_COMPLETE,prototype_ready,synthetic_prototype_only
proto:6a5c292b37,,"Knoxville, TN","Knoxville, TN",metropolitan,2026-07-31,2025-07-31,55966,64443.0,-0.131543,0.018641,377471.0,377471.0,148.26569458316,905896.0,905896.0,50588.631579,50588.631579,151.0,151.0,379.0,379.0,4.000307308376008,10.04050642300998,1.0,1.0,0.006622516556291391,43.0,43.0,0.2847682119205298,270217.0,270217.0,1789.5165562913908,2012-10-18,2012-10-18,2023-06-18,2023-06-18,76.0,76.0,2026-07-31,2026-07-31,EDLDB.CDM.CUSTOMER_AGGREGATE_SNAPSHOT,EDLDB.MRCH_SANDBOX.CBSA_ZIPCODE_MAPPING,EDLDB.MRCH_SANDBOX.MEDIAN_HOUSEHOLD_INCOME_ZIPCODE,EDLDB.MRCH_SANDBOX.CLINIC_PROFILE,EDLDB.MRCH_SANDBOX.CBSA_POPULATION,"active_customer_yoy_growth, active_customers_per_1000_households, clinic_orders_per_clinic, clinics_per_10000_households, corporate_clinic_share, practice_hub_clinic_share, veterinarians_per_10000_households",Hypothesis,True,market-attractiveness-synthetic-v1,1.0,SYNTHETIC_COMPLETE,prototype_ready,synthetic_prototype_only
proto:8453cdbd7c,,"North Port-Sarasota-Bradenton, FL","North Port-Sarasota-Bradenton, FL",metropolitan,2026-07-31,2025-07-31,55714,63749.0,-0.126041,0.029761,351287.0,351287.0,158.59966352298832,871942.0,871942.0,68918.418605,68918.418605,164.0,164.0,366.0,366.0,4.668547370099093,10.418831325952855,0.0,0.0,0.0,53.0,53.0,0.3231707317073171,399765.0,399765.0,2437.5914634146343,2012-10-25,2012-10-25,2023-09-29,2023-09-29,43.0,43.0,2026-07-31,2026-07-31,EDLDB.CDM.CUSTOMER_AGGREGATE_SNAPSHOT,EDLDB.MRCH_SANDBOX.CBSA_ZIPCODE_MAPPING,EDLDB.MRCH_SANDBOX.MEDIAN_HOUSEHOLD_INCOME_ZIPCODE,EDLDB.MRCH_SANDBOX.CLINIC_PROFILE,EDLDB.MRCH_SANDBOX.CBSA_POPULATION,"active_customer_yoy_growth, active_customers_per_1000_households, clinic_orders_per_clinic, clinics_per_10000_households, corporate_clinic_share, practice_hub_clinic_share, veterinarians_per_10000_households",Hypothesis,True,market-attractiveness-synthetic-v1,1.0,SYNTHETIC_COMPLETE,prototype_ready,synthetic_prototype_only
proto:3aeb10a31c,,"Oklahoma City, OK","Oklahoma City, OK",metropolitan,2026-07-31,2025-07-31,54794,64042.0,-0.144405,-0.001649,545019.0,545019.0,100.53594461844449,1429940.0,1429940.0,59587.291667,59587.291667,242.0,242.0,411.0,411.0,4.4402121760892745,7.54102150567228,0.0,0.0,0.0,88.0,88.0,0.36363636363636365,301363.0,301363.0,1245.301652892562,2012-10-19,2012-10-19,2023-11-14,2023-11-14,120.0,120.0,2026-07-31,2026-07-31,EDLDB.CDM.CUSTOMER_AGGREGATE_SNAPSHOT,EDLDB.MRCH_SANDBOX.CBSA_ZIPCODE_MAPPING,EDLDB.MRCH_SANDBOX.MEDIAN_HOUSEHOLD_INCOME_ZIPCODE,EDLDB.MRCH_SANDBOX.CLINIC_PROFILE,EDLDB.MRCH_SANDBOX.CBSA_POPULATION,"active_customer_yoy_growth, active_customers_per_1000_households, clinic_orders_per_clinic, clinics_per_10000_households, corporate_clinic_share, practice_hub_clinic_share, veterinarians_per_10000_households",Hypothesis,True,market-attractiveness-synthetic-v1,1.0,SYNTHETIC_COMPLETE,prototype_ready,synthetic_prototype_only
proto:481761dc92,,"Charleston-North Charleston, SC","Charleston-North Charleston, SC",metropolitan,2026-07-31,2025-07-31,54077,61292.0,-0.117715,0.045976,305396.0,305396.0,177.07173636851826,803475.0,803475.0,57717.102041,57717.102041,135.0,135.0,377.0,377.0,4.420490117748759,12.344627958453941,1.0,1.0,0.007407407407407408,72.0,72.0,0.5333333333333333,367777.0,367777.0,2724.274074074074,2012-10-19,2012-10-19,2023-12-25,2023-12-25,49.0,49.0,2026-07-31,2026-07-31,EDLDB.CDM.CUSTOMER_AGGREGATE_SNAPSHOT,EDLDB.MRCH_SANDBOX.CBSA_ZIPCODE_MAPPING,EDLDB.MRCH_SANDBOX.MEDIAN_HOUSEHOLD_INCOME_ZIPCODE,EDLDB.MRCH_SANDBOX.CLINIC_PROFILE,EDLDB.MRCH_SANDBOX.CBSA_POPULATION,"active_customer_yoy_growth, active_customers_per_1000_households, clinic_orders_per_clinic, clinics_per_10000_households, corporate_clinic_share, practice_hub_clinic_share, veterinarians_per_10000_households",Hypothesis,True,market-attractiveness-synthetic-v1,1.0,SYNTHETIC_COMPLETE,prototype_ready,synthetic_prototype_only
proto:c2a91721e5,,"New Haven-Milford, CT","New Haven-Milford, CT",metropolitan,2026-07-31,2025-07-31,52368,58626.0,-0.106744,0.075668,336364.0,336364.0,155.688480336778,564076.0,564076.0,81155.928571,81155.928571,89.0,89.0,251.0,251.0,2.6459430854669344,7.462154094968546,0.0,0.0,0.0,42.0,42.0,0.47191011235955055,376258.0,376258.0,4227.61797752809,2012-10-19,2012-10-19,2023-11-24,2023-11-24,42.0,42.0,2026-07-31,2026-07-31,EDLDB.CDM.CUSTOMER_AGGREGATE_SNAPSHOT,EDLDB.MRCH_SANDBOX.CBSA_ZIPCODE_MAPPING,EDLDB.MRCH_SANDBOX.MEDIAN_HOUSEHOLD_INCOME_ZIPCODE,EDLDB.MRCH_SANDBOX.CLINIC_PROFILE,EDLDB.MRCH_SANDBOX.CBSA_POPULATION,"active_customer_yoy_growth, active_customers_per_1000_households, clinic_orders_per_clinic, clinics_per_10000_households, corporate_clinic_share, practice_hub_clinic_share, veterinarians_per_10000_households",Hypothesis,True,market-attractiveness-synthetic-v1,1.0,SYNTHETIC_COMPLETE,prototype_ready,synthetic_prototype_only
proto:09cdbabb3f,,"Tucson, AZ","Tucson, AZ",metropolitan,2026-07-31,2025-07-31,51877,59083.0,-0.121964,0.038442,408807.0,408807.0,126.89851201178062,1045175.0,1045175.0,51794.88,51794.88,160.0,160.0,394.0,394.0,3.913827307262351,9.63779974413354,0.0,0.0,0.0,59.0,59.0,0.36875,367501.0,367501.0,2296.88125,2012-11-17,2012-11-17,2023-11-05,2023-11-05,50.0,50.0,2026-07-31,2026-07-31,EDLDB.CDM.CUSTOMER_AGGREGATE_SNAPSHOT,EDLDB.MRCH_SANDBOX.CBSA_ZIPCODE_MAPPING,EDLDB.MRCH_SANDBOX.MEDIAN_HOUSEHOLD_INCOME_ZIPCODE,EDLDB.MRCH_SANDBOX.CLINIC_PROFILE,EDLDB.MRCH_SANDBOX.CBSA_POPULATION,"active_customer_yoy_growth, active_customers_per_1000_households, clinic_orders_per_clinic, clinics_per_10000_households, corporate_clinic_share, practice_hub_clinic_share, veterinarians_per_10000_households",Hypothesis,True,market-attractiveness-synthetic-v1,1.0,SYNTHETIC_COMPLETE,prototype_ready,synthetic_prototype_only
proto:57f570f55a,,"Madison, WI","Madison, WI",metropolitan,2026-07-31,2025-07-31,51351,56756.0,-0.095232,0.113861,309211.0,309211.0,166.07106474219867,747686.0,747686.0,68391.353659,68391.353659,175.0,175.0,406.0,406.0,5.659565798111969,13.130192651619767,1.0,1.0,0.005714285714285714,61.0,61.0,0.3485714285714286,290598.0,290598.0,1660.56,2012-10-21,2012-10-21,2023-11-14,2023-11-14,82.0,82.0,2026-07-31,2026-07-31,EDLDB.CDM.CUSTOMER_AGGREGATE_SNAPSHOT,EDLDB.MRCH_SANDBOX.CBSA_ZIPCODE_MAPPING,EDLDB.MRCH_SANDBOX.MEDIAN_HOUSEHOLD_INCOME_ZIPCODE,EDLDB.MRCH_SANDBOX.CLINIC_PROFILE,EDLDB.MRCH_SANDBOX.CBSA_POPULATION,"active_customer_yoy_growth, active_customers_per_1000_households, clinic_orders_per_clinic, clinics_per_10000_households, corporate_clinic_share, practice_hub_clinic_share, veterinarians_per_10000_households",Hypothesis,True,market-attractiveness-synthetic-v1,1.0,SYNTHETIC_COMPLETE,prototype_ready,synthetic_prototype_only
proto:cf7ffed358,,"Greenville-Anderson, SC","Greenville-Anderson, SC",metropolitan,2026-07-31,2025-07-31,50587,59099.0,-0.14403,-0.000669,374281.0,374281.0,135.15780923958204,930762.0,930762.0,51421.839286,51421.839286,124.0,124.0,329.0,329.0,3.313018828099743,8.79018705197432,0.0,0.0,0.0,57.0,57.0,0.4596774193548387,308577.0,308577.0,2488.5241935483873,2012-10-25,2012-10-25,2023-11-25,2023-11-25,56.0,56.0,2026-07-31,2026-07-31,EDLDB.CDM.CUSTOMER_AGGREGATE_SNAPSHOT,EDLDB.MRCH_SANDBOX.CBSA_ZIPCODE_MAPPING,EDLDB.MRCH_SANDBOX.MEDIAN_HOUSEHOLD_INCOME_ZIPCODE,EDLDB.MRCH_SANDBOX.CLINIC_PROFILE,EDLDB.MRCH_SANDBOX.CBSA_POPULATION,"active_customer_yoy_growth, active_customers_per_1000_households, clinic_orders_per_clinic, clinics_per_10000_households, corporate_clinic_share, practice_hub_clinic_share, veterinarians_per_10000_households",Hypothesis,True,market-attractiveness-synthetic-v1,1.0,SYNTHETIC_COMPLETE,prototype_ready,synthetic_prototype_only
proto:a994842a7b,,"Omaha-Council Bluffs, NE-IA","Omaha-Council Bluffs, NE-IA",metropolitan,2026-07-31,2025-07-31,49765,56314.0,-0.116294,0.049704,385320.0,385320.0,129.15239281636042,1006262.0,1006262.0,68865.407407,68865.407407,133.0,133.0,395.0,395.0,3.4516765285996054,10.251219765389807,0.0,0.0,0.0,44.0,44.0,0.3308270676691729,333434.0,333434.0,2507.0225563909776,2012-11-29,2012-11-29,2023-10-24,2023-10-24,135.0,135.0,2026-07-31,2026-07-31,EDLDB.CDM.CUSTOMER_AGGREGATE_SNAPSHOT,EDLDB.MRCH_SANDBOX.CBSA_ZIPCODE_MAPPING,EDLDB.MRCH_SANDBOX.MEDIAN_HOUSEHOLD_INCOME_ZIPCODE,EDLDB.MRCH_SANDBOX.CLINIC_PROFILE,EDLDB.MRCH_SANDBOX.CBSA_POPULATION,"active_customer_yoy_growth, active_customers_per_1000_households, clinic_orders_per_clinic, clinics_per_10000_households, corporate_clinic_share, practice_hub_clinic_share, veterinarians_per_10000_households",Hypothesis,True,market-attractiveness-synthetic-v1,1.0,SYNTHETIC_COMPLETE,prototype_ready,synthetic_prototype_only
proto:6aadb7bbb5,,"Syracuse, NY","Syracuse, NY",metropolitan,2026-07-31,2025-07-31,49379,56327.0,-0.123351,0.034862,288136.0,288136.0,171.37393453091596,735703.0,735703.0,59866.897959,59866.897959,67.0,67.0,194.0,194.0,2.325290834883527,6.7329316711552885,0.0,0.0,0.0,18.0,18.0,0.26865671641791045,193334.0,193334.0,2885.582089552239,2012-10-22,2012-10-22,2023-08-29,2023-08-29,98.0,98.0,2026-07-31,2026-07-31,EDLDB.CDM.CUSTOMER_AGGREGATE_SNAPSHOT,EDLDB.MRCH_SANDBOX.CBSA_ZIPCODE_MAPPING,EDLDB.MRCH_SANDBOX.MEDIAN_HOUSEHOLD_INCOME_ZIPCODE,EDLDB.MRCH_SANDBOX.CLINIC_PROFILE,EDLDB.MRCH_SANDBOX.CBSA_POPULATION,"active_customer_yoy_growth, active_customers_per_1000_households, clinic_orders_per_clinic, clinics_per_10000_households, corporate_clinic_share, practice_hub_clinic_share, veterinarians_per_10000_households",Hypothesis,True,market-attractiveness-synthetic-v1,1.0,SYNTHETIC_COMPLETE,prototype_ready,synthetic_prototype_only
proto:1809f24eee,,"Dayton-Kettering, OH","Dayton-Kettering, OH",metropolitan,2026-07-31,2025-07-31,48582,55522.0,-0.124995,0.03243,357640.0,357640.0,135.840510010066,862355.0,862355.0,62194.58209,62194.58209,95.0,95.0,248.0,248.0,2.656302427021586,6.934347388435298,0.0,0.0,0.0,28.0,28.0,0.29473684210526313,199274.0,199274.0,2097.621052631579,2012-10-18,2012-10-18,2023-10-29,2023-10-29,67.0,67.0,2026-07-31,2026-07-31,EDLDB.CDM.CUSTOMER_AGGREGATE_SNAPSHOT,EDLDB.MRCH_SANDBOX.CBSA_ZIPCODE_MAPPING,EDLDB.MRCH_SANDBOX.MEDIAN_HOUSEHOLD_INCOME_ZIPCODE,EDLDB.MRCH_SANDBOX.CLINIC_PROFILE,EDLDB.MRCH_SANDBOX.CBSA_POPULATION,"active_customer_yoy_growth, active_customers_per_1000_households, clinic_orders_per_clinic, clinics_per_10000_households, corporate_clinic_share, practice_hub_clinic_share, veterinarians_per_10000_households",Hypothesis,True,market-attractiveness-synthetic-v1,1.0,SYNTHETIC_COMPLETE,prototype_ready,synthetic_prototype_only
proto:fe1b6b0a14,,"Harrisburg-Carlisle, PA","Harrisburg-Carlisle, PA",metropolitan,2026-07-31,2025-07-31,47739,53366.0,-0.105442,0.080092,244317.0,244317.0,195.39778238927295,592793.0,592793.0,59045.080645,59045.080645,78.0,78.0,206.0,206.0,3.1925735826815163,8.43166869272298,0.0,0.0,0.0,25.0,25.0,0.32051282051282054,265309.0,265309.0,3401.397435897436,2012-10-18,2012-10-18,2023-11-13,2023-11-13,62.0,62.0,2026-07-31,2026-07-31,EDLDB.CDM.CUSTOMER_AGGREGATE_SNAPSHOT,EDLDB.MRCH_SANDBOX.CBSA_ZIPCODE_MAPPING,EDLDB.MRCH_SANDBOX.MEDIAN_HOUSEHOLD_INCOME_ZIPCODE,EDLDB.MRCH_SANDBOX.CLINIC_PROFILE,EDLDB.MRCH_SANDBOX.CBSA_POPULATION,"active_customer_yoy_growth, active_customers_per_1000_households, clinic_orders_per_clinic, clinics_per_10000_households, corporate_clinic_share, practice_hub_clinic_share, veterinarians_per_10000_households",Hypothesis,True,market-attractiveness-synthetic-v1,1.0,SYNTHETIC_COMPLETE,prototype_ready,synthetic_prototype_only
proto:6994648ded,,"Poughkeepsie-Newburgh-Middletown, NY","Poughkeepsie-Newburgh-Middletown, NY",metropolitan,2026-07-31,2025-07-31,46665,52363.0,-0.108817,0.070255,242792.0,242792.0,192.20155524069983,,611859.0,78716.674699,78716.674699,108.0,108.0,213.0,213.0,4.448252001713401,8.772941447823651,0.0,0.0,0.0,40.0,40.0,0.37037037037037035,277078.0,277078.0,2565.537037037037,2012-10-18,2012-10-18,2023-10-23,2023-10-23,83.0,83.0,2026-07-31,2026-07-31,EDLDB.CDM.CUSTOMER_AGGREGATE_SNAPSHOT,EDLDB.MRCH_SANDBOX.CBSA_ZIPCODE_MAPPING,EDLDB.MRCH_SANDBOX.MEDIAN_HOUSEHOLD_INCOME_ZIPCODE,EDLDB.MRCH_SANDBOX.CLINIC_PROFILE,EDLDB.MRCH_SANDBOX.CBSA_POPULATION,"active_customer_yoy_growth, active_customers_per_1000_households, clinic_orders_per_clinic, clinics_per_10000_households, corporate_clinic_share, practice_hub_clinic_share, total_population, veterinarians_per_10000_households",Hypothesis,True,market-attractiveness-synthetic-v1,1.0,SYNTHETIC_COMPLETE,prototype_ready,synthetic_prototype_only
proto:57df226be0,,"Salt Lake City, UT","Salt Lake City, UT",metropolitan,2026-07-31,2025-07-31,46526,53239.0,-0.126092,0.029495,403442.0,403442.0,115.32264860872195,1260338.0,1260338.0,72624.355556,72624.355556,104.0,104.0,272.0,272.0,2.577817877166978,6.741985217205944,0.0,0.0,0.0,46.0,46.0,0.4423076923076923,262452.0,262452.0,2523.576923076923,2012-12-29,2012-12-29,2023-07-25,2023-07-25,45.0,45.0,2026-07-31,2026-07-31,EDLDB.CDM.CUSTOMER_AGGREGATE_SNAPSHOT,EDLDB.MRCH_SANDBOX.CBSA_ZIPCODE_MAPPING,EDLDB.MRCH_SANDBOX.MEDIAN_HOUSEHOLD_INCOME_ZIPCODE,EDLDB.MRCH_SANDBOX.CLINIC_PROFILE,EDLDB.MRCH_SANDBOX.CBSA_POPULATION,"active_customer_yoy_growth, active_customers_per_1000_households, clinic_orders_per_clinic, clinics_per_10000_households, corporate_clinic_share, practice_hub_clinic_share, veterinarians_per_10000_households",Hypothesis,True,market-attractiveness-synthetic-v1,1.0,SYNTHETIC_COMPLETE,prototype_ready,synthetic_prototype_only
proto:7e698b57b1,,"Scranton--Wilkes-Barre, PA","Scranton--Wilkes-Barre, PA",metropolitan,2026-07-31,2025-07-31,46253,51881.0,-0.108479,0.07179,238517.0,238517.0,193.91909172092556,566788.0,566788.0,55426.051282,55426.051282,69.0,69.0,132.0,132.0,2.892875560232604,5.534196723923242,0.0,0.0,0.0,18.0,18.0,0.2608695652173913,215662.0,215662.0,3125.536231884058,2012-11-01,2012-11-01,2023-06-23,2023-06-23,78.0,78.0,2026-07-31,2026-07-31,EDLDB.CDM.CUSTOMER_AGGREGATE_SNAPSHOT,EDLDB.MRCH_SANDBOX.CBSA_ZIPCODE_MAPPING,EDLDB.MRCH_SANDBOX.MEDIAN_HOUSEHOLD_INCOME_ZIPCODE,EDLDB.MRCH_SANDBOX.CLINIC_PROFILE,EDLDB.MRCH_SANDBOX.CBSA_POPULATION,"active_customer_yoy_growth, active_customers_per_1000_households, clinic_orders_per_clinic, clinics_per_10000_households, corporate_clinic_share, practice_hub_clinic_share, veterinarians_per_10000_households",Hypothesis,True,market-attractiveness-synthetic-v1,1.0,SYNTHETIC_COMPLETE,prototype_ready,synthetic_prototype_only
proto:fe334ffd95,,"New Orleans-Metairie, LA","New Orleans-Metairie, LA",metropolitan,2026-07-31,2025-07-31,46117,53125.0,-0.131915,0.01757,501954.0,501954.0,91.87495268490737,1050638.0,1050638.0,52643.883721,52643.883721,197.0,197.0,459.0,459.0,3.924662419265511,9.144264215446036,1.0,1.0,0.005076142131979695,65.0,65.0,0.3299492385786802,303240.0,303240.0,1539.2893401015228,2012-10-18,2012-10-18,2023-12-30,2023-12-30,86.0,86.0,2026-07-31,2026-07-31,EDLDB.CDM.CUSTOMER_AGGREGATE_SNAPSHOT,EDLDB.MRCH_SANDBOX.CBSA_ZIPCODE_MAPPING,EDLDB.MRCH_SANDBOX.MEDIAN_HOUSEHOLD_INCOME_ZIPCODE,EDLDB.MRCH_SANDBOX.CLINIC_PROFILE,EDLDB.MRCH_SANDBOX.CBSA_POPULATION,"active_customer_yoy_growth, active_customers_per_1000_households, clinic_orders_per_clinic, clinics_per_10000_households, corporate_clinic_share, practice_hub_clinic_share, veterinarians_per_10000_households",Hypothesis,True,market-attractiveness-synthetic-v1,1.0,SYNTHETIC_COMPLETE,prototype_ready,synthetic_prototype_only
proto:198f959ddd,,"Akron, OH","Akron, OH",metropolitan,2026-07-31,2025-07-31,45449,51659.0,-0.120211,0.040983,294235.0,294235.0,154.46496847757746,701674.0,701674.0,57983.081633,57983.081633,98.0,98.0,295.0,295.0,3.330671062246164,10.025999626149167,0.0,0.0,0.0,31.0,31.0,0.3163265306122449,260312.0,260312.0,2656.2448979591836,2012-10-22,2012-10-22,2023-07-14,2023-07-14,49.0,49.0,2026-07-31,2026-07-31,EDLDB.CDM.CUSTOMER_AGGREGATE_SNAPSHOT,EDLDB.MRCH_SANDBOX.CBSA_ZIPCODE_MAPPING,EDLDB.MRCH_SANDBOX.MEDIAN_HOUSEHOLD_INCOME_ZIPCODE,EDLDB.MRCH_SANDBOX.CLINIC_PROFILE,EDLDB.MRCH_SANDBOX.CBSA_POPULATION,"active_customer_yoy_growth, active_customers_per_1000_households, clinic_orders_per_clinic, clinics_per_10000_households, corporate_clinic_share, practice_hub_clinic_share, veterinarians_per_10000_households",Hypothesis,True,market-attractiveness-synthetic-v1,1.0,SYNTHETIC_COMPLETE,prototype_ready,synthetic_prototype_only
proto:abbe4a6fd8,,"Springfield, MA","Springfield, MA",metropolitan,2026-07-31,2025-07-31,45357,50631.0,-0.104165,0.084506,271046.0,271046.0,167.3405990127137,464311.0,464311.0,65269.870968,65269.870968,98.0,98.0,222.0,222.0,3.615622440471359,8.190491650863692,0.0,0.0,0.0,32.0,32.0,0.32653061224489793,265892.0,265892.0,2713.183673469388,2012-10-17,2012-10-17,2023-11-28,2023-11-28,93.0,93.0,2026-07-31,2026-07-31,EDLDB.CDM.CUSTOMER_AGGREGATE_SNAPSHOT,EDLDB.MRCH_SANDBOX.CBSA_ZIPCODE_MAPPING,EDLDB.MRCH_SANDBOX.MEDIAN_HOUSEHOLD_INCOME_ZIPCODE,EDLDB.MRCH_SANDBOX.CLINIC_PROFILE,EDLDB.MRCH_SANDBOX.CBSA_POPULATION,"active_customer_yoy_growth, active_customers_per_1000_households, clinic_orders_per_clinic, clinics_per_10000_households, corporate_clinic_share, practice_hub_clinic_share, veterinarians_per_10000_households",Hypothesis,True,market-attractiveness-synthetic-v1,1.0,SYNTHETIC_COMPLETE,prototype_ready,synthetic_prototype_only
proto:72303a3cbe,,"Colorado Springs, CO","Colorado Springs, CO",metropolitan,2026-07-31,2025-07-31,44815,51159.0,-0.124006,0.034319,274191.0,274191.0,163.44446024851288,757128.0,757128.0,73107.734694,73107.734694,143.0,143.0,338.0,338.0,5.215342589654656,12.327173393729188,0.0,0.0,0.0,62.0,62.0,0.43356643356643354,277066.0,277066.0,1937.5244755244755,2012-11-12,2012-11-12,2023-09-25,2023-09-25,49.0,49.0,2026-07-31,2026-07-31,EDLDB.CDM.CUSTOMER_AGGREGATE_SNAPSHOT,EDLDB.MRCH_SANDBOX.CBSA_ZIPCODE_MAPPING,EDLDB.MRCH_SANDBOX.MEDIAN_HOUSEHOLD_INCOME_ZIPCODE,EDLDB.MRCH_SANDBOX.CLINIC_PROFILE,EDLDB.MRCH_SANDBOX.CBSA_POPULATION,"active_customer_yoy_growth, active_customers_per_1000_households, clinic_orders_per_clinic, clinics_per_10000_households, corporate_clinic_share, practice_hub_clinic_share, veterinarians_per_10000_households",Hypothesis,True,market-attractiveness-synthetic-v1,1.0,SYNTHETIC_COMPLETE,prototype_ready,synthetic_prototype_only
proto:d6ed782b92,,"Deltona-Daytona Beach-Ormond Beach, FL","Deltona-Daytona Beach-Ormond Beach, FL",metropolitan,2026-07-31,2025-07-31,43308,50292.0,-0.138869,0.008444,267957.0,267957.0,161.6229469653713,671804.0,671804.0,54181.290323,54181.290323,117.0,117.0,270.0,270.0,4.3663722164377115,10.07624357639472,0.0,0.0,0.0,37.0,37.0,0.3162393162393162,247558.0,247558.0,2115.880341880342,2012-10-21,2012-10-21,2023-11-25,2023-11-25,31.0,31.0,2026-07-31,2026-07-31,EDLDB.CDM.CUSTOMER_AGGREGATE_SNAPSHOT,EDLDB.MRCH_SANDBOX.CBSA_ZIPCODE_MAPPING,EDLDB.MRCH_SANDBOX.MEDIAN_HOUSEHOLD_INCOME_ZIPCODE,EDLDB.MRCH_SANDBOX.CLINIC_PROFILE,EDLDB.MRCH_SANDBOX.CBSA_POPULATION,"active_customer_yoy_growth, active_customers_per_1000_households, clinic_orders_per_clinic, clinics_per_10000_households, corporate_clinic_share, practice_hub_clinic_share, veterinarians_per_10000_households",Hypothesis,True,market-attractiveness-synthetic-v1,1.0,SYNTHETIC_COMPLETE,prototype_ready,synthetic_prototype_only
proto:6da1b12330,,"Cape Coral-Fort Myers, FL","Cape Coral-Fort Myers, FL",metropolitan,2026-07-31,2025-07-31,42877,48991.0,-0.124798,0.033237,288349.0,288349.0,148.69827882184435,765547.0,765547.0,58045.388889,58045.388889,132.0,132.0,304.0,304.0,4.577785946890747,10.54277975647566,0.0,0.0,0.0,47.0,47.0,0.3560606060606061,256063.0,256063.0,1939.871212121212,2012-10-19,2012-10-19,2023-11-25,2023-11-25,36.0,36.0,2026-07-31,2026-07-31,EDLDB.CDM.CUSTOMER_AGGREGATE_SNAPSHOT,EDLDB.MRCH_SANDBOX.CBSA_ZIPCODE_MAPPING,EDLDB.MRCH_SANDBOX.MEDIAN_HOUSEHOLD_INCOME_ZIPCODE,EDLDB.MRCH_SANDBOX.CLINIC_PROFILE,EDLDB.MRCH_SANDBOX.CBSA_POPULATION,"active_customer_yoy_growth, active_customers_per_1000_households, clinic_orders_per_clinic, clinics_per_10000_households, corporate_clinic_share, practice_hub_clinic_share, veterinarians_per_10000_households",Hypothesis,True,market-attractiveness-synthetic-v1,1.0,SYNTHETIC_COMPLETE,prototype_ready,synthetic_prototype_only
proto:0faff24a68,,"Asheville, NC","Asheville, NC",metropolitan,2026-07-31,2025-07-31,42870,49143.0,-0.127648,0.02632,221287.0,221287.0,193.73031402658086,407563.0,407563.0,53128.227273,53128.227273,108.0,108.0,294.0,294.0,4.880539751544375,13.28591376809302,0.0,0.0,0.0,39.0,39.0,0.3611111111111111,272375.0,272375.0,2521.990740740741,2012-10-25,2012-10-25,2023-12-11,2023-12-11,44.0,44.0,2026-07-31,2026-07-31,EDLDB.CDM.CUSTOMER_AGGREGATE_SNAPSHOT,EDLDB.MRCH_SANDBOX.CBSA_ZIPCODE_MAPPING,EDLDB.MRCH_SANDBOX.MEDIAN_HOUSEHOLD_INCOME_ZIPCODE,EDLDB.MRCH_SANDBOX.CLINIC_PROFILE,EDLDB.MRCH_SANDBOX.CBSA_POPULATION,"active_customer_yoy_growth, active_customers_per_1000_households, clinic_orders_per_clinic, clinics_per_10000_households, corporate_clinic_share, practice_hub_clinic_share, veterinarians_per_10000_households",Hypothesis,True,market-attractiveness-synthetic-v1,1.0,SYNTHETIC_COMPLETE,prototype_ready,synthetic_prototype_only
proto:d5a442d6f4,,"Durham-Chapel Hill, NC","Durham-Chapel Hill, NC",metropolitan,2026-07-31,2025-07-31,41686,46636.0,-0.106141,0.076868,253982.0,253982.0,164.1297414777425,648454.0,648454.0,63750.184211,63750.184211,128.0,128.0,309.0,309.0,5.0397272247639595,12.166216503531746,1.0,1.0,0.0078125,45.0,45.0,0.3515625,292171.0,292171.0,2282.5859375,2012-10-23,2012-10-23,2023-12-29,2023-12-29,38.0,38.0,2026-07-31,2026-07-31,EDLDB.CDM.CUSTOMER_AGGREGATE_SNAPSHOT,EDLDB.MRCH_SANDBOX.CBSA_ZIPCODE_MAPPING,EDLDB.MRCH_SANDBOX.MEDIAN_HOUSEHOLD_INCOME_ZIPCODE,EDLDB.MRCH_SANDBOX.CLINIC_PROFILE,EDLDB.MRCH_SANDBOX.CBSA_POPULATION,"active_customer_yoy_growth, active_customers_per_1000_households, clinic_orders_per_clinic, clinics_per_10000_households, corporate_clinic_share, practice_hub_clinic_share, veterinarians_per_10000_households",Hypothesis,True,market-attractiveness-synthetic-v1,1.0,SYNTHETIC_COMPLETE,prototype_ready,synthetic_prototype_only
proto:2e98f9da75,,"Myrtle Beach-Conway-North Myrtle Beach, SC-NC","Myrtle Beach-Conway-North Myrtle Beach, SC-NC",metropolitan,2026-07-31,2025-07-31,40883,47359.0,-0.136743,0.011837,202873.0,202873.0,201.52016286050878,353765.0,353765.0,52545.133333,52545.133333,65.0,65.0,203.0,203.0,3.2039749005535483,10.006260074036467,0.0,0.0,0.0,19.0,19.0,0.2923076923076923,235573.0,235573.0,3624.2,2012-10-31,2012-10-31,2023-10-21,2023-10-21,30.0,30.0,2026-07-31,2026-07-31,EDLDB.CDM.CUSTOMER_AGGREGATE_SNAPSHOT,EDLDB.MRCH_SANDBOX.CBSA_ZIPCODE_MAPPING,EDLDB.MRCH_SANDBOX.MEDIAN_HOUSEHOLD_INCOME_ZIPCODE,EDLDB.MRCH_SANDBOX.CLINIC_PROFILE,EDLDB.MRCH_SANDBOX.CBSA_POPULATION,"active_customer_yoy_growth, active_customers_per_1000_households, clinic_orders_per_clinic, clinics_per_10000_households, corporate_clinic_share, practice_hub_clinic_share, veterinarians_per_10000_households",Hypothesis,True,market-attractiveness-synthetic-v1,1.0,SYNTHETIC_COMPLETE,prototype_ready,synthetic_prototype_only
proto:dd29ed9041,,"Palm Bay-Melbourne-Titusville, FL","Palm Bay-Melbourne-Titusville, FL",metropolitan,2026-07-31,2025-07-31,40862,46733.0,-0.125629,0.031359,236222.0,236222.0,172.98134805394923,608775.0,608775.0,61957.814815,61957.814815,91.0,91.0,229.0,229.0,3.852308421738873,9.694270643716504,0.0,0.0,0.0,33.0,33.0,0.3626373626373626,311583.0,311583.0,3423.989010989011,2012-10-21,2012-10-21,2023-07-13,2023-07-13,27.0,27.0,2026-07-31,2026-07-31,EDLDB.CDM.CUSTOMER_AGGREGATE_SNAPSHOT,EDLDB.MRCH_SANDBOX.CBSA_ZIPCODE_MAPPING,EDLDB.MRCH_SANDBOX.MEDIAN_HOUSEHOLD_INCOME_ZIPCODE,EDLDB.MRCH_SANDBOX.CLINIC_PROFILE,EDLDB.MRCH_SANDBOX.CBSA_POPULATION,"active_customer_yoy_growth, active_customers_per_1000_households, clinic_orders_per_clinic, clinics_per_10000_households, corporate_clinic_share, practice_hub_clinic_share, veterinarians_per_10000_households",Hypothesis,True,market-attractiveness-synthetic-v1,1.0,SYNTHETIC_COMPLETE,prototype_ready,synthetic_prototype_only
proto:506dc6ebea,,"Birmingham-Hoover, AL","Birmingham-Hoover, AL",metropolitan,2026-07-31,2025-07-31,40476,47030.0,-0.139358,0.007578,441909.0,441909.0,91.5935181225094,1279478.0,1279478.0,51922.017857,51922.017857,158.0,158.0,321.0,321.0,3.575396744578635,7.263938955757859,1.0,1.0,0.006329113924050633,56.0,56.0,0.35443037974683544,260027.0,260027.0,1645.740506329114,2012-10-19,2012-10-19,2023-10-10,2023-10-10,112.0,112.0,2026-07-31,2026-07-31,EDLDB.CDM.CUSTOMER_AGGREGATE_SNAPSHOT,EDLDB.MRCH_SANDBOX.CBSA_ZIPCODE_MAPPING,EDLDB.MRCH_SANDBOX.MEDIAN_HOUSEHOLD_INCOME_ZIPCODE,EDLDB.MRCH_SANDBOX.CLINIC_PROFILE,EDLDB.MRCH_SANDBOX.CBSA_POPULATION,"active_customer_yoy_growth, active_customers_per_1000_households, clinic_orders_per_clinic, clinics_per_10000_households, corporate_clinic_share, practice_hub_clinic_share, veterinarians_per_10000_households",Hypothesis,True,market-attractiveness-synthetic-v1,1.0,SYNTHETIC_COMPLETE,prototype_ready,synthetic_prototype_only
proto:54eb9e13bf,,"Oxnard-Thousand Oaks-Ventura, CA","Oxnard-Thousand Oaks-Ventura, CA",metropolitan,2026-07-31,2025-07-31,40076,45228.0,-0.113912,0.056101,273538.0,273538.0,146.5098085092382,843371.0,843371.0,82089.185185,82089.185185,139.0,139.0,295.0,295.0,5.081560880023982,10.78460762307248,0.0,0.0,0.0,51.0,51.0,0.3669064748201439,319169.0,319169.0,2296.179856115108,2012-10-30,2012-10-30,2023-11-16,2023-11-16,27.0,27.0,2026-07-31,2026-07-31,EDLDB.CDM.CUSTOMER_AGGREGATE_SNAPSHOT,EDLDB.MRCH_SANDBOX.CBSA_ZIPCODE_MAPPING,EDLDB.MRCH_SANDBOX.MEDIAN_HOUSEHOLD_INCOME_ZIPCODE,EDLDB.MRCH_SANDBOX.CLINIC_PROFILE,EDLDB.MRCH_SANDBOX.CBSA_POPULATION,"active_customer_yoy_growth, active_customers_per_1000_households, clinic_orders_per_clinic, clinics_per_10000_households, corporate_clinic_share, practice_hub_clinic_share, veterinarians_per_10000_households",Hypothesis,True,market-attractiveness-synthetic-v1,1.0,SYNTHETIC_COMPLETE,prototype_ready,synthetic_prototype_only
proto:3eb2f48959,,"Tulsa, OK","Tulsa, OK",metropolitan,2026-07-31,2025-07-31,40016,46657.0,-0.142337,0.001874,435346.0,435346.0,91.91769305334148,1083596.0,1083596.0,51382.8,51382.8,165.0,165.0,365.0,365.0,3.7900888029291644,8.384135836782697,0.0,0.0,0.0,49.0,49.0,0.296969696969697,213753.0,213753.0,1295.4727272727273,2012-11-05,2012-11-05,2023-11-06,2023-11-06,110.0,110.0,2026-07-31,2026-07-31,EDLDB.CDM.CUSTOMER_AGGREGATE_SNAPSHOT,EDLDB.MRCH_SANDBOX.CBSA_ZIPCODE_MAPPING,EDLDB.MRCH_SANDBOX.MEDIAN_HOUSEHOLD_INCOME_ZIPCODE,EDLDB.MRCH_SANDBOX.CLINIC_PROFILE,EDLDB.MRCH_SANDBOX.CBSA_POPULATION,"active_customer_yoy_growth, active_customers_per_1000_households, clinic_orders_per_clinic, clinics_per_10000_households, corporate_clinic_share, practice_hub_clinic_share, veterinarians_per_10000_households",Hypothesis,True,market-attractiveness-synthetic-v1,1.0,SYNTHETIC_COMPLETE,prototype_ready,synthetic_prototype_only
proto:c83c0d54e3,,"Boise City, ID","Boise City, ID",metropolitan,2026-07-31,2025-07-31,39418,45131.0,-0.126587,0.02817,272413.0,272413.0,144.69940861853144,770223.0,770223.0,56929.116279,56929.116279,109.0,109.0,294.0,294.0,4.001277472073653,10.792436484308752,0.0,0.0,0.0,40.0,40.0,0.3669724770642202,200163.0,200163.0,1836.3577981651376,2012-12-08,2012-12-08,2023-10-09,2023-10-09,43.0,43.0,2026-07-31,2026-07-31,EDLDB.CDM.CUSTOMER_AGGREGATE_SNAPSHOT,EDLDB.MRCH_SANDBOX.CBSA_ZIPCODE_MAPPING,EDLDB.MRCH_SANDBOX.MEDIAN_HOUSEHOLD_INCOME_ZIPCODE,EDLDB.MRCH_SANDBOX.CLINIC_PROFILE,EDLDB.MRCH_SANDBOX.CBSA_POPULATION,"active_customer_yoy_growth, active_customers_per_1000_households, clinic_orders_per_clinic, clinics_per_10000_households, corporate_clinic_share, practice_hub_clinic_share, veterinarians_per_10000_households",Hypothesis,True,market-attractiveness-synthetic-v1,1.0,SYNTHETIC_COMPLETE,prototype_ready,synthetic_prototype_only
proto:86cd70e432,,"Columbia, SC","Columbia, SC",metropolitan,2026-07-31,2025-07-31,39380,45507.0,-0.134639,0.01432,338373.0,338373.0,116.38044406616368,830137.0,830137.0,49997.103448,49997.103448,113.0,113.0,299.0,299.0,3.3395099490798614,8.836402431636094,0.0,0.0,0.0,43.0,43.0,0.3805309734513274,260361.0,260361.0,2304.079646017699,2012-10-26,2012-10-26,2023-11-17,2023-11-17,58.0,58.0,2026-07-31,2026-07-31,EDLDB.CDM.CUSTOMER_AGGREGATE_SNAPSHOT,EDLDB.MRCH_SANDBOX.CBSA_ZIPCODE_MAPPING,EDLDB.MRCH_SANDBOX.MEDIAN_HOUSEHOLD_INCOME_ZIPCODE,EDLDB.MRCH_SANDBOX.CLINIC_PROFILE,EDLDB.MRCH_SANDBOX.CBSA_POPULATION,"active_customer_yoy_growth, active_customers_per_1000_households, clinic_orders_per_clinic, clinics_per_10000_households, corporate_clinic_share, practice_hub_clinic_share, veterinarians_per_10000_households",Hypothesis,True,market-attractiveness-synthetic-v1,1.0,SYNTHETIC_COMPLETE,prototype_ready,synthetic_prototype_only
proto:bba8603869,,"Des Moines-West Des Moines, IA","Des Moines-West Des Moines, IA",metropolitan,2026-07-31,2025-07-31,38535,43608.0,-0.116332,0.049385,289068.0,289068.0,133.30773382041596,711200.0,711200.0,70624.780952,70624.780952,113.0,113.0,264.0,264.0,3.9091148103560407,9.132799202955706,0.0,0.0,0.0,35.0,35.0,0.30973451327433627,183973.0,183973.0,1628.0796460176991,2012-10-20,2012-10-20,2023-11-23,2023-11-23,105.0,105.0,2026-07-31,2026-07-31,EDLDB.CDM.CUSTOMER_AGGREGATE_SNAPSHOT,EDLDB.MRCH_SANDBOX.CBSA_ZIPCODE_MAPPING,EDLDB.MRCH_SANDBOX.MEDIAN_HOUSEHOLD_INCOME_ZIPCODE,EDLDB.MRCH_SANDBOX.CLINIC_PROFILE,EDLDB.MRCH_SANDBOX.CBSA_POPULATION,"active_customer_yoy_growth, active_customers_per_1000_households, clinic_orders_per_clinic, clinics_per_10000_households, corporate_clinic_share, practice_hub_clinic_share, veterinarians_per_10000_households",Hypothesis,True,market-attractiveness-synthetic-v1,1.0,SYNTHETIC_COMPLETE,prototype_ready,synthetic_prototype_only
proto:9b20e9a999,,"Memphis, TN-MS-AR","Memphis, TN-MS-AR",metropolitan,2026-07-31,2025-07-31,38112,44275.0,-0.139198,0.007867,513158.0,513158.0,74.26952322676448,1346172.0,1346172.0,49936.797753,49936.797753,134.0,134.0,352.0,352.0,2.611281515634561,6.859485772413175,1.0,1.0,0.007462686567164179,60.0,60.0,0.44776119402985076,261243.0,261243.0,1949.5746268656717,2012-10-17,2012-10-17,2023-10-25,2023-10-25,89.0,89.0,2026-07-31,2026-07-31,EDLDB.CDM.CUSTOMER_AGGREGATE_SNAPSHOT,EDLDB.MRCH_SANDBOX.CBSA_ZIPCODE_MAPPING,EDLDB.MRCH_SANDBOX.MEDIAN_HOUSEHOLD_INCOME_ZIPCODE,EDLDB.MRCH_SANDBOX.CLINIC_PROFILE,EDLDB.MRCH_SANDBOX.CBSA_POPULATION,"active_customer_yoy_growth, active_customers_per_1000_households, clinic_orders_per_clinic, clinics_per_10000_households, corporate_clinic_share, practice_hub_clinic_share, veterinarians_per_10000_households",Hypothesis,True,market-attractiveness-synthetic-v1,1.0,SYNTHETIC_COMPLETE,prototype_ready,synthetic_prototype_only
proto:e6dce4da9e,,"York-Hanover, PA","York-Hanover, PA",metropolitan,2026-07-31,2025-07-31,37834,42212.0,-0.103715,0.087908,173306.0,173306.0,218.30750233690696,456720.0,456720.0,73010.051282,73010.051282,60.0,60.0,148.0,148.0,3.4620844056178086,8.539808200523929,0.0,0.0,0.0,16.0,16.0,0.26666666666666666,207958.0,207958.0,3465.9666666666667,2012-10-21,2012-10-21,2023-06-29,2023-06-29,39.0,39.0,2026-07-31,2026-07-31,EDLDB.CDM.CUSTOMER_AGGREGATE_SNAPSHOT,EDLDB.MRCH_SANDBOX.CBSA_ZIPCODE_MAPPING,EDLDB.MRCH_SANDBOX.MEDIAN_HOUSEHOLD_INCOME_ZIPCODE,EDLDB.MRCH_SANDBOX.CLINIC_PROFILE,EDLDB.MRCH_SANDBOX.CBSA_POPULATION,"active_customer_yoy_growth, active_customers_per_1000_households, clinic_orders_per_clinic, clinics_per_10000_households, corporate_clinic_share, practice_hub_clinic_share, veterinarians_per_10000_households",Hypothesis,True,market-attractiveness-synthetic-v1,1.0,SYNTHETIC_COMPLETE,prototype_ready,synthetic_prototype_only
proto:82b916edc7,,"Albuquerque, NM","Albuquerque, NM",metropolitan,2026-07-31,2025-07-31,37528,42172.0,-0.11012,0.066911,356867.0,356867.0,105.15962529457754,917579.0,917579.0,49825.142857,49825.142857,118.0,118.0,289.0,289.0,3.3065539822959256,8.098255092233241,1.0,1.0,0.00847457627118644,35.0,35.0,0.2966101694915254,198373.0,198373.0,1681.1271186440679,2012-11-02,2012-11-02,2023-12-18,2023-12-18,56.0,56.0,2026-07-31,2026-07-31,EDLDB.CDM.CUSTOMER_AGGREGATE_SNAPSHOT,EDLDB.MRCH_SANDBOX.CBSA_ZIPCODE_MAPPING,EDLDB.MRCH_SANDBOX.MEDIAN_HOUSEHOLD_INCOME_ZIPCODE,EDLDB.MRCH_SANDBOX.CLINIC_PROFILE,EDLDB.MRCH_SANDBOX.CBSA_POPULATION,"active_customer_yoy_growth, active_customers_per_1000_households, clinic_orders_per_clinic, clinics_per_10000_households, corporate_clinic_share, practice_hub_clinic_share, veterinarians_per_10000_households",Hypothesis,True,market-attractiveness-synthetic-v1,1.0,SYNTHETIC_COMPLETE,prototype_ready,synthetic_prototype_only
proto:1bd1f09d06,,"Winston-Salem, NC","Winston-Salem, NC",metropolitan,2026-07-31,2025-07-31,37104,42891.0,-0.134923,0.013498,288422.0,288422.0,128.644832918432,748507.0,748507.0,51948.809524,51948.809524,73.0,73.0,159.0,159.0,2.5310135842619497,5.512755615036301,0.0,0.0,0.0,21.0,21.0,0.2876712328767123,161014.0,161014.0,2205.671232876712,2012-10-18,2012-10-18,2023-06-27,2023-06-27,42.0,42.0,2026-07-31,2026-07-31,EDLDB.CDM.CUSTOMER_AGGREGATE_SNAPSHOT,EDLDB.MRCH_SANDBOX.CBSA_ZIPCODE_MAPPING,EDLDB.MRCH_SANDBOX.MEDIAN_HOUSEHOLD_INCOME_ZIPCODE,EDLDB.MRCH_SANDBOX.CLINIC_PROFILE,EDLDB.MRCH_SANDBOX.CBSA_POPULATION,"active_customer_yoy_growth, active_customers_per_1000_households, clinic_orders_per_clinic, clinics_per_10000_households, corporate_clinic_share, practice_hub_clinic_share, veterinarians_per_10000_households",Hypothesis,True,market-attractiveness-synthetic-v1,1.0,SYNTHETIC_COMPLETE,prototype_ready,synthetic_prototype_only
proto:0d86165834,,"Lancaster, PA","Lancaster, PA",metropolitan,2026-07-31,2025-07-31,35265,39427.0,-0.105562,0.079418,204164.0,204164.0,172.72878666170334,552821.0,552821.0,67852.333333,67852.333333,70.0,70.0,195.0,195.0,3.4286162104974434,9.551145157814307,0.0,0.0,0.0,23.0,23.0,0.32857142857142857,224726.0,224726.0,3210.3714285714286,2012-10-30,2012-10-30,2023-10-01,2023-10-01,48.0,48.0,2026-07-31,2026-07-31,EDLDB.CDM.CUSTOMER_AGGREGATE_SNAPSHOT,EDLDB.MRCH_SANDBOX.CBSA_ZIPCODE_MAPPING,EDLDB.MRCH_SANDBOX.MEDIAN_HOUSEHOLD_INCOME_ZIPCODE,EDLDB.MRCH_SANDBOX.CLINIC_PROFILE,EDLDB.MRCH_SANDBOX.CBSA_POPULATION,"active_customer_yoy_growth, active_customers_per_1000_households, clinic_orders_per_clinic, clinics_per_10000_households, corporate_clinic_share, practice_hub_clinic_share, veterinarians_per_10000_households",Hypothesis,True,market-attractiveness-synthetic-v1,1.0,SYNTHETIC_COMPLETE,prototype_ready,synthetic_prototype_only
proto:4e8e17793a,,"Greensboro-High Point, NC","Greensboro-High Point, NC",metropolitan,2026-07-31,2025-07-31,35240,40512.0,-0.130134,0.021036,315221.0,315221.0,111.79458221374846,774941.0,774941.0,56816.954545,56816.954545,109.0,109.0,229.0,229.0,3.4578914475875657,7.264744417408739,1.0,1.0,0.009174311926605505,35.0,35.0,0.3211009174311927,187963.0,187963.0,1724.4311926605506,2012-10-20,2012-10-20,2023-08-21,2023-08-21,44.0,44.0,2026-07-31,2026-07-31,EDLDB.CDM.CUSTOMER_AGGREGATE_SNAPSHOT,EDLDB.MRCH_SANDBOX.CBSA_ZIPCODE_MAPPING,EDLDB.MRCH_SANDBOX.MEDIAN_HOUSEHOLD_INCOME_ZIPCODE,EDLDB.MRCH_SANDBOX.CLINIC_PROFILE,EDLDB.MRCH_SANDBOX.CBSA_POPULATION,"active_customer_yoy_growth, active_customers_per_1000_households, clinic_orders_per_clinic, clinics_per_10000_households, corporate_clinic_share, practice_hub_clinic_share, veterinarians_per_10000_households",Hypothesis,True,market-attractiveness-synthetic-v1,1.0,SYNTHETIC_COMPLETE,prototype_ready,synthetic_prototype_only
proto:23df27e3f5,,"Manchester-Nashua, NH","Manchester-Nashua, NH",metropolitan,2026-07-31,2025-07-31,34919,39127.0,-0.107547,0.074512,170742.0,170742.0,204.5132422016844,422913.0,422913.0,90275.810811,90275.810811,62.0,62.0,180.0,180.0,3.6312096613604155,10.542221597497978,1.0,1.0,0.016129032258064516,15.0,15.0,0.24193548387096775,189996.0,189996.0,3064.451612903226,2012-10-19,2012-10-19,2023-12-21,2023-12-21,37.0,37.0,2026-07-31,2026-07-31,EDLDB.CDM.CUSTOMER_AGGREGATE_SNAPSHOT,EDLDB.MRCH_SANDBOX.CBSA_ZIPCODE_MAPPING,EDLDB.MRCH_SANDBOX.MEDIAN_HOUSEHOLD_INCOME_ZIPCODE,EDLDB.MRCH_SANDBOX.CLINIC_PROFILE,EDLDB.MRCH_SANDBOX.CBSA_POPULATION,"active_customer_yoy_growth, active_customers_per_1000_households, clinic_orders_per_clinic, clinics_per_10000_households, corporate_clinic_share, practice_hub_clinic_share, veterinarians_per_10000_households",Hypothesis,True,market-attractiveness-synthetic-v1,1.0,SYNTHETIC_COMPLETE,prototype_ready,synthetic_prototype_only
proto:d19b51fea8,,"Toledo, OH","Toledo, OH",metropolitan,2026-07-31,2025-07-31,34050,39054.0,-0.12813,0.024736,301694.0,301694.0,112.86270194302836,664617.0,664617.0,60301.204545,60301.204545,64.0,64.0,134.0,134.0,2.121354750177332,4.441586508183789,0.0,0.0,0.0,21.0,21.0,0.328125,103902.0,103902.0,1623.46875,2012-10-25,2012-10-25,2023-08-28,2023-08-28,88.0,88.0,2026-07-31,2026-07-31,EDLDB.CDM.CUSTOMER_AGGREGATE_SNAPSHOT,EDLDB.MRCH_SANDBOX.CBSA_ZIPCODE_MAPPING,EDLDB.MRCH_SANDBOX.MEDIAN_HOUSEHOLD_INCOME_ZIPCODE,EDLDB.MRCH_SANDBOX.CLINIC_PROFILE,EDLDB.MRCH_SANDBOX.CBSA_POPULATION,"active_customer_yoy_growth, active_customers_per_1000_households, clinic_orders_per_clinic, clinics_per_10000_households, corporate_clinic_share, practice_hub_clinic_share, veterinarians_per_10000_households",Hypothesis,True,market-attractiveness-synthetic-v1,1.0,SYNTHETIC_COMPLETE,prototype_ready,synthetic_prototype_only
proto:c0ef562c54,,"Spokane-Spokane Valley, WA","Spokane-Spokane Valley, WA",metropolitan,2026-07-31,2025-07-31,33538,38456.0,-0.127886,0.025528,232254.0,232254.0,144.4022492615843,587766.0,587766.0,58438.365079,58438.365079,82.0,82.0,208.0,208.0,3.5306173413590294,8.955712280520466,0.0,0.0,0.0,21.0,21.0,0.25609756097560976,164535.0,164535.0,2006.5243902439024,2012-10-26,2012-10-26,2023-10-11,2023-10-11,63.0,63.0,2026-07-31,2026-07-31,EDLDB.CDM.CUSTOMER_AGGREGATE_SNAPSHOT,EDLDB.MRCH_SANDBOX.CBSA_ZIPCODE_MAPPING,EDLDB.MRCH_SANDBOX.MEDIAN_HOUSEHOLD_INCOME_ZIPCODE,EDLDB.MRCH_SANDBOX.CLINIC_PROFILE,EDLDB.MRCH_SANDBOX.CBSA_POPULATION,"active_customer_yoy_growth, active_customers_per_1000_households, clinic_orders_per_clinic, clinics_per_10000_households, corporate_clinic_share, practice_hub_clinic_share, veterinarians_per_10000_households",Hypothesis,True,market-attractiveness-synthetic-v1,1.0,SYNTHETIC_COMPLETE,prototype_ready,synthetic_prototype_only
proto:1b89d17e4e,,"Youngstown-Warren-Boardman, OH-PA","Youngstown-Warren-Boardman, OH-PA",metropolitan,2026-07-31,2025-07-31,33487,38946.0,-0.140168,0.00641,252881.0,252881.0,132.42196922663229,429690.0,429690.0,50951.345679,50951.345679,62.0,62.0,138.0,138.0,2.451746078194882,5.457112238562803,1.0,1.0,0.016129032258064516,19.0,19.0,0.3064516129032258,116462.0,116462.0,1878.4193548387098,2012-10-18,2012-10-18,2023-04-09,2023-04-09,81.0,81.0,2026-07-31,2026-07-31,EDLDB.CDM.CUSTOMER_AGGREGATE_SNAPSHOT,EDLDB.MRCH_SANDBOX.CBSA_ZIPCODE_MAPPING,EDLDB.MRCH_SANDBOX.MEDIAN_HOUSEHOLD_INCOME_ZIPCODE,EDLDB.MRCH_SANDBOX.CLINIC_PROFILE,EDLDB.MRCH_SANDBOX.CBSA_POPULATION,"active_customer_yoy_growth, active_customers_per_1000_households, clinic_orders_per_clinic, clinics_per_10000_households, corporate_clinic_share, practice_hub_clinic_share, veterinarians_per_10000_households",Hypothesis,True,market-attractiveness-synthetic-v1,1.0,SYNTHETIC_COMPLETE,prototype_ready,synthetic_prototype_only
proto:8de012659e,,"Lakeland-Winter Haven, FL","Lakeland-Winter Haven, FL",metropolitan,2026-07-31,2025-07-31,33472,40220.0,-0.167777,-0.038833,244051.0,244051.0,137.15166092333158,730158.0,730158.0,48291.128205,48291.128205,71.0,71.0,166.0,166.0,2.9092279892317587,6.801856988908056,1.0,1.0,0.014084507042253521,27.0,27.0,0.38028169014084506,198540.0,198540.0,2796.3380281690143,2012-10-21,2012-10-21,2023-12-09,2023-12-09,39.0,39.0,2026-07-31,2026-07-31,EDLDB.CDM.CUSTOMER_AGGREGATE_SNAPSHOT,EDLDB.MRCH_SANDBOX.CBSA_ZIPCODE_MAPPING,EDLDB.MRCH_SANDBOX.MEDIAN_HOUSEHOLD_INCOME_ZIPCODE,EDLDB.MRCH_SANDBOX.CLINIC_PROFILE,EDLDB.MRCH_SANDBOX.CBSA_POPULATION,"active_customer_yoy_growth, active_customers_per_1000_households, clinic_orders_per_clinic, clinics_per_10000_households, corporate_clinic_share, practice_hub_clinic_share, veterinarians_per_10000_households",Hypothesis,True,market-attractiveness-synthetic-v1,1.0,SYNTHETIC_COMPLETE,prototype_ready,synthetic_prototype_only
proto:6bb808835e,,"Santa Rosa-Petaluma, CA","Santa Rosa-Petaluma, CA",metropolitan,2026-07-31,2025-07-31,32186,35540.0,-0.094373,0.117282,190249.0,190249.0,169.1782874022991,488282.0,488282.0,70200.243243,70200.243243,115.0,115.0,240.0,240.0,6.044709827646926,12.615046596828366,0.0,0.0,0.0,38.0,38.0,0.33043478260869563,244088.0,244088.0,2122.504347826087,2012-11-05,2012-11-05,2023-11-27,2023-11-27,37.0,37.0,2026-07-31,2026-07-31,EDLDB.CDM.CUSTOMER_AGGREGATE_SNAPSHOT,EDLDB.MRCH_SANDBOX.CBSA_ZIPCODE_MAPPING,EDLDB.MRCH_SANDBOX.MEDIAN_HOUSEHOLD_INCOME_ZIPCODE,EDLDB.MRCH_SANDBOX.CLINIC_PROFILE,EDLDB.MRCH_SANDBOX.CBSA_POPULATION,"active_customer_yoy_growth, active_customers_per_1000_households, clinic_orders_per_clinic, clinics_per_10000_households, corporate_clinic_share, practice_hub_clinic_share, veterinarians_per_10000_households",Hypothesis,True,market-attractiveness-synthetic-v1,1.0,SYNTHETIC_COMPLETE,prototype_ready,synthetic_prototype_only
proto:3de72f7bbe,,"Lexington-Fayette, KY","Lexington-Fayette, KY",metropolitan,2026-07-31,2025-07-31,32100,36192.0,-0.113064,0.059807,246114.0,246114.0,130.42736292937417,592884.0,592884.0,57776.15625,57776.15625,134.0,134.0,204.0,204.0,5.4446313496997325,8.288841756259295,2.0,2.0,0.014925373134328358,35.0,35.0,0.26119402985074625,155655.0,155655.0,1161.6044776119404,2012-10-30,2012-10-30,2023-12-12,2023-12-12,32.0,32.0,2026-07-31,2026-07-31,EDLDB.CDM.CUSTOMER_AGGREGATE_SNAPSHOT,EDLDB.MRCH_SANDBOX.CBSA_ZIPCODE_MAPPING,EDLDB.MRCH_SANDBOX.MEDIAN_HOUSEHOLD_INCOME_ZIPCODE,EDLDB.MRCH_SANDBOX.CLINIC_PROFILE,EDLDB.MRCH_SANDBOX.CBSA_POPULATION,"active_customer_yoy_growth, active_customers_per_1000_households, clinic_orders_per_clinic, clinics_per_10000_households, corporate_clinic_share, practice_hub_clinic_share, veterinarians_per_10000_households",Hypothesis,True,market-attractiveness-synthetic-v1,1.0,SYNTHETIC_COMPLETE,prototype_ready,synthetic_prototype_only
proto:b71c97f8c9,,"Reno, NV","Reno, NV",metropolitan,2026-07-31,2025-07-31,31707,35901.0,-0.116821,0.047505,193575.0,193575.0,163.79697791553662,551283.0,551283.0,61814.148148,61814.148148,72.0,72.0,204.0,204.0,3.7194885703215808,10.53855094924448,2.0,2.0,0.027777777777777776,28.0,28.0,0.3888888888888889,206780.0,206780.0,2871.9444444444443,2012-11-24,2012-11-24,2023-11-09,2023-11-09,27.0,27.0,2026-07-31,2026-07-31,EDLDB.CDM.CUSTOMER_AGGREGATE_SNAPSHOT,EDLDB.MRCH_SANDBOX.CBSA_ZIPCODE_MAPPING,EDLDB.MRCH_SANDBOX.MEDIAN_HOUSEHOLD_INCOME_ZIPCODE,EDLDB.MRCH_SANDBOX.CLINIC_PROFILE,EDLDB.MRCH_SANDBOX.CBSA_POPULATION,"active_customer_yoy_growth, active_customers_per_1000_households, clinic_orders_per_clinic, clinics_per_10000_households, corporate_clinic_share, practice_hub_clinic_share, veterinarians_per_10000_households",Hypothesis,True,market-attractiveness-synthetic-v1,1.0,SYNTHETIC_COMPLETE,prototype_ready,synthetic_prototype_only
proto:643b92c1f7,,"Salisbury, MD-DE","Salisbury, MD-DE",metropolitan,2026-07-31,2025-07-31,31529,35968.0,-0.123415,0.03459,167735.0,167735.0,187.9691179539154,128126.0,422708.0,61296.482759,61296.482759,68.0,68.0,120.0,120.0,4.054013771723254,7.154141950099859,0.0,0.0,0.0,22.0,22.0,0.3235294117647059,167335.0,167335.0,2460.8088235294117,2012-10-20,2012-10-20,2023-09-25,2023-09-25,58.0,58.0,2026-07-31,2026-07-31,EDLDB.CDM.CUSTOMER_AGGREGATE_SNAPSHOT,EDLDB.MRCH_SANDBOX.CBSA_ZIPCODE_MAPPING,EDLDB.MRCH_SANDBOX.MEDIAN_HOUSEHOLD_INCOME_ZIPCODE,EDLDB.MRCH_SANDBOX.CLINIC_PROFILE,EDLDB.MRCH_SANDBOX.CBSA_POPULATION,"active_customer_yoy_growth, active_customers_per_1000_households, clinic_orders_per_clinic, clinics_per_10000_households, corporate_clinic_share, practice_hub_clinic_share, total_population, veterinarians_per_10000_households",Hypothesis,True,market-attractiveness-synthetic-v1,1.0,SYNTHETIC_COMPLETE,prototype_ready,synthetic_prototype_only
proto:38ce6c739a,,"Lansing-East Lansing, MI","Lansing-East Lansing, MI",metropolitan,2026-07-31,2025-07-31,30763,34942.0,-0.119598,0.042422,223041.0,223041.0,137.92531417990415,473020.0,473020.0,63773.076923,63773.076923,111.0,111.0,196.0,196.0,4.97666348339543,8.787622006716255,0.0,0.0,0.0,29.0,29.0,0.26126126126126126,123611.0,123611.0,1113.6126126126126,2012-10-25,2012-10-25,2023-11-27,2023-11-27,52.0,52.0,2026-07-31,2026-07-31,EDLDB.CDM.CUSTOMER_AGGREGATE_SNAPSHOT,EDLDB.MRCH_SANDBOX.CBSA_ZIPCODE_MAPPING,EDLDB.MRCH_SANDBOX.MEDIAN_HOUSEHOLD_INCOME_ZIPCODE,EDLDB.MRCH_SANDBOX.CLINIC_PROFILE,EDLDB.MRCH_SANDBOX.CBSA_POPULATION,"active_customer_yoy_growth, active_customers_per_1000_households, clinic_orders_per_clinic, clinics_per_10000_households, corporate_clinic_share, practice_hub_clinic_share, veterinarians_per_10000_households",Hypothesis,True,market-attractiveness-synthetic-v1,1.0,SYNTHETIC_COMPLETE,prototype_ready,synthetic_prototype_only
proto:2cd59b4173,,"Chattanooga, TN-GA","Chattanooga, TN-GA",metropolitan,2026-07-31,2025-07-31,30275,34784.0,-0.129629,0.021566,241715.0,241715.0,125.25081190658422,588877.0,588877.0,51319.12069,51319.12069,63.0,63.0,157.0,157.0,2.606375276668804,6.49525267360321,0.0,0.0,0.0,27.0,27.0,0.42857142857142855,122604.0,122604.0,1946.095238095238,2012-12-20,2012-12-20,2023-07-19,2023-07-19,58.0,58.0,2026-07-31,2026-07-31,EDLDB.CDM.CUSTOMER_AGGREGATE_SNAPSHOT,EDLDB.MRCH_SANDBOX.CBSA_ZIPCODE_MAPPING,EDLDB.MRCH_SANDBOX.MEDIAN_HOUSEHOLD_INCOME_ZIPCODE,EDLDB.MRCH_SANDBOX.CLINIC_PROFILE,EDLDB.MRCH_SANDBOX.CBSA_POPULATION,"active_customer_yoy_growth, active_customers_per_1000_households, clinic_orders_per_clinic, clinics_per_10000_households, corporate_clinic_share, practice_hub_clinic_share, veterinarians_per_10000_households",Hypothesis,True,market-attractiveness-synthetic-v1,1.0,SYNTHETIC_COMPLETE,prototype_ready,synthetic_prototype_only
proto:2611906905,,"Ocala, FL","Ocala, FL",metropolitan,2026-07-31,2025-07-31,29577,34058.0,-0.13157,0.018373,139212.0,139212.0,212.46013274717694,377472.0,377472.0,40657.88,40657.88,115.0,115.0,199.0,199.0,8.260782116484211,14.294744705916155,0.0,0.0,0.0,30.0,30.0,0.2608695652173913,172164.0,172164.0,1497.0782608695652,2012-10-20,2012-10-20,2023-10-31,2023-10-31,25.0,25.0,2026-07-31,2026-07-31,EDLDB.CDM.CUSTOMER_AGGREGATE_SNAPSHOT,EDLDB.MRCH_SANDBOX.CBSA_ZIPCODE_MAPPING,EDLDB.MRCH_SANDBOX.MEDIAN_HOUSEHOLD_INCOME_ZIPCODE,EDLDB.MRCH_SANDBOX.CLINIC_PROFILE,EDLDB.MRCH_SANDBOX.CBSA_POPULATION,"active_customer_yoy_growth, active_customers_per_1000_households, clinic_orders_per_clinic, clinics_per_10000_households, corporate_clinic_share, practice_hub_clinic_share, veterinarians_per_10000_households",Hypothesis,True,market-attractiveness-synthetic-v1,1.0,SYNTHETIC_COMPLETE,prototype_ready,synthetic_prototype_only
proto:ca976ada7f,,"Reading, PA","Reading, PA",metropolitan,2026-07-31,2025-07-31,28442,32005.0,-0.111326,0.063417,155849.0,155849.0,182.49716071325452,428671.0,428671.0,64738.938776,64738.938776,54.0,54.0,115.0,115.0,3.4648922995976874,7.37893730469878,1.0,1.0,0.018518518518518517,13.0,13.0,0.24074074074074073,164869.0,164869.0,3053.1296296296296,2012-10-18,2012-10-18,2023-07-28,2023-07-28,49.0,49.0,2026-07-31,2026-07-31,EDLDB.CDM.CUSTOMER_AGGREGATE_SNAPSHOT,EDLDB.MRCH_SANDBOX.CBSA_ZIPCODE_MAPPING,EDLDB.MRCH_SANDBOX.MEDIAN_HOUSEHOLD_INCOME_ZIPCODE,EDLDB.MRCH_SANDBOX.CLINIC_PROFILE,EDLDB.MRCH_SANDBOX.CBSA_POPULATION,"active_customer_yoy_growth, active_customers_per_1000_households, clinic_orders_per_clinic, clinics_per_10000_households, corporate_clinic_share, practice_hub_clinic_share, veterinarians_per_10000_households",Hypothesis,True,market-attractiveness-synthetic-v1,1.0,SYNTHETIC_COMPLETE,prototype_ready,synthetic_prototype_only
proto:fae43d6d80,,"Port St. Lucie, FL","Port St, Lucie, FL",metropolitan,2026-07-31,2025-07-31,28068,32684.0,-0.141231,0.004326,180431.0,180431.0,155.56085151664627,,454704.0,,57717.1,68.0,68.0,166.0,166.0,3.7687537064030017,9.20019287151321,0.0,0.0,0.0,24.0,24.0,0.35294117647058826,187366.0,187366.0,2755.3823529411766,2012-10-18,2012-10-18,2023-11-21,2023-11-21,,46.0,2026-07-31,2026-07-31,EDLDB.CDM.CUSTOMER_AGGREGATE_SNAPSHOT,EDLDB.MRCH_SANDBOX.CBSA_ZIPCODE_MAPPING,EDLDB.MRCH_SANDBOX.MEDIAN_HOUSEHOLD_INCOME_ZIPCODE,EDLDB.MRCH_SANDBOX.CLINIC_PROFILE,EDLDB.MRCH_SANDBOX.CBSA_POPULATION,"active_customer_yoy_growth, active_customers_per_1000_households, avg_zip_median_household_income, clinic_orders_per_clinic, clinics_per_10000_households, corporate_clinic_share, practice_hub_clinic_share, total_population, veterinarians_per_10000_households, zips_represented_within_cbsa",Hypothesis,True,market-attractiveness-synthetic-v1,1.0,SYNTHETIC_COMPLETE,prototype_ready,synthetic_prototype_only
proto:7b6707135e,,"Pensacola-Ferry Pass-Brent, FL","Pensacola-Ferry Pass-Brent, FL",metropolitan,2026-07-31,2025-07-31,27834,32285.0,-0.137866,0.010999,187658.0,187658.0,148.32301314092658,511579.0,511579.0,52413.72,52413.72,54.0,54.0,137.0,137.0,2.877575163329035,7.300514766223663,0.0,0.0,0.0,22.0,22.0,0.4074074074074074,167157.0,167157.0,3095.5,2012-10-22,2012-10-22,2022-06-04,2022-06-04,25.0,25.0,2026-07-31,2026-07-31,EDLDB.CDM.CUSTOMER_AGGREGATE_SNAPSHOT,EDLDB.MRCH_SANDBOX.CBSA_ZIPCODE_MAPPING,EDLDB.MRCH_SANDBOX.MEDIAN_HOUSEHOLD_INCOME_ZIPCODE,EDLDB.MRCH_SANDBOX.CLINIC_PROFILE,EDLDB.MRCH_SANDBOX.CBSA_POPULATION,"active_customer_yoy_growth, active_customers_per_1000_households, clinic_orders_per_clinic, clinics_per_10000_households, corporate_clinic_share, practice_hub_clinic_share, veterinarians_per_10000_households",Hypothesis,True,market-attractiveness-synthetic-v1,1.0,SYNTHETIC_COMPLETE,prototype_ready,synthetic_prototype_only
proto:ad6f0f30e8,,"Little Rock-North Little Rock-Conway, AR","Little Rock-North Little Rock-Conway, AR",metropolitan,2026-07-31,2025-07-31,27487,31920.0,-0.138878,0.008156,300536.0,300536.0,91.45992493411771,782065.0,782065.0,51569.57971,51569.57971,101.0,101.0,157.0,157.0,3.3606622833870152,5.223999787047143,0.0,0.0,0.0,45.0,45.0,0.44554455445544555,157480.0,157480.0,1559.2079207920792,2012-10-24,2012-10-24,2023-10-07,2023-10-07,69.0,69.0,2026-07-31,2026-07-31,EDLDB.CDM.CUSTOMER_AGGREGATE_SNAPSHOT,EDLDB.MRCH_SANDBOX.CBSA_ZIPCODE_MAPPING,EDLDB.MRCH_SANDBOX.MEDIAN_HOUSEHOLD_INCOME_ZIPCODE,EDLDB.MRCH_SANDBOX.CLINIC_PROFILE,EDLDB.MRCH_SANDBOX.CBSA_POPULATION,"active_customer_yoy_growth, active_customers_per_1000_households, clinic_orders_per_clinic, clinics_per_10000_households, corporate_clinic_share, practice_hub_clinic_share, veterinarians_per_10000_households",Hypothesis,True,market-attractiveness-synthetic-v1,1.0,SYNTHETIC_COMPLETE,prototype_ready,synthetic_prototype_only
proto:acb672fc21,,"Roanoke, VA","Roanoke, VA",metropolitan,2026-07-31,2025-07-31,25931,29322.0,-0.115647,0.051321,165341.0,165341.0,156.83345328744835,379542.0,379542.0,52586.404762,52586.404762,43.0,43.0,132.0,132.0,2.6006858552930003,7.98350076508549,0.0,0.0,0.0,16.0,16.0,0.37209302325581395,116383.0,116383.0,2706.5813953488373,2012-11-09,2012-11-09,2023-05-11,2023-05-11,42.0,42.0,2026-07-31,2026-07-31,EDLDB.CDM.CUSTOMER_AGGREGATE_SNAPSHOT,EDLDB.MRCH_SANDBOX.CBSA_ZIPCODE_MAPPING,EDLDB.MRCH_SANDBOX.MEDIAN_HOUSEHOLD_INCOME_ZIPCODE,EDLDB.MRCH_SANDBOX.CLINIC_PROFILE,EDLDB.MRCH_SANDBOX.CBSA_POPULATION,"active_customer_yoy_growth, active_customers_per_1000_households, clinic_orders_per_clinic, clinics_per_10000_households, corporate_clinic_share, practice_hub_clinic_share, veterinarians_per_10000_households",Hypothesis,True,market-attractiveness-synthetic-v1,1.0,SYNTHETIC_COMPLETE,prototype_ready,synthetic_prototype_only
proto:e5191809f7,,"Baton Rouge, LA","Baton Rouge, LA",metropolitan,2026-07-31,2025-07-31,25513,29871.0,-0.145894,-0.00366,317363.0,317363.0,80.39059373650993,870286.0,870286.0,49864.130952,49864.130952,123.0,123.0,267.0,267.0,3.8756880921846593,8.413079029376455,0.0,0.0,0.0,45.0,45.0,0.36585365853658536,177736.0,177736.0,1445.0081300813008,2012-11-17,2012-11-17,2023-12-22,2023-12-22,84.0,84.0,2026-07-31,2026-07-31,EDLDB.CDM.CUSTOMER_AGGREGATE_SNAPSHOT,EDLDB.MRCH_SANDBOX.CBSA_ZIPCODE_MAPPING,EDLDB.MRCH_SANDBOX.MEDIAN_HOUSEHOLD_INCOME_ZIPCODE,EDLDB.MRCH_SANDBOX.CLINIC_PROFILE,EDLDB.MRCH_SANDBOX.CBSA_POPULATION,"active_customer_yoy_growth, active_customers_per_1000_households, clinic_orders_per_clinic, clinics_per_10000_households, corporate_clinic_share, practice_hub_clinic_share, veterinarians_per_10000_households",Hypothesis,True,market-attractiveness-synthetic-v1,1.0,SYNTHETIC_COMPLETE,prototype_ready,synthetic_prototype_only
proto:79abc2c335,,"Boulder, CO","Boulder, CO",metropolitan,2026-07-31,2025-07-31,25419,28038.0,-0.093409,0.118054,132011.0,132011.0,192.55213580686458,330938.0,330938.0,67589.947368,67589.947368,89.0,89.0,229.0,229.0,6.741862420555863,17.347039261879694,0.0,0.0,0.0,32.0,32.0,0.3595505617977528,175442.0,175442.0,1971.258426966292,2012-10-27,2012-10-27,2023-07-06,2023-07-06,19.0,19.0,2026-07-31,2026-07-31,EDLDB.CDM.CUSTOMER_AGGREGATE_SNAPSHOT,EDLDB.MRCH_SANDBOX.CBSA_ZIPCODE_MAPPING,EDLDB.MRCH_SANDBOX.MEDIAN_HOUSEHOLD_INCOME_ZIPCODE,EDLDB.MRCH_SANDBOX.CLINIC_PROFILE,EDLDB.MRCH_SANDBOX.CBSA_POPULATION,"active_customer_yoy_growth, active_customers_per_1000_households, clinic_orders_per_clinic, clinics_per_10000_households, corporate_clinic_share, practice_hub_clinic_share, veterinarians_per_10000_households",Hypothesis,True,market-attractiveness-synthetic-v1,1.0,SYNTHETIC_COMPLETE,prototype_ready,synthetic_prototype_only
proto:8c5c46620e,,"Fort Collins, CO","Fort Collins, CO",metropolitan,2026-07-31,2025-07-31,25395,28526.0,-0.10976,0.068785,131140.0,131140.0,193.64800976056122,359923.0,359923.0,72039.777778,72039.777778,176.0,176.0,320.0,320.0,13.420771694372426,24.40140308067714,0.0,0.0,0.0,40.0,40.0,0.22727272727272727,158747.0,158747.0,901.9715909090909,2012-10-31,2012-10-31,2023-12-02,2023-12-02,18.0,18.0,2026-07-31,2026-07-31,EDLDB.CDM.CUSTOMER_AGGREGATE_SNAPSHOT,EDLDB.MRCH_SANDBOX.CBSA_ZIPCODE_MAPPING,EDLDB.MRCH_SANDBOX.MEDIAN_HOUSEHOLD_INCOME_ZIPCODE,EDLDB.MRCH_SANDBOX.CLINIC_PROFILE,EDLDB.MRCH_SANDBOX.CBSA_POPULATION,"active_customer_yoy_growth, active_customers_per_1000_households, clinic_orders_per_clinic, clinics_per_10000_households, corporate_clinic_share, practice_hub_clinic_share, veterinarians_per_10000_households",Hypothesis,True,market-attractiveness-synthetic-v1,1.0,SYNTHETIC_COMPLETE,prototype_ready,synthetic_prototype_only
proto:0fba03cd09,,"Canton-Massillon, OH","Canton-Massillon, OH",metropolitan,2026-07-31,2025-07-31,25007,28608.0,-0.125874,0.030026,180272.0,180272.0,138.7181592260584,401224.0,401224.0,52334.09434,52334.09434,46.0,46.0,89.0,89.0,2.5516996538563945,4.936984112896068,0.0,0.0,0.0,15.0,15.0,0.32608695652173914,98621.0,98621.0,2143.9347826086955,2012-10-31,2012-10-31,2022-10-12,2022-10-12,53.0,53.0,2026-07-31,2026-07-31,EDLDB.CDM.CUSTOMER_AGGREGATE_SNAPSHOT,EDLDB.MRCH_SANDBOX.CBSA_ZIPCODE_MAPPING,EDLDB.MRCH_SANDBOX.MEDIAN_HOUSEHOLD_INCOME_ZIPCODE,EDLDB.MRCH_SANDBOX.CLINIC_PROFILE,EDLDB.MRCH_SANDBOX.CBSA_POPULATION,"active_customer_yoy_growth, active_customers_per_1000_households, clinic_orders_per_clinic, clinics_per_10000_households, corporate_clinic_share, practice_hub_clinic_share, veterinarians_per_10000_households",Hypothesis,True,market-attractiveness-synthetic-v1,1.0,SYNTHETIC_COMPLETE,prototype_ready,synthetic_prototype_only
proto:87763e292d,,"Augusta-Richmond County, GA-SC","Augusta-Richmond County, GA-SC",metropolitan,2026-07-31,2025-07-31,24775,28876.0,-0.142021,0.002495,232469.0,232469.0,106.57334956488822,612172.0,612172.0,43921.625,43921.625,82.0,82.0,160.0,160.0,3.5273520340346454,6.882638115189551,0.0,0.0,0.0,18.0,18.0,0.21951219512195122,111632.0,111632.0,1361.3658536585365,2012-12-07,2012-12-07,2023-12-19,2023-12-19,56.0,56.0,2026-07-31,2026-07-31,EDLDB.CDM.CUSTOMER_AGGREGATE_SNAPSHOT,EDLDB.MRCH_SANDBOX.CBSA_ZIPCODE_MAPPING,EDLDB.MRCH_SANDBOX.MEDIAN_HOUSEHOLD_INCOME_ZIPCODE,EDLDB.MRCH_SANDBOX.CLINIC_PROFILE,EDLDB.MRCH_SANDBOX.CBSA_POPULATION,"active_customer_yoy_growth, active_customers_per_1000_households, clinic_orders_per_clinic, clinics_per_10000_households, corporate_clinic_share, practice_hub_clinic_share, veterinarians_per_10000_households",Hypothesis,True,market-attractiveness-synthetic-v1,1.0,SYNTHETIC_COMPLETE,prototype_ready,synthetic_prototype_only
proto:b9330d16c0,,"Wichita, KS","Wichita, KS",metropolitan,2026-07-31,2025-07-31,24767,28509.0,-0.131257,0.019175,255124.0,255124.0,97.07828350135621,648526.0,648526.0,61871.255556,61871.255556,95.0,95.0,179.0,179.0,3.723679465671595,7.016196045844374,0.0,0.0,0.0,28.0,28.0,0.29473684210526313,111170.0,111170.0,1170.2105263157894,2012-12-13,2012-12-13,2023-09-19,2023-09-19,90.0,90.0,2026-07-31,2026-07-31,EDLDB.CDM.CUSTOMER_AGGREGATE_SNAPSHOT,EDLDB.MRCH_SANDBOX.CBSA_ZIPCODE_MAPPING,EDLDB.MRCH_SANDBOX.MEDIAN_HOUSEHOLD_INCOME_ZIPCODE,EDLDB.MRCH_SANDBOX.CLINIC_PROFILE,EDLDB.MRCH_SANDBOX.CBSA_POPULATION,"active_customer_yoy_growth, active_customers_per_1000_households, clinic_orders_per_clinic, clinics_per_10000_households, corporate_clinic_share, practice_hub_clinic_share, veterinarians_per_10000_households",Hypothesis,True,market-attractiveness-synthetic-v1,1.0,SYNTHETIC_COMPLETE,prototype_ready,synthetic_prototype_only
proto:091ccaa338,,"Fayetteville-Springdale-Rogers, AR","Fayetteville-Springdale-Rogers, AR",metropolitan,2026-07-31,2025-07-31,24762,28677.0,-0.136521,0.012116,196841.0,196841.0,125.79696303107585,549937.0,549937.0,55580.738095,55580.738095,79.0,79.0,139.0,139.0,4.013391519043289,7.06153697654452,1.0,1.0,0.012658227848101266,36.0,36.0,0.45569620253164556,118458.0,118458.0,1499.4683544303798,2012-11-13,2012-11-13,2023-11-02,2023-11-02,42.0,42.0,2026-07-31,2026-07-31,EDLDB.CDM.CUSTOMER_AGGREGATE_SNAPSHOT,EDLDB.MRCH_SANDBOX.CBSA_ZIPCODE_MAPPING,EDLDB.MRCH_SANDBOX.MEDIAN_HOUSEHOLD_INCOME_ZIPCODE,EDLDB.MRCH_SANDBOX.CLINIC_PROFILE,EDLDB.MRCH_SANDBOX.CBSA_POPULATION,"active_customer_yoy_growth, active_customers_per_1000_households, clinic_orders_per_clinic, clinics_per_10000_households, corporate_clinic_share, practice_hub_clinic_share, veterinarians_per_10000_households",Hypothesis,True,market-attractiveness-synthetic-v1,1.0,SYNTHETIC_COMPLETE,prototype_ready,synthetic_prototype_only
proto:ca387e23a0,,"Huntsville, AL","Huntsville, AL",metropolitan,2026-07-31,2025-07-31,24595,27979.0,-0.120948,0.040129,185556.0,185556.0,132.54758671236715,494706.0,494706.0,66778.030303,66778.030303,63.0,63.0,141.0,141.0,3.395201448619285,7.598784194528875,0.0,0.0,0.0,23.0,23.0,0.36507936507936506,106216.0,106216.0,1685.968253968254,2012-10-23,2012-10-23,2023-08-29,2023-08-29,33.0,33.0,2026-07-31,2026-07-31,EDLDB.CDM.CUSTOMER_AGGREGATE_SNAPSHOT,EDLDB.MRCH_SANDBOX.CBSA_ZIPCODE_MAPPING,EDLDB.MRCH_SANDBOX.MEDIAN_HOUSEHOLD_INCOME_ZIPCODE,EDLDB.MRCH_SANDBOX.CLINIC_PROFILE,EDLDB.MRCH_SANDBOX.CBSA_POPULATION,"active_customer_yoy_growth, active_customers_per_1000_households, clinic_orders_per_clinic, clinics_per_10000_households, corporate_clinic_share, practice_hub_clinic_share, veterinarians_per_10000_households",Hypothesis,True,market-attractiveness-synthetic-v1,1.0,SYNTHETIC_COMPLETE,prototype_ready,synthetic_prototype_only
proto:bfaf4da503,,"Gainesville, FL","Gainesville, FL",metropolitan,2026-07-31,2025-07-31,24285,27390.0,-0.113363,0.058665,131957.0,131957.0,184.0372242472927,340678.0,340678.0,44616.382353,44616.382353,145.0,145.0,303.0,303.0,10.988428048530961,22.962025508309527,0.0,0.0,0.0,53.0,53.0,0.36551724137931035,195097.0,195097.0,1345.496551724138,2012-11-02,2012-11-02,2023-12-11,2023-12-11,34.0,34.0,2026-07-31,2026-07-31,EDLDB.CDM.CUSTOMER_AGGREGATE_SNAPSHOT,EDLDB.MRCH_SANDBOX.CBSA_ZIPCODE_MAPPING,EDLDB.MRCH_SANDBOX.MEDIAN_HOUSEHOLD_INCOME_ZIPCODE,EDLDB.MRCH_SANDBOX.CLINIC_PROFILE,EDLDB.MRCH_SANDBOX.CBSA_POPULATION,"active_customer_yoy_growth, active_customers_per_1000_households, clinic_orders_per_clinic, clinics_per_10000_households, corporate_clinic_share, practice_hub_clinic_share, veterinarians_per_10000_households",Hypothesis,True,market-attractiveness-synthetic-v1,1.0,SYNTHETIC_COMPLETE,prototype_ready,synthetic_prototype_only
proto:9fde1cebe4,,"Ann Arbor, MI","Ann Arbor, MI",metropolitan,2026-07-31,2025-07-31,24180,26957.0,-0.103016,0.090794,146375.0,146375.0,165.1921434671221,371834.0,371834.0,68662.294118,68662.294118,63.0,63.0,153.0,153.0,4.304013663535439,10.452604611443212,0.0,0.0,0.0,20.0,20.0,0.31746031746031744,163160.0,163160.0,2589.84126984127,2012-10-21,2012-10-21,2023-08-12,2023-08-12,17.0,17.0,2026-07-31,2026-07-31,EDLDB.CDM.CUSTOMER_AGGREGATE_SNAPSHOT,EDLDB.MRCH_SANDBOX.CBSA_ZIPCODE_MAPPING,EDLDB.MRCH_SANDBOX.MEDIAN_HOUSEHOLD_INCOME_ZIPCODE,EDLDB.MRCH_SANDBOX.CLINIC_PROFILE,EDLDB.MRCH_SANDBOX.CBSA_POPULATION,"active_customer_yoy_growth, active_customers_per_1000_households, clinic_orders_per_clinic, clinics_per_10000_households, corporate_clinic_share, practice_hub_clinic_share, veterinarians_per_10000_households",Hypothesis,True,market-attractiveness-synthetic-v1,1.0,SYNTHETIC_COMPLETE,prototype_ready,synthetic_prototype_only
proto:0a857b93fe,,"Eugene-Springfield, OR","Eugene-Springfield, OR",metropolitan,2026-07-31,2025-07-31,24075,27354.0,-0.119873,0.041556,156014.0,156014.0,154.313074467676,383308.0,383308.0,60166.361111,60166.361111,68.0,68.0,183.0,183.0,4.358583204071429,11.72971656389811,1.0,1.0,0.014705882352941176,21.0,21.0,0.3088235294117647,130564.0,130564.0,1920.0588235294117,2012-11-05,2012-11-05,2023-05-26,2023-05-26,36.0,36.0,2026-07-31,2026-07-31,EDLDB.CDM.CUSTOMER_AGGREGATE_SNAPSHOT,EDLDB.MRCH_SANDBOX.CBSA_ZIPCODE_MAPPING,EDLDB.MRCH_SANDBOX.MEDIAN_HOUSEHOLD_INCOME_ZIPCODE,EDLDB.MRCH_SANDBOX.CLINIC_PROFILE,EDLDB.MRCH_SANDBOX.CBSA_POPULATION,"active_customer_yoy_growth, active_customers_per_1000_households, clinic_orders_per_clinic, clinics_per_10000_households, corporate_clinic_share, practice_hub_clinic_share, veterinarians_per_10000_households",Hypothesis,True,market-attractiveness-synthetic-v1,1.0,SYNTHETIC_COMPLETE,prototype_ready,synthetic_prototype_only
proto:1409bc272a,,"Springfield, MO","Springfield, MO",metropolitan,2026-07-31,2025-07-31,24050,27753.0,-0.133427,0.015681,221825.0,221825.0,108.41879860250198,512414.0,512414.0,49797.791045,49797.791045,75.0,75.0,142.0,142.0,3.3810436154626395,6.401442578609265,0.0,0.0,0.0,21.0,21.0,0.28,109012.0,109012.0,1453.4933333333333,2012-11-21,2012-11-21,2023-10-10,2023-10-10,67.0,67.0,2026-07-31,2026-07-31,EDLDB.CDM.CUSTOMER_AGGREGATE_SNAPSHOT,EDLDB.MRCH_SANDBOX.CBSA_ZIPCODE_MAPPING,EDLDB.MRCH_SANDBOX.MEDIAN_HOUSEHOLD_INCOME_ZIPCODE,EDLDB.MRCH_SANDBOX.CLINIC_PROFILE,EDLDB.MRCH_SANDBOX.CBSA_POPULATION,"active_customer_yoy_growth, active_customers_per_1000_households, clinic_orders_per_clinic, clinics_per_10000_households, corporate_clinic_share, practice_hub_clinic_share, veterinarians_per_10000_households",Hypothesis,True,market-attractiveness-synthetic-v1,1.0,SYNTHETIC_COMPLETE,prototype_ready,synthetic_prototype_only
proto:448ac03f5b,,"Burlington-South Burlington, VT","Burlington-South Burlington, VT",metropolitan,2026-07-31,2025-07-31,24017,26672.0,-0.099543,0.10432,92346.0,92346.0,260.0762350291296,225717.0,225717.0,69787.642857,69787.642857,43.0,43.0,120.0,120.0,4.65640092694865,12.994607237996233,0.0,0.0,0.0,19.0,19.0,0.4418604651162791,155498.0,155498.0,3616.232558139535,2012-10-24,2012-10-24,2022-07-24,2022-07-24,42.0,42.0,2026-07-31,2026-07-31,EDLDB.CDM.CUSTOMER_AGGREGATE_SNAPSHOT,EDLDB.MRCH_SANDBOX.CBSA_ZIPCODE_MAPPING,EDLDB.MRCH_SANDBOX.MEDIAN_HOUSEHOLD_INCOME_ZIPCODE,EDLDB.MRCH_SANDBOX.CLINIC_PROFILE,EDLDB.MRCH_SANDBOX.CBSA_POPULATION,"active_customer_yoy_growth, active_customers_per_1000_households, clinic_orders_per_clinic, clinics_per_10000_households, corporate_clinic_share, practice_hub_clinic_share, veterinarians_per_10000_households",Hypothesis,True,market-attractiveness-synthetic-v1,1.0,SYNTHETIC_COMPLETE,prototype_ready,synthetic_prototype_only
proto:5382135c40,,"Fort Wayne, IN","Fort Wayne, IN",metropolitan,2026-07-31,2025-07-31,23882,27393.0,-0.128171,0.024208,197458.0,197458.0,120.94723941293844,521082.0,521082.0,60448.076923,60448.076923,35.0,35.0,82.0,82.0,1.7725288415764364,4.152781857407651,1.0,1.0,0.02857142857142857,12.0,12.0,0.34285714285714286,94895.0,94895.0,2711.285714285714,2012-10-22,2012-10-22,2023-06-09,2023-06-09,39.0,39.0,2026-07-31,2026-07-31,EDLDB.CDM.CUSTOMER_AGGREGATE_SNAPSHOT,EDLDB.MRCH_SANDBOX.CBSA_ZIPCODE_MAPPING,EDLDB.MRCH_SANDBOX.MEDIAN_HOUSEHOLD_INCOME_ZIPCODE,EDLDB.MRCH_SANDBOX.CLINIC_PROFILE,EDLDB.MRCH_SANDBOX.CBSA_POPULATION,"active_customer_yoy_growth, active_customers_per_1000_households, clinic_orders_per_clinic, clinics_per_10000_households, corporate_clinic_share, practice_hub_clinic_share, veterinarians_per_10000_households",Hypothesis,True,market-attractiveness-synthetic-v1,1.0,SYNTHETIC_COMPLETE,prototype_ready,synthetic_prototype_only
proto:aa47b85a04,,"Ogden-Clearfield, UT","Ogden-Clearfield, UT",metropolitan,2026-07-31,2025-07-31,23094,26794.0,-0.138091,0.009871,214778.0,214778.0,107.52497928093193,639141.0,639141.0,75791.682927,75791.682927,56.0,56.0,158.0,158.0,2.607343396437251,7.356433154233674,0.0,0.0,0.0,23.0,23.0,0.4107142857142857,117959.0,117959.0,2106.410714285714,2012-11-09,2012-11-09,2023-08-02,2023-08-02,41.0,41.0,2026-07-31,2026-07-31,EDLDB.CDM.CUSTOMER_AGGREGATE_SNAPSHOT,EDLDB.MRCH_SANDBOX.CBSA_ZIPCODE_MAPPING,EDLDB.MRCH_SANDBOX.MEDIAN_HOUSEHOLD_INCOME_ZIPCODE,EDLDB.MRCH_SANDBOX.CLINIC_PROFILE,EDLDB.MRCH_SANDBOX.CBSA_POPULATION,"active_customer_yoy_growth, active_customers_per_1000_households, clinic_orders_per_clinic, clinics_per_10000_households, corporate_clinic_share, practice_hub_clinic_share, veterinarians_per_10000_households",Hypothesis,True,market-attractiveness-synthetic-v1,1.0,SYNTHETIC_COMPLETE,prototype_ready,synthetic_prototype_only
proto:680fdfb038,,"Peoria, IL","Peoria, IL",metropolitan,2026-07-31,2025-07-31,22674,25566.0,-0.113119,0.059423,169392.0,169392.0,133.8551997733069,367917.0,367917.0,60196.329897,60196.329897,58.0,58.0,111.0,111.0,3.4240105790119957,6.552847832247096,0.0,0.0,0.0,23.0,23.0,0.39655172413793105,100003.0,100003.0,1724.1896551724137,2012-12-07,2012-12-07,2022-07-07,2022-07-07,97.0,97.0,2026-07-31,2026-07-31,EDLDB.CDM.CUSTOMER_AGGREGATE_SNAPSHOT,EDLDB.MRCH_SANDBOX.CBSA_ZIPCODE_MAPPING,EDLDB.MRCH_SANDBOX.MEDIAN_HOUSEHOLD_INCOME_ZIPCODE,EDLDB.MRCH_SANDBOX.CLINIC_PROFILE,EDLDB.MRCH_SANDBOX.CBSA_POPULATION,"active_customer_yoy_growth, active_customers_per_1000_households, clinic_orders_per_clinic, clinics_per_10000_households, corporate_clinic_share, practice_hub_clinic_share, veterinarians_per_10000_households",Hypothesis,True,market-attractiveness-synthetic-v1,1.0,SYNTHETIC_COMPLETE,prototype_ready,synthetic_prototype_only
proto:e84a9a4519,,"Bakersfield, CA","Bakersfield, CA",metropolitan,2026-07-31,2025-07-31,22522,26322.0,-0.144366,-0.001321,274205.0,274205.0,82.1356284531646,905910.0,905910.0,45707.510204,45707.510204,59.0,59.0,93.0,93.0,2.15167484181543,3.3916230557429663,0.0,0.0,0.0,15.0,15.0,0.2542372881355932,102207.0,102207.0,1732.322033898305,2012-10-19,2012-10-19,2023-06-09,2023-06-09,49.0,49.0,2026-07-31,2026-07-31,EDLDB.CDM.CUSTOMER_AGGREGATE_SNAPSHOT,EDLDB.MRCH_SANDBOX.CBSA_ZIPCODE_MAPPING,EDLDB.MRCH_SANDBOX.MEDIAN_HOUSEHOLD_INCOME_ZIPCODE,EDLDB.MRCH_SANDBOX.CLINIC_PROFILE,EDLDB.MRCH_SANDBOX.CBSA_POPULATION,"active_customer_yoy_growth, active_customers_per_1000_households, clinic_orders_per_clinic, clinics_per_10000_households, corporate_clinic_share, practice_hub_clinic_share, veterinarians_per_10000_households",Hypothesis,True,market-attractiveness-synthetic-v1,1.0,SYNTHETIC_COMPLETE,prototype_ready,synthetic_prototype_only
proto:923da462ef,,"Barnstable Town, MA","Barnstable Town, MA",metropolitan,2026-07-31,2025-07-31,22139,24756.0,-0.105712,0.078116,96811.0,96811.0,228.6826910165167,228012.0,228012.0,73368.68,73368.68,62.0,62.0,113.0,113.0,6.4042309241718405,11.672227329539,0.0,0.0,0.0,20.0,20.0,0.3225806451612903,176402.0,176402.0,2845.1935483870966,2012-10-20,2012-10-20,2023-03-13,2023-03-13,50.0,50.0,2026-07-31,2026-07-31,EDLDB.CDM.CUSTOMER_AGGREGATE_SNAPSHOT,EDLDB.MRCH_SANDBOX.CBSA_ZIPCODE_MAPPING,EDLDB.MRCH_SANDBOX.MEDIAN_HOUSEHOLD_INCOME_ZIPCODE,EDLDB.MRCH_SANDBOX.CLINIC_PROFILE,EDLDB.MRCH_SANDBOX.CBSA_POPULATION,"active_customer_yoy_growth, active_customers_per_1000_households, clinic_orders_per_clinic, clinics_per_10000_households, corporate_clinic_share, practice_hub_clinic_share, veterinarians_per_10000_households",Hypothesis,True,market-attractiveness-synthetic-v1,1.0,SYNTHETIC_COMPLETE,prototype_ready,synthetic_prototype_only
proto:7d88007d97,,"Fresno, CA","Fresno, CA",metropolitan,2026-07-31,2025-07-31,22000,25734.0,-0.1451,-0.002312,311756.0,311756.0,70.56800831419443,1165897.0,1165897.0,50235.690909,50235.690909,65.0,65.0,142.0,142.0,2.0849638820102903,4.554844173007095,0.0,0.0,0.0,19.0,19.0,0.2923076923076923,129967.0,129967.0,1999.4923076923078,2012-11-20,2012-11-20,2023-07-20,2023-07-20,55.0,55.0,2026-07-31,2026-07-31,EDLDB.CDM.CUSTOMER_AGGREGATE_SNAPSHOT,EDLDB.MRCH_SANDBOX.CBSA_ZIPCODE_MAPPING,EDLDB.MRCH_SANDBOX.MEDIAN_HOUSEHOLD_INCOME_ZIPCODE,EDLDB.MRCH_SANDBOX.CLINIC_PROFILE,EDLDB.MRCH_SANDBOX.CBSA_POPULATION,"active_customer_yoy_growth, active_customers_per_1000_households, clinic_orders_per_clinic, clinics_per_10000_households, corporate_clinic_share, practice_hub_clinic_share, veterinarians_per_10000_households",Hypothesis,True,market-attractiveness-synthetic-v1,1.0,SYNTHETIC_COMPLETE,prototype_ready,synthetic_prototype_only
proto:8ebd4dc774,,"Fayetteville, NC","Fayetteville, NC",metropolitan,2026-07-31,2025-07-31,21872,25839.0,-0.153528,-0.015565,230400.0,230400.0,94.93055555555556,387706.0,387706.0,45870.153846,45870.153846,46.0,46.0,120.0,120.0,1.996527777777778,5.208333333333333,1.0,1.0,0.021739130434782608,12.0,12.0,0.2608695652173913,87834.0,87834.0,1909.4347826086957,2012-10-22,2012-10-22,2022-12-28,2022-12-28,39.0,39.0,2026-07-31,2026-07-31,EDLDB.CDM.CUSTOMER_AGGREGATE_SNAPSHOT,EDLDB.MRCH_SANDBOX.CBSA_ZIPCODE_MAPPING,EDLDB.MRCH_SANDBOX.MEDIAN_HOUSEHOLD_INCOME_ZIPCODE,EDLDB.MRCH_SANDBOX.CLINIC_PROFILE,EDLDB.MRCH_SANDBOX.CBSA_POPULATION,"active_customer_yoy_growth, active_customers_per_1000_households, clinic_orders_per_clinic, clinics_per_10000_households, corporate_clinic_share, practice_hub_clinic_share, veterinarians_per_10000_households",Hypothesis,True,market-attractiveness-synthetic-v1,1.0,SYNTHETIC_COMPLETE,prototype_ready,synthetic_prototype_only
proto:22bb41f04c,,"Wilmington, NC","Wilmington, NC",metropolitan,2026-07-31,2025-07-31,21741,24891.0,-0.126552,0.028434,123693.0,123693.0,175.76580728092938,425133.0,425133.0,58131.684211,58131.684211,42.0,42.0,128.0,128.0,3.3955033833765853,10.348200787433402,0.0,0.0,0.0,13.0,13.0,0.30952380952380953,119808.0,119808.0,2852.5714285714284,2012-10-31,2012-10-31,2023-07-20,2023-07-20,19.0,19.0,2026-07-31,2026-07-31,EDLDB.CDM.CUSTOMER_AGGREGATE_SNAPSHOT,EDLDB.MRCH_SANDBOX.CBSA_ZIPCODE_MAPPING,EDLDB.MRCH_SANDBOX.MEDIAN_HOUSEHOLD_INCOME_ZIPCODE,EDLDB.MRCH_SANDBOX.CLINIC_PROFILE,EDLDB.MRCH_SANDBOX.CBSA_POPULATION,"active_customer_yoy_growth, active_customers_per_1000_households, clinic_orders_per_clinic, clinics_per_10000_households, corporate_clinic_share, practice_hub_clinic_share, veterinarians_per_10000_households",Hypothesis,True,market-attractiveness-synthetic-v1,1.0,SYNTHETIC_COMPLETE,prototype_ready,synthetic_prototype_only
proto:4c7cb9d78c,,"Savannah, GA","Savannah, GA",metropolitan,2026-07-31,2025-07-31,21343,24511.0,-0.129248,0.02183,147262.0,147262.0,144.93216172536026,405301.0,405301.0,62019.25,62019.25,67.0,67.0,138.0,138.0,4.5497141149787454,9.371052953239804,0.0,0.0,0.0,29.0,29.0,0.43283582089552236,147644.0,147644.0,2203.6417910447763,2012-10-30,2012-10-30,2023-11-26,2023-11-26,24.0,24.0,2026-07-31,2026-07-31,EDLDB.CDM.CUSTOMER_AGGREGATE_SNAPSHOT,EDLDB.MRCH_SANDBOX.CBSA_ZIPCODE_MAPPING,EDLDB.MRCH_SANDBOX.MEDIAN_HOUSEHOLD_INCOME_ZIPCODE,EDLDB.MRCH_SANDBOX.CLINIC_PROFILE,EDLDB.MRCH_SANDBOX.CBSA_POPULATION,"active_customer_yoy_growth, active_customers_per_1000_households, clinic_orders_per_clinic, clinics_per_10000_households, corporate_clinic_share, practice_hub_clinic_share, veterinarians_per_10000_households",Hypothesis,True,market-attractiveness-synthetic-v1,1.0,SYNTHETIC_COMPLETE,prototype_ready,synthetic_prototype_only
proto:7e8c9a22a2,,"Olympia-Lacey-Tumwater, WA","Olympia-Lacey-Tumwater, WA",metropolitan,2026-07-31,2025-07-31,21171,24002.0,-0.117949,0.045373,123312.0,123312.0,171.68645387310238,295998.0,295998.0,70775.928571,70775.928571,59.0,59.0,148.0,148.0,4.78461139224082,12.002076034773582,0.0,0.0,0.0,26.0,26.0,0.4406779661016949,160961.0,160961.0,2728.1525423728813,2012-10-20,2012-10-20,2023-08-23,2023-08-23,14.0,14.0,2026-07-31,2026-07-31,EDLDB.CDM.CUSTOMER_AGGREGATE_SNAPSHOT,EDLDB.MRCH_SANDBOX.CBSA_ZIPCODE_MAPPING,EDLDB.MRCH_SANDBOX.MEDIAN_HOUSEHOLD_INCOME_ZIPCODE,EDLDB.MRCH_SANDBOX.CLINIC_PROFILE,EDLDB.MRCH_SANDBOX.CBSA_POPULATION,"active_customer_yoy_growth, active_customers_per_1000_households, clinic_orders_per_clinic, clinics_per_10000_households, corporate_clinic_share, practice_hub_clinic_share, veterinarians_per_10000_households",Hypothesis,True,market-attractiveness-synthetic-v1,1.0,SYNTHETIC_COMPLETE,prototype_ready,synthetic_prototype_only
proto:d7591b26e7,,"Utica-Rome, NY","Utica-Rome, NY",metropolitan,2026-07-31,2025-07-31,21095,23822.0,-0.114474,0.054346,123920.0,123920.0,170.2307940606843,291119.0,291119.0,55753.708333,55753.708333,41.0,41.0,94.0,94.0,3.308586184635249,7.585539057456423,0.0,0.0,0.0,8.0,8.0,0.1951219512195122,109758.0,109758.0,2677.0243902439024,2012-10-19,2012-10-19,2023-09-30,2023-09-30,72.0,72.0,2026-07-31,2026-07-31,EDLDB.CDM.CUSTOMER_AGGREGATE_SNAPSHOT,EDLDB.MRCH_SANDBOX.CBSA_ZIPCODE_MAPPING,EDLDB.MRCH_SANDBOX.MEDIAN_HOUSEHOLD_INCOME_ZIPCODE,EDLDB.MRCH_SANDBOX.CLINIC_PROFILE,EDLDB.MRCH_SANDBOX.CBSA_POPULATION,"active_customer_yoy_growth, active_customers_per_1000_households, clinic_orders_per_clinic, clinics_per_10000_households, corporate_clinic_share, practice_hub_clinic_share, veterinarians_per_10000_households",Hypothesis,True,market-attractiveness-synthetic-v1,1.0,SYNTHETIC_COMPLETE,prototype_ready,synthetic_prototype_only
proto:8a7fc8e1c8,,"Norwich-New London, CT","Norwich-New London, CT",metropolitan,2026-07-31,2025-07-31,21001,23353.0,-0.100715,0.099323,110073.0,110073.0,190.7915655973763,278342.0,278342.0,78059.612903,78059.612903,48.0,48.0,97.0,97.0,4.360742416396391,8.812333633134374,0.0,0.0,0.0,13.0,13.0,0.2708333333333333,125817.0,125817.0,2621.1875,2012-10-18,2012-10-18,2023-11-01,2023-11-01,31.0,31.0,2026-07-31,2026-07-31,EDLDB.CDM.CUSTOMER_AGGREGATE_SNAPSHOT,EDLDB.MRCH_SANDBOX.CBSA_ZIPCODE_MAPPING,EDLDB.MRCH_SANDBOX.MEDIAN_HOUSEHOLD_INCOME_ZIPCODE,EDLDB.MRCH_SANDBOX.CLINIC_PROFILE,EDLDB.MRCH_SANDBOX.CBSA_POPULATION,"active_customer_yoy_growth, active_customers_per_1000_households, clinic_orders_per_clinic, clinics_per_10000_households, corporate_clinic_share, practice_hub_clinic_share, veterinarians_per_10000_households",Hypothesis,True,market-attractiveness-synthetic-v1,1.0,SYNTHETIC_COMPLETE,prototype_ready,synthetic_prototype_only
proto:34f669ff3d,,"Lebanon, NH-VT","Lebanon, NH-VT",micropolitan,2026-07-31,2025-07-31,20527,23098.0,-0.111308,0.063252,89313.0,89313.0,229.8321632908983,,223238.0,68719.622642,68719.622642,57.0,57.0,114.0,114.0,6.382049645628296,12.764099291256592,0.0,0.0,0.0,21.0,21.0,0.3684210526315789,100630.0,100630.0,1765.438596491228,2012-11-19,2012-11-19,2023-08-23,2023-08-23,106.0,106.0,2026-07-31,2026-07-31,EDLDB.CDM.CUSTOMER_AGGREGATE_SNAPSHOT,EDLDB.MRCH_SANDBOX.CBSA_ZIPCODE_MAPPING,EDLDB.MRCH_SANDBOX.MEDIAN_HOUSEHOLD_INCOME_ZIPCODE,EDLDB.MRCH_SANDBOX.CLINIC_PROFILE,EDLDB.MRCH_SANDBOX.CBSA_POPULATION,"active_customer_yoy_growth, active_customers_per_1000_households, clinic_orders_per_clinic, clinics_per_10000_households, corporate_clinic_share, practice_hub_clinic_share, total_population, veterinarians_per_10000_households",Hypothesis,True,market-attractiveness-synthetic-v1,1.0,SYNTHETIC_COMPLETE,prototype_ready,synthetic_prototype_only
proto:6c8dd61120,,"Santa Maria-Santa Barbara, CA","Santa Maria-Santa Barbara, CA",metropolitan,2026-07-31,2025-07-31,20517,22724.0,-0.097122,0.1085,148485.0,148485.0,138.17557329023134,448424.0,448424.0,81552.869565,81552.869565,77.0,77.0,159.0,159.0,5.185708994174496,10.708152338620064,0.0,0.0,0.0,27.0,27.0,0.35064935064935066,174992.0,174992.0,2272.6233766233768,2013-02-16,2013-02-16,2023-04-25,2023-04-25,23.0,23.0,2026-07-31,2026-07-31,EDLDB.CDM.CUSTOMER_AGGREGATE_SNAPSHOT,EDLDB.MRCH_SANDBOX.CBSA_ZIPCODE_MAPPING,EDLDB.MRCH_SANDBOX.MEDIAN_HOUSEHOLD_INCOME_ZIPCODE,EDLDB.MRCH_SANDBOX.CLINIC_PROFILE,EDLDB.MRCH_SANDBOX.CBSA_POPULATION,"active_customer_yoy_growth, active_customers_per_1000_households, clinic_orders_per_clinic, clinics_per_10000_households, corporate_clinic_share, practice_hub_clinic_share, veterinarians_per_10000_households",Hypothesis,True,market-attractiveness-synthetic-v1,1.0,SYNTHETIC_COMPLETE,prototype_ready,synthetic_prototype_only
proto:61a2eff660,,"Hagerstown-Martinsburg, MD-WV","Hagerstown-Martinsburg, MD-WV",metropolitan,2026-07-31,2025-07-31,20424,23418.0,-0.12785,0.026056,108104.0,108104.0,188.92917930881373,294483.0,294483.0,62805.892857,62805.892857,32.0,32.0,86.0,86.0,2.9601124842744024,7.955302301487457,0.0,0.0,0.0,6.0,6.0,0.1875,82812.0,82812.0,2587.875,2012-11-04,2012-11-04,2022-09-26,2022-09-26,28.0,28.0,2026-07-31,2026-07-31,EDLDB.CDM.CUSTOMER_AGGREGATE_SNAPSHOT,EDLDB.MRCH_SANDBOX.CBSA_ZIPCODE_MAPPING,EDLDB.MRCH_SANDBOX.MEDIAN_HOUSEHOLD_INCOME_ZIPCODE,EDLDB.MRCH_SANDBOX.CLINIC_PROFILE,EDLDB.MRCH_SANDBOX.CBSA_POPULATION,"active_customer_yoy_growth, active_customers_per_1000_households, clinic_orders_per_clinic, clinics_per_10000_households, corporate_clinic_share, practice_hub_clinic_share, veterinarians_per_10000_households",Hypothesis,True,market-attractiveness-synthetic-v1,1.0,SYNTHETIC_COMPLETE,prototype_ready,synthetic_prototype_only
proto:936fffb9d9,,"Flint, MI","Flint, MI",metropolitan,2026-07-31,2025-07-31,20278,23608.0,-0.141054,0.004927,179688.0,179688.0,112.85116424023863,405777.0,405777.0,50369.423077,50369.423077,49.0,49.0,96.0,96.0,2.7269489337073147,5.342593829304127,0.0,0.0,0.0,12.0,12.0,0.24489795918367346,94760.0,94760.0,1933.8775510204082,2012-10-30,2012-10-30,2023-05-10,2023-05-10,26.0,26.0,2026-07-31,2026-07-31,EDLDB.CDM.CUSTOMER_AGGREGATE_SNAPSHOT,EDLDB.MRCH_SANDBOX.CBSA_ZIPCODE_MAPPING,EDLDB.MRCH_SANDBOX.MEDIAN_HOUSEHOLD_INCOME_ZIPCODE,EDLDB.MRCH_SANDBOX.CLINIC_PROFILE,EDLDB.MRCH_SANDBOX.CBSA_POPULATION,"active_customer_yoy_growth, active_customers_per_1000_households, clinic_orders_per_clinic, clinics_per_10000_households, corporate_clinic_share, practice_hub_clinic_share, veterinarians_per_10000_households",Hypothesis,True,market-attractiveness-synthetic-v1,1.0,SYNTHETIC_COMPLETE,prototype_ready,synthetic_prototype_only
proto:8b9c214068,,"Greeley, CO","Greeley, CO",metropolitan,2026-07-31,2025-07-31,19718,22342.0,-0.117447,0.04689,103266.0,103266.0,190.943776267116,331458.0,331458.0,68600.971429,68600.971429,78.0,78.0,149.0,149.0,7.553308930335251,14.428756802819901,0.0,0.0,0.0,32.0,32.0,0.41025641025641024,98471.0,98471.0,1262.448717948718,2013-05-07,2013-05-07,2023-10-07,2023-10-07,35.0,35.0,2026-07-31,2026-07-31,EDLDB.CDM.CUSTOMER_AGGREGATE_SNAPSHOT,EDLDB.MRCH_SANDBOX.CBSA_ZIPCODE_MAPPING,EDLDB.MRCH_SANDBOX.MEDIAN_HOUSEHOLD_INCOME_ZIPCODE,EDLDB.MRCH_SANDBOX.CLINIC_PROFILE,EDLDB.MRCH_SANDBOX.CBSA_POPULATION,"active_customer_yoy_growth, active_customers_per_1000_households, clinic_orders_per_clinic, clinics_per_10000_households, corporate_clinic_share, practice_hub_clinic_share, veterinarians_per_10000_households",Hypothesis,True,market-attractiveness-synthetic-v1,1.0,SYNTHETIC_COMPLETE,prototype_ready,synthetic_prototype_only
proto:8e0bcf2621,,"Salem, OR","Salem, OR",metropolitan,2026-07-31,2025-07-31,19535,22491.0,-0.13143,0.018908,151811.0,151811.0,128.67973993979356,434306.0,434306.0,60326.78125,60326.78125,61.0,61.0,146.0,146.0,4.01815415220241,9.617221413468062,1.0,1.0,0.01639344262295082,21.0,21.0,0.3442622950819672,125830.0,125830.0,2062.7868852459014,2012-10-19,2012-10-19,2023-06-29,2023-06-29,32.0,32.0,2026-07-31,2026-07-31,EDLDB.CDM.CUSTOMER_AGGREGATE_SNAPSHOT,EDLDB.MRCH_SANDBOX.CBSA_ZIPCODE_MAPPING,EDLDB.MRCH_SANDBOX.MEDIAN_HOUSEHOLD_INCOME_ZIPCODE,EDLDB.MRCH_SANDBOX.CLINIC_PROFILE,EDLDB.MRCH_SANDBOX.CBSA_POPULATION,"active_customer_yoy_growth, active_customers_per_1000_households, clinic_orders_per_clinic, clinics_per_10000_households, corporate_clinic_share, practice_hub_clinic_share, veterinarians_per_10000_households",Hypothesis,True,market-attractiveness-synthetic-v1,1.0,SYNTHETIC_COMPLETE,prototype_ready,synthetic_prototype_only
proto:13e72522d4,,"Davenport-Moline-Rock Island, IA-IL","Davenport-Moline-Rock Island, IA-IL",metropolitan,2026-07-31,2025-07-31,19528,22651.0,-0.137875,0.010718,173822.0,173822.0,112.34481250934864,433558.0,433558.0,62969.808219,62969.808219,58.0,58.0,102.0,102.0,3.336746786942965,5.8680719356583175,0.0,0.0,0.0,16.0,16.0,0.27586206896551724,89265.0,89265.0,1539.051724137931,2012-10-22,2012-10-22,2022-09-06,2022-09-06,73.0,73.0,2026-07-31,2026-07-31,EDLDB.CDM.CUSTOMER_AGGREGATE_SNAPSHOT,EDLDB.MRCH_SANDBOX.CBSA_ZIPCODE_MAPPING,EDLDB.MRCH_SANDBOX.MEDIAN_HOUSEHOLD_INCOME_ZIPCODE,EDLDB.MRCH_SANDBOX.CLINIC_PROFILE,EDLDB.MRCH_SANDBOX.CBSA_POPULATION,"active_customer_yoy_growth, active_customers_per_1000_households, clinic_orders_per_clinic, clinics_per_10000_households, corporate_clinic_share, practice_hub_clinic_share, veterinarians_per_10000_households",Hypothesis,True,market-attractiveness-synthetic-v1,1.0,SYNTHETIC_COMPLETE,prototype_ready,synthetic_prototype_only
proto:8cd377dcae,,"Charlottesville, VA","Charlottesville, VA",metropolitan,2026-07-31,2025-07-31,19490,21701.0,-0.101885,0.092927,90993.0,90993.0,214.19230050663236,221620.0,221620.0,66245.948718,66245.948718,49.0,49.0,139.0,139.0,5.385029617662897,15.275900343982505,0.0,0.0,0.0,20.0,20.0,0.40816326530612246,127064.0,127064.0,2593.1428571428573,2012-10-21,2012-10-21,2023-12-01,2023-12-01,39.0,39.0,2026-07-31,2026-07-31,EDLDB.CDM.CUSTOMER_AGGREGATE_SNAPSHOT,EDLDB.MRCH_SANDBOX.CBSA_ZIPCODE_MAPPING,EDLDB.MRCH_SANDBOX.MEDIAN_HOUSEHOLD_INCOME_ZIPCODE,EDLDB.MRCH_SANDBOX.CLINIC_PROFILE,EDLDB.MRCH_SANDBOX.CBSA_POPULATION,"active_customer_yoy_growth, active_customers_per_1000_households, clinic_orders_per_clinic, clinics_per_10000_households, corporate_clinic_share, practice_hub_clinic_share, veterinarians_per_10000_households",Hypothesis,True,market-attractiveness-synthetic-v1,1.0,SYNTHETIC_COMPLETE,prototype_ready,synthetic_prototype_only
proto:db8a2e9d29,,"Naples-Marco Island, FL","Naples-Marco Island, FL",metropolitan,2026-07-31,2025-07-31,19464,22318.0,-0.127879,0.025792,147479.0,147479.0,131.97811213799932,377310.0,377310.0,62774.857143,62774.857143,48.0,48.0,115.0,115.0,3.2547006692478253,7.797720353406247,0.0,0.0,0.0,15.0,15.0,0.3125,136676.0,136676.0,2847.4166666666665,2012-10-22,2012-10-22,2023-06-14,2023-06-14,21.0,21.0,2026-07-31,2026-07-31,EDLDB.CDM.CUSTOMER_AGGREGATE_SNAPSHOT,EDLDB.MRCH_SANDBOX.CBSA_ZIPCODE_MAPPING,EDLDB.MRCH_SANDBOX.MEDIAN_HOUSEHOLD_INCOME_ZIPCODE,EDLDB.MRCH_SANDBOX.CLINIC_PROFILE,EDLDB.MRCH_SANDBOX.CBSA_POPULATION,"active_customer_yoy_growth, active_customers_per_1000_households, clinic_orders_per_clinic, clinics_per_10000_households, corporate_clinic_share, practice_hub_clinic_share, veterinarians_per_10000_households",Hypothesis,True,market-attractiveness-synthetic-v1,1.0,SYNTHETIC_COMPLETE,prototype_ready,synthetic_prototype_only
proto:72d246f9ed,,"Trenton-Princeton, NJ","Trenton-Princeton, NJ",metropolitan,2026-07-31,2025-07-31,19399,21761.0,-0.108543,0.070759,140015.0,140015.0,138.54944113130736,386466.0,386466.0,89404.590909,89404.590909,41.0,41.0,144.0,144.0,2.9282576866764276,10.284612362961113,0.0,0.0,0.0,10.0,10.0,0.24390243902439024,162834.0,162834.0,3971.560975609756,2012-10-23,2012-10-23,2023-10-19,2023-10-19,22.0,22.0,2026-07-31,2026-07-31,EDLDB.CDM.CUSTOMER_AGGREGATE_SNAPSHOT,EDLDB.MRCH_SANDBOX.CBSA_ZIPCODE_MAPPING,EDLDB.MRCH_SANDBOX.MEDIAN_HOUSEHOLD_INCOME_ZIPCODE,EDLDB.MRCH_SANDBOX.CLINIC_PROFILE,EDLDB.MRCH_SANDBOX.CBSA_POPULATION,"active_customer_yoy_growth, active_customers_per_1000_households, clinic_orders_per_clinic, clinics_per_10000_households, corporate_clinic_share, practice_hub_clinic_share, veterinarians_per_10000_households",Hypothesis,True,market-attractiveness-synthetic-v1,1.0,SYNTHETIC_COMPLETE,prototype_ready,synthetic_prototype_only
proto:b1214b8ffa,,"South Bend-Mishawaka, IN-MI","South Bend-Mishawaka, IN-MI",metropolitan,2026-07-31,2025-07-31,19364,22233.0,-0.129042,0.022095,152930.0,152930.0,126.62002223239391,431253.0,431253.0,57677.0,57677.0,40.0,40.0,91.0,91.0,2.615575753612764,5.950434839469038,0.0,0.0,0.0,16.0,16.0,0.4,116602.0,116602.0,2915.05,2012-11-05,2012-11-05,2022-12-18,2022-12-18,33.0,33.0,2026-07-31,2026-07-31,EDLDB.CDM.CUSTOMER_AGGREGATE_SNAPSHOT,EDLDB.MRCH_SANDBOX.CBSA_ZIPCODE_MAPPING,EDLDB.MRCH_SANDBOX.MEDIAN_HOUSEHOLD_INCOME_ZIPCODE,EDLDB.MRCH_SANDBOX.CLINIC_PROFILE,EDLDB.MRCH_SANDBOX.CBSA_POPULATION,"active_customer_yoy_growth, active_customers_per_1000_households, clinic_orders_per_clinic, clinics_per_10000_households, corporate_clinic_share, practice_hub_clinic_share, veterinarians_per_10000_households",Hypothesis,True,market-attractiveness-synthetic-v1,1.0,SYNTHETIC_COMPLETE,prototype_ready,synthetic_prototype_only
proto:59735c4264,,"Crestview-Fort Walton Beach-Destin, FL","Crestview-Fort Walton Beach-Destin, FL",metropolitan,2026-07-31,2025-07-31,19109,22079.0,-0.134517,0.014593,110669.0,110669.0,172.66804615565334,288026.0,288026.0,57523.391304,57523.391304,54.0,54.0,121.0,121.0,4.879415193053158,10.933504414063558,0.0,0.0,0.0,24.0,24.0,0.4444444444444444,150952.0,150952.0,2795.4074074074074,2012-11-11,2012-11-11,2023-10-14,2023-10-14,23.0,23.0,2026-07-31,2026-07-31,EDLDB.CDM.CUSTOMER_AGGREGATE_SNAPSHOT,EDLDB.MRCH_SANDBOX.CBSA_ZIPCODE_MAPPING,EDLDB.MRCH_SANDBOX.MEDIAN_HOUSEHOLD_INCOME_ZIPCODE,EDLDB.MRCH_SANDBOX.CLINIC_PROFILE,EDLDB.MRCH_SANDBOX.CBSA_POPULATION,"active_customer_yoy_growth, active_customers_per_1000_households, clinic_orders_per_clinic, clinics_per_10000_households, corporate_clinic_share, practice_hub_clinic_share, veterinarians_per_10000_households",Hypothesis,True,market-attractiveness-synthetic-v1,1.0,SYNTHETIC_COMPLETE,prototype_ready,synthetic_prototype_only
proto:20186c112e,,"Bremerton-Silverdale-Port Orchard, WA","Bremerton-Silverdale-Port Orchard, WA",metropolitan,2026-07-31,2025-07-31,18896,21445.0,-0.118862,0.043885,110518.0,110518.0,170.97667348305254,275823.0,275823.0,65586.333333,65586.333333,44.0,44.0,129.0,129.0,3.9812519227637124,11.67230677355725,0.0,0.0,0.0,21.0,21.0,0.4772727272727273,124382.0,124382.0,2826.8636363636365,2012-12-05,2012-12-05,2023-01-22,2023-01-22,21.0,21.0,2026-07-31,2026-07-31,EDLDB.CDM.CUSTOMER_AGGREGATE_SNAPSHOT,EDLDB.MRCH_SANDBOX.CBSA_ZIPCODE_MAPPING,EDLDB.MRCH_SANDBOX.MEDIAN_HOUSEHOLD_INCOME_ZIPCODE,EDLDB.MRCH_SANDBOX.CLINIC_PROFILE,EDLDB.MRCH_SANDBOX.CBSA_POPULATION,"active_customer_yoy_growth, active_customers_per_1000_households, clinic_orders_per_clinic, clinics_per_10000_households, corporate_clinic_share, practice_hub_clinic_share, veterinarians_per_10000_households",Hypothesis,True,market-attractiveness-synthetic-v1,1.0,SYNTHETIC_COMPLETE,prototype_ready,synthetic_prototype_only
proto:e383b24e28,,"Hickory-Lenoir-Morganton, NC","Hickory-Lenoir-Morganton, NC",metropolitan,2026-07-31,2025-07-31,18774,21986.0,-0.146093,-0.004002,157449.0,157449.0,119.23861059771735,365594.0,365594.0,46926.393939,46926.393939,43.0,43.0,87.0,87.0,2.7310430679140545,5.525598765314483,0.0,0.0,0.0,15.0,15.0,0.3488372093023256,83309.0,83309.0,1937.4186046511627,2012-10-28,2012-10-28,2023-05-10,2023-05-10,33.0,33.0,2026-07-31,2026-07-31,EDLDB.CDM.CUSTOMER_AGGREGATE_SNAPSHOT,EDLDB.MRCH_SANDBOX.CBSA_ZIPCODE_MAPPING,EDLDB.MRCH_SANDBOX.MEDIAN_HOUSEHOLD_INCOME_ZIPCODE,EDLDB.MRCH_SANDBOX.CLINIC_PROFILE,EDLDB.MRCH_SANDBOX.CBSA_POPULATION,"active_customer_yoy_growth, active_customers_per_1000_households, clinic_orders_per_clinic, clinics_per_10000_households, corporate_clinic_share, practice_hub_clinic_share, veterinarians_per_10000_households",Hypothesis,True,market-attractiveness-synthetic-v1,1.0,SYNTHETIC_COMPLETE,prototype_ready,synthetic_prototype_only
proto:5321f0ac90,,"Green Bay, WI","Green Bay, WI",metropolitan,2026-07-31,2025-07-31,18650,21252.0,-0.122436,0.03733,151627.0,151627.0,122.99920198909166,328591.0,328591.0,63435.309524,63435.309524,51.0,51.0,93.0,93.0,3.363517051712426,6.133472270769718,0.0,0.0,0.0,13.0,13.0,0.2549019607843137,73251.0,73251.0,1436.2941176470588,2012-11-25,2012-11-25,2023-09-16,2023-09-16,42.0,42.0,2026-07-31,2026-07-31,EDLDB.CDM.CUSTOMER_AGGREGATE_SNAPSHOT,EDLDB.MRCH_SANDBOX.CBSA_ZIPCODE_MAPPING,EDLDB.MRCH_SANDBOX.MEDIAN_HOUSEHOLD_INCOME_ZIPCODE,EDLDB.MRCH_SANDBOX.CLINIC_PROFILE,EDLDB.MRCH_SANDBOX.CBSA_POPULATION,"active_customer_yoy_growth, active_customers_per_1000_households, clinic_orders_per_clinic, clinics_per_10000_households, corporate_clinic_share, practice_hub_clinic_share, veterinarians_per_10000_households",Hypothesis,True,market-attractiveness-synthetic-v1,1.0,SYNTHETIC_COMPLETE,prototype_ready,synthetic_prototype_only
proto:17daaee087,,"Stockton, CA","Stockton, CA",metropolitan,2026-07-31,2025-07-31,18431,21229.0,-0.131801,0.018106,230665.0,230665.0,79.90375653003274,780617.0,780617.0,69923.34375,69923.34375,56.0,56.0,111.0,111.0,2.4277632063815493,4.8121734983634274,0.0,0.0,0.0,28.0,28.0,0.5,126905.0,126905.0,2266.160714285714,2013-01-10,2013-01-10,2023-09-19,2023-09-19,32.0,32.0,2026-07-31,2026-07-31,EDLDB.CDM.CUSTOMER_AGGREGATE_SNAPSHOT,EDLDB.MRCH_SANDBOX.CBSA_ZIPCODE_MAPPING,EDLDB.MRCH_SANDBOX.MEDIAN_HOUSEHOLD_INCOME_ZIPCODE,EDLDB.MRCH_SANDBOX.CLINIC_PROFILE,EDLDB.MRCH_SANDBOX.CBSA_POPULATION,"active_customer_yoy_growth, active_customers_per_1000_households, clinic_orders_per_clinic, clinics_per_10000_households, corporate_clinic_share, practice_hub_clinic_share, veterinarians_per_10000_households",Hypothesis,True,market-attractiveness-synthetic-v1,1.0,SYNTHETIC_COMPLETE,prototype_ready,synthetic_prototype_only
proto:46b97e0c04,,"Prescott Valley-Prescott, AZ","Prescott Valley-Prescott, AZ",metropolitan,2026-07-31,2025-07-31,18416,21066.0,-0.125795,0.030559,102859.0,102859.0,179.04121175589884,237217.0,237217.0,46154.107143,46154.107143,46.0,46.0,100.0,100.0,4.472141475223364,9.722046685268182,0.0,0.0,0.0,20.0,20.0,0.43478260869565216,103077.0,103077.0,2240.804347826087,2012-10-31,2012-10-31,2023-04-10,2023-04-10,28.0,28.0,2026-07-31,2026-07-31,EDLDB.CDM.CUSTOMER_AGGREGATE_SNAPSHOT,EDLDB.MRCH_SANDBOX.CBSA_ZIPCODE_MAPPING,EDLDB.MRCH_SANDBOX.MEDIAN_HOUSEHOLD_INCOME_ZIPCODE,EDLDB.MRCH_SANDBOX.CLINIC_PROFILE,EDLDB.MRCH_SANDBOX.CBSA_POPULATION,"active_customer_yoy_growth, active_customers_per_1000_households, clinic_orders_per_clinic, clinics_per_10000_households, corporate_clinic_share, practice_hub_clinic_share, veterinarians_per_10000_households",Hypothesis,True,market-attractiveness-synthetic-v1,1.0,SYNTHETIC_COMPLETE,prototype_ready,synthetic_prototype_only
proto:2358cf179c,,"San Luis Obispo-Paso Robles, CA","San Luis Obispo-Paso Robles, CA",metropolitan,2026-07-31,2025-07-31,18389,20521.0,-0.103894,0.086152,106610.0,106610.0,172.48850952068287,281884.0,281884.0,71649.954545,71649.954545,72.0,72.0,143.0,143.0,6.753587843541882,13.413375855923459,1.0,1.0,0.013888888888888888,23.0,23.0,0.3194444444444444,126330.0,126330.0,1754.5833333333333,2012-11-03,2012-11-03,2023-08-24,2023-08-24,22.0,22.0,2026-07-31,2026-07-31,EDLDB.CDM.CUSTOMER_AGGREGATE_SNAPSHOT,EDLDB.MRCH_SANDBOX.CBSA_ZIPCODE_MAPPING,EDLDB.MRCH_SANDBOX.MEDIAN_HOUSEHOLD_INCOME_ZIPCODE,EDLDB.MRCH_SANDBOX.CLINIC_PROFILE,EDLDB.MRCH_SANDBOX.CBSA_POPULATION,"active_customer_yoy_growth, active_customers_per_1000_households, clinic_orders_per_clinic, clinics_per_10000_households, corporate_clinic_share, practice_hub_clinic_share, veterinarians_per_10000_households",Hypothesis,True,market-attractiveness-synthetic-v1,1.0,SYNTHETIC_COMPLETE,prototype_ready,synthetic_prototype_only
proto:c8906ef01a,,"Huntington-Ashland, WV-KY-OH","Huntington-Ashland, WV-KY-OH",metropolitan,2026-07-31,2025-07-31,18300,21312.0,-0.141329,0.004024,162387.0,162387.0,112.69375011546491,375689.0,375689.0,43703.069444,43703.069444,32.0,32.0,55.0,55.0,1.9706010949152333,3.3869706318855575,0.0,0.0,0.0,16.0,16.0,0.5,80860.0,80860.0,2526.875,2012-10-19,2012-10-19,2023-10-15,2023-10-15,72.0,72.0,2026-07-31,2026-07-31,EDLDB.CDM.CUSTOMER_AGGREGATE_SNAPSHOT,EDLDB.MRCH_SANDBOX.CBSA_ZIPCODE_MAPPING,EDLDB.MRCH_SANDBOX.MEDIAN_HOUSEHOLD_INCOME_ZIPCODE,EDLDB.MRCH_SANDBOX.CLINIC_PROFILE,EDLDB.MRCH_SANDBOX.CBSA_POPULATION,"active_customer_yoy_growth, active_customers_per_1000_households, clinic_orders_per_clinic, clinics_per_10000_households, corporate_clinic_share, practice_hub_clinic_share, veterinarians_per_10000_households",Hypothesis,True,market-attractiveness-synthetic-v1,1.0,SYNTHETIC_COMPLETE,prototype_ready,synthetic_prototype_only
proto:2787c42eae,,"Binghamton, NY","Binghamton, NY",metropolitan,2026-07-31,2025-07-31,18231,20446.0,-0.108334,0.072852,108549.0,108549.0,167.95180056932813,246504.0,246504.0,49784.243902,49784.243902,36.0,36.0,64.0,64.0,3.316474587513473,5.895954822246175,0.0,0.0,0.0,7.0,7.0,0.19444444444444445,84540.0,84540.0,2348.3333333333335,2012-10-21,2012-10-21,2023-06-09,2023-06-09,41.0,41.0,2026-07-31,2026-07-31,EDLDB.CDM.CUSTOMER_AGGREGATE_SNAPSHOT,EDLDB.MRCH_SANDBOX.CBSA_ZIPCODE_MAPPING,EDLDB.MRCH_SANDBOX.MEDIAN_HOUSEHOLD_INCOME_ZIPCODE,EDLDB.MRCH_SANDBOX.CLINIC_PROFILE,EDLDB.MRCH_SANDBOX.CBSA_POPULATION,"active_customer_yoy_growth, active_customers_per_1000_households, clinic_orders_per_clinic, clinics_per_10000_households, corporate_clinic_share, practice_hub_clinic_share, veterinarians_per_10000_households",Hypothesis,True,market-attractiveness-synthetic-v1,1.0,SYNTHETIC_COMPLETE,prototype_ready,synthetic_prototype_only
proto:515103bdf1,,"Duluth, MN-WI","Duluth, MN-WI",metropolitan,2026-07-31,2025-07-31,18222,20334.0,-0.103865,0.087015,129785.0,129785.0,140.4014331394229,280619.0,280619.0,58975.506494,58975.506494,33.0,33.0,61.0,61.0,2.5426667180336713,4.700080903031937,0.0,0.0,0.0,12.0,12.0,0.36363636363636365,54718.0,54718.0,1658.121212121212,2012-10-29,2012-10-29,2023-10-25,2023-10-25,77.0,77.0,2026-07-31,2026-07-31,EDLDB.CDM.CUSTOMER_AGGREGATE_SNAPSHOT,EDLDB.MRCH_SANDBOX.CBSA_ZIPCODE_MAPPING,EDLDB.MRCH_SANDBOX.MEDIAN_HOUSEHOLD_INCOME_ZIPCODE,EDLDB.MRCH_SANDBOX.CLINIC_PROFILE,EDLDB.MRCH_SANDBOX.CBSA_POPULATION,"active_customer_yoy_growth, active_customers_per_1000_households, clinic_orders_per_clinic, clinics_per_10000_households, corporate_clinic_share, practice_hub_clinic_share, veterinarians_per_10000_households",Hypothesis,True,market-attractiveness-synthetic-v1,1.0,SYNTHETIC_COMPLETE,prototype_ready,synthetic_prototype_only
proto:e4a420ad8b,,"Kingston, NY","Kingston, NY",metropolitan,2026-07-31,2025-07-31,18153,20477.0,-0.113493,0.057919,79404.0,79404.0,228.61568686716035,181271.0,181271.0,62840.0,62840.0,40.0,40.0,68.0,68.0,5.037529595486374,8.563800312326835,0.0,0.0,0.0,14.0,14.0,0.35,92339.0,92339.0,2308.475,2012-10-23,2012-10-23,2023-11-05,2023-11-05,64.0,64.0,2026-07-31,2026-07-31,EDLDB.CDM.CUSTOMER_AGGREGATE_SNAPSHOT,EDLDB.MRCH_SANDBOX.CBSA_ZIPCODE_MAPPING,EDLDB.MRCH_SANDBOX.MEDIAN_HOUSEHOLD_INCOME_ZIPCODE,EDLDB.MRCH_SANDBOX.CLINIC_PROFILE,EDLDB.MRCH_SANDBOX.CBSA_POPULATION,"active_customer_yoy_growth, active_customers_per_1000_households, clinic_orders_per_clinic, clinics_per_10000_households, corporate_clinic_share, practice_hub_clinic_share, veterinarians_per_10000_households",Hypothesis,True,market-attractiveness-synthetic-v1,1.0,SYNTHETIC_COMPLETE,prototype_ready,synthetic_prototype_only
proto:d6cd505c49,,"Kingsport-Bristol, TN-VA","Kingsport-Bristol, TN-VA",metropolitan,2026-07-31,2025-07-31,18055,21108.0,-0.144637,-0.00198,146160.0,146160.0,123.52900930487138,307750.0,307750.0,45415.567568,45415.567568,42.0,42.0,89.0,89.0,2.8735632183908044,6.089217296113848,0.0,0.0,0.0,11.0,11.0,0.2619047619047619,85129.0,85129.0,2026.8809523809523,2012-10-22,2012-10-22,2023-07-31,2023-07-31,37.0,37.0,2026-07-31,2026-07-31,EDLDB.CDM.CUSTOMER_AGGREGATE_SNAPSHOT,EDLDB.MRCH_SANDBOX.CBSA_ZIPCODE_MAPPING,EDLDB.MRCH_SANDBOX.MEDIAN_HOUSEHOLD_INCOME_ZIPCODE,EDLDB.MRCH_SANDBOX.CLINIC_PROFILE,EDLDB.MRCH_SANDBOX.CBSA_POPULATION,"active_customer_yoy_growth, active_customers_per_1000_households, clinic_orders_per_clinic, clinics_per_10000_households, corporate_clinic_share, practice_hub_clinic_share, veterinarians_per_10000_households",Hypothesis,True,market-attractiveness-synthetic-v1,1.0,SYNTHETIC_COMPLETE,prototype_ready,synthetic_prototype_only
proto:abb43bc05c,,"Vallejo, CA","Vallejo, CA",metropolitan,2026-07-31,2025-07-31,17663,19953.0,-0.11477,0.05366,150731.0,150731.0,117.18226509477148,452723.0,452723.0,84485.333333,84485.333333,57.0,57.0,128.0,128.0,3.7815711432950088,8.491949234065986,0.0,0.0,0.0,16.0,16.0,0.2807017543859649,116750.0,116750.0,2048.245614035088,2012-11-30,2012-11-30,2023-06-15,2023-06-15,15.0,15.0,2026-07-31,2026-07-31,EDLDB.CDM.CUSTOMER_AGGREGATE_SNAPSHOT,EDLDB.MRCH_SANDBOX.CBSA_ZIPCODE_MAPPING,EDLDB.MRCH_SANDBOX.MEDIAN_HOUSEHOLD_INCOME_ZIPCODE,EDLDB.MRCH_SANDBOX.CLINIC_PROFILE,EDLDB.MRCH_SANDBOX.CBSA_POPULATION,"active_customer_yoy_growth, active_customers_per_1000_households, clinic_orders_per_clinic, clinics_per_10000_households, corporate_clinic_share, practice_hub_clinic_share, veterinarians_per_10000_households",Hypothesis,True,market-attractiveness-synthetic-v1,1.0,SYNTHETIC_COMPLETE,prototype_ready,synthetic_prototype_only
proto:1249faeaec,,"Lincoln, NE","Lincoln, NE",metropolitan,2026-07-31,2025-07-31,17655,19855.0,-0.110803,0.065126,139294.0,139294.0,126.74630637356957,340783.0,340783.0,78502.796296,78502.796296,44.0,44.0,85.0,85.0,3.1587864516777464,6.10220109983201,0.0,0.0,0.0,15.0,15.0,0.3409090909090909,77039.0,77039.0,1750.8863636363637,2012-11-09,2012-11-09,2023-08-31,2023-08-31,54.0,54.0,2026-07-31,2026-07-31,EDLDB.CDM.CUSTOMER_AGGREGATE_SNAPSHOT,EDLDB.MRCH_SANDBOX.CBSA_ZIPCODE_MAPPING,EDLDB.MRCH_SANDBOX.MEDIAN_HOUSEHOLD_INCOME_ZIPCODE,EDLDB.MRCH_SANDBOX.CLINIC_PROFILE,EDLDB.MRCH_SANDBOX.CBSA_POPULATION,"active_customer_yoy_growth, active_customers_per_1000_households, clinic_orders_per_clinic, clinics_per_10000_households, corporate_clinic_share, practice_hub_clinic_share, veterinarians_per_10000_households",Hypothesis,True,market-attractiveness-synthetic-v1,1.0,SYNTHETIC_COMPLETE,prototype_ready,synthetic_prototype_only
proto:1d0138cdf4,,"Tallahassee, FL","Tallahassee, FL",metropolitan,2026-07-31,2025-07-31,17655,20288.0,-0.129781,0.021301,152808.0,152808.0,115.53714465211246,385658.0,385658.0,48246.538462,48246.538462,53.0,53.0,112.0,112.0,3.468404795560442,7.329459190618292,0.0,0.0,0.0,16.0,16.0,0.3018867924528302,122840.0,122840.0,2317.735849056604,2012-10-18,2012-10-18,2023-06-21,2023-06-21,26.0,26.0,2026-07-31,2026-07-31,EDLDB.CDM.CUSTOMER_AGGREGATE_SNAPSHOT,EDLDB.MRCH_SANDBOX.CBSA_ZIPCODE_MAPPING,EDLDB.MRCH_SANDBOX.MEDIAN_HOUSEHOLD_INCOME_ZIPCODE,EDLDB.MRCH_SANDBOX.CLINIC_PROFILE,EDLDB.MRCH_SANDBOX.CBSA_POPULATION,"active_customer_yoy_growth, active_customers_per_1000_households, clinic_orders_per_clinic, clinics_per_10000_households, corporate_clinic_share, practice_hub_clinic_share, veterinarians_per_10000_households",Hypothesis,True,market-attractiveness-synthetic-v1,1.0,SYNTHETIC_COMPLETE,prototype_ready,synthetic_prototype_only
proto:3b7e1ba3f5,,"Kalamazoo-Portage, MI","Kalamazoo-Portage, MI",metropolitan,2026-07-31,2025-07-31,16923,19577.0,-0.135567,0.012947,121152.0,121152.0,139.68403328050712,261796.0,261796.0,63511.583333,63511.583333,49.0,49.0,90.0,90.0,4.0445060750132065,7.428684627575278,0.0,0.0,0.0,14.0,14.0,0.2857142857142857,88645.0,88645.0,1809.0816326530612,2012-11-04,2012-11-04,2023-12-15,2023-12-15,24.0,24.0,2026-07-31,2026-07-31,EDLDB.CDM.CUSTOMER_AGGREGATE_SNAPSHOT,EDLDB.MRCH_SANDBOX.CBSA_ZIPCODE_MAPPING,EDLDB.MRCH_SANDBOX.MEDIAN_HOUSEHOLD_INCOME_ZIPCODE,EDLDB.MRCH_SANDBOX.CLINIC_PROFILE,EDLDB.MRCH_SANDBOX.CBSA_POPULATION,"active_customer_yoy_growth, active_customers_per_1000_households, clinic_orders_per_clinic, clinics_per_10000_households, corporate_clinic_share, practice_hub_clinic_share, veterinarians_per_10000_households",Hypothesis,True,market-attractiveness-synthetic-v1,1.0,SYNTHETIC_COMPLETE,prototype_ready,synthetic_prototype_only
proto:7b3ecdea61,,"Santa Cruz-Watsonville, CA","Santa Cruz-Watsonville, CA",metropolitan,2026-07-31,2025-07-31,16906,18797.0,-0.100601,0.10086,101443.0,101443.0,166.65516595526552,270474.0,270474.0,88879.176471,88879.176471,67.0,67.0,147.0,147.0,6.604694261802194,14.490896365446606,0.0,0.0,0.0,22.0,22.0,0.3283582089552239,144553.0,144553.0,2157.507462686567,2012-11-09,2012-11-09,2023-10-11,2023-10-11,17.0,17.0,2026-07-31,2026-07-31,EDLDB.CDM.CUSTOMER_AGGREGATE_SNAPSHOT,EDLDB.MRCH_SANDBOX.CBSA_ZIPCODE_MAPPING,EDLDB.MRCH_SANDBOX.MEDIAN_HOUSEHOLD_INCOME_ZIPCODE,EDLDB.MRCH_SANDBOX.CLINIC_PROFILE,EDLDB.MRCH_SANDBOX.CBSA_POPULATION,"active_customer_yoy_growth, active_customers_per_1000_households, clinic_orders_per_clinic, clinics_per_10000_households, corporate_clinic_share, practice_hub_clinic_share, veterinarians_per_10000_households",Hypothesis,True,market-attractiveness-synthetic-v1,1.0,SYNTHETIC_COMPLETE,prototype_ready,synthetic_prototype_only
proto:8135140bf4,,"Atlantic City-Hammonton, NJ","Atlantic City-Hammonton, NJ",metropolitan,2026-07-31,2025-07-31,16598,18851.0,-0.119516,0.042713,101056.0,101056.0,164.2455668144395,369234.0,369234.0,64715.576923,64715.576923,26.0,26.0,55.0,55.0,2.5728309056364784,5.4425269157694744,0.0,0.0,0.0,10.0,10.0,0.38461538461538464,95567.0,95567.0,3675.653846153846,2012-10-22,2012-10-22,2023-03-26,2023-03-26,26.0,26.0,2026-07-31,2026-07-31,EDLDB.CDM.CUSTOMER_AGGREGATE_SNAPSHOT,EDLDB.MRCH_SANDBOX.CBSA_ZIPCODE_MAPPING,EDLDB.MRCH_SANDBOX.MEDIAN_HOUSEHOLD_INCOME_ZIPCODE,EDLDB.MRCH_SANDBOX.CLINIC_PROFILE,EDLDB.MRCH_SANDBOX.CBSA_POPULATION,"active_customer_yoy_growth, active_customers_per_1000_households, clinic_orders_per_clinic, clinics_per_10000_households, corporate_clinic_share, practice_hub_clinic_share, veterinarians_per_10000_households",Hypothesis,True,market-attractiveness-synthetic-v1,1.0,SYNTHETIC_COMPLETE,prototype_ready,synthetic_prototype_only
proto:3e1d027ce8,,"Bend, OR","Bend, OR",metropolitan,2026-07-31,2025-07-31,16347,18200.0,-0.101813,0.09407,79629.0,79629.0,205.28953019628526,248974.0,248974.0,58732.625,58732.625,56.0,56.0,138.0,138.0,7.032613746248226,17.330369588968843,0.0,0.0,0.0,17.0,17.0,0.30357142857142855,91402.0,91402.0,1632.1785714285713,2012-11-02,2012-11-02,2023-10-01,2023-10-01,8.0,8.0,2026-07-31,2026-07-31,EDLDB.CDM.CUSTOMER_AGGREGATE_SNAPSHOT,EDLDB.MRCH_SANDBOX.CBSA_ZIPCODE_MAPPING,EDLDB.MRCH_SANDBOX.MEDIAN_HOUSEHOLD_INCOME_ZIPCODE,EDLDB.MRCH_SANDBOX.CLINIC_PROFILE,EDLDB.MRCH_SANDBOX.CBSA_POPULATION,"active_customer_yoy_growth, active_customers_per_1000_households, clinic_orders_per_clinic, clinics_per_10000_households, corporate_clinic_share, practice_hub_clinic_share, veterinarians_per_10000_households",Hypothesis,True,market-attractiveness-synthetic-v1,1.0,SYNTHETIC_COMPLETE,prototype_ready,synthetic_prototype_only
proto:e04cc18d42,,"Evansville, IN-KY","Evansville, IN-KY",metropolitan,2026-07-31,2025-07-31,16300,18661.0,-0.126521,0.028699,136226.0,136226.0,119.6541042091818,269517.0,269517.0,54636.030303,54636.030303,37.0,37.0,77.0,77.0,2.7160747581225317,5.652371793930674,0.0,0.0,0.0,14.0,14.0,0.3783783783783784,85691.0,85691.0,2315.972972972973,2012-11-06,2012-11-06,2022-04-27,2022-04-27,33.0,33.0,2026-07-31,2026-07-31,EDLDB.CDM.CUSTOMER_AGGREGATE_SNAPSHOT,EDLDB.MRCH_SANDBOX.CBSA_ZIPCODE_MAPPING,EDLDB.MRCH_SANDBOX.MEDIAN_HOUSEHOLD_INCOME_ZIPCODE,EDLDB.MRCH_SANDBOX.CLINIC_PROFILE,EDLDB.MRCH_SANDBOX.CBSA_POPULATION,"active_customer_yoy_growth, active_customers_per_1000_households, clinic_orders_per_clinic, clinics_per_10000_households, corporate_clinic_share, practice_hub_clinic_share, veterinarians_per_10000_households",Hypothesis,True,market-attractiveness-synthetic-v1,1.0,SYNTHETIC_COMPLETE,prototype_ready,synthetic_prototype_only
proto:4ea1605a18,,"Lynchburg, VA","Lynchburg, VA",metropolitan,2026-07-31,2025-07-31,15956,17977.0,-0.112421,0.061775,102654.0,102654.0,155.4347614316052,261643.0,261643.0,58467.628571,58467.628571,41.0,41.0,93.0,93.0,3.9939992596489176,9.059559296276813,0.0,0.0,0.0,13.0,13.0,0.3170731707317073,93938.0,93938.0,2291.170731707317,2012-12-28,2012-12-28,2023-11-13,2023-11-13,35.0,35.0,2026-07-31,2026-07-31,EDLDB.CDM.CUSTOMER_AGGREGATE_SNAPSHOT,EDLDB.MRCH_SANDBOX.CBSA_ZIPCODE_MAPPING,EDLDB.MRCH_SANDBOX.MEDIAN_HOUSEHOLD_INCOME_ZIPCODE,EDLDB.MRCH_SANDBOX.CLINIC_PROFILE,EDLDB.MRCH_SANDBOX.CBSA_POPULATION,"active_customer_yoy_growth, active_customers_per_1000_households, clinic_orders_per_clinic, clinics_per_10000_households, corporate_clinic_share, practice_hub_clinic_share, veterinarians_per_10000_households",Hypothesis,True,market-attractiveness-synthetic-v1,1.0,SYNTHETIC_COMPLETE,prototype_ready,synthetic_prototype_only
proto:dadc6ca90a,,"Charleston, WV","Charleston, WV",metropolitan,2026-07-31,2025-07-31,15886,18198.0,-0.127047,0.02764,117074.0,117074.0,135.6919555153151,209982.0,209982.0,33738.536364,33738.536364,25.0,25.0,66.0,66.0,2.135401540905752,5.637460067991185,0.0,0.0,0.0,14.0,14.0,0.56,105481.0,105481.0,4219.24,2012-10-27,2012-10-27,2023-04-01,2023-04-01,110.0,110.0,2026-07-31,2026-07-31,EDLDB.CDM.CUSTOMER_AGGREGATE_SNAPSHOT,EDLDB.MRCH_SANDBOX.CBSA_ZIPCODE_MAPPING,EDLDB.MRCH_SANDBOX.MEDIAN_HOUSEHOLD_INCOME_ZIPCODE,EDLDB.MRCH_SANDBOX.CLINIC_PROFILE,EDLDB.MRCH_SANDBOX.CBSA_POPULATION,"active_customer_yoy_growth, active_customers_per_1000_households, clinic_orders_per_clinic, clinics_per_10000_households, corporate_clinic_share, practice_hub_clinic_share, veterinarians_per_10000_households",Hypothesis,True,market-attractiveness-synthetic-v1,1.0,SYNTHETIC_COMPLETE,prototype_ready,synthetic_prototype_only
proto:63916e3ce8,,"Hilton Head Island-Bluffton, SC","Hilton Head Island-Bluffton, SC",metropolitan,2026-07-31,2025-07-31,15856,18397.0,-0.13812,0.009587,88330.0,88330.0,179.50866070417752,216965.0,216965.0,50547.391304,50547.391304,40.0,40.0,93.0,93.0,4.528472772557455,10.528699196196083,0.0,0.0,0.0,19.0,19.0,0.475,133900.0,133900.0,3347.5,2012-11-07,2012-11-07,2023-11-02,2023-11-02,23.0,23.0,2026-07-31,2026-07-31,EDLDB.CDM.CUSTOMER_AGGREGATE_SNAPSHOT,EDLDB.MRCH_SANDBOX.CBSA_ZIPCODE_MAPPING,EDLDB.MRCH_SANDBOX.MEDIAN_HOUSEHOLD_INCOME_ZIPCODE,EDLDB.MRCH_SANDBOX.CLINIC_PROFILE,EDLDB.MRCH_SANDBOX.CBSA_POPULATION,"active_customer_yoy_growth, active_customers_per_1000_households, clinic_orders_per_clinic, clinics_per_10000_households, corporate_clinic_share, practice_hub_clinic_share, veterinarians_per_10000_households",Hypothesis,True,market-attractiveness-synthetic-v1,1.0,SYNTHETIC_COMPLETE,prototype_ready,synthetic_prototype_only
proto:7a06c028c0,,"Cedar Rapids, IA","Cedar Rapids, IA",metropolitan,2026-07-31,2025-07-31,15751,17810.0,-0.115609,0.051649,114016.0,114016.0,138.1472775750772,276621.0,276621.0,71609.886792,71609.886792,35.0,35.0,68.0,68.0,3.0697445972495085,5.964075217513332,0.0,0.0,0.0,17.0,17.0,0.4857142857142857,69118.0,69118.0,1974.8,2012-10-24,2012-10-24,2023-10-18,2023-10-18,53.0,53.0,2026-07-31,2026-07-31,EDLDB.CDM.CUSTOMER_AGGREGATE_SNAPSHOT,EDLDB.MRCH_SANDBOX.CBSA_ZIPCODE_MAPPING,EDLDB.MRCH_SANDBOX.MEDIAN_HOUSEHOLD_INCOME_ZIPCODE,EDLDB.MRCH_SANDBOX.CLINIC_PROFILE,EDLDB.MRCH_SANDBOX.CBSA_POPULATION,"active_customer_yoy_growth, active_customers_per_1000_households, clinic_orders_per_clinic, clinics_per_10000_households, corporate_clinic_share, practice_hub_clinic_share, veterinarians_per_10000_households",Hypothesis,True,market-attractiveness-synthetic-v1,1.0,SYNTHETIC_COMPLETE,prototype_ready,synthetic_prototype_only
proto:0630e4e2a8,,"Erie, PA","Erie, PA",metropolitan,2026-07-31,2025-07-31,15501,17648.0,-0.121657,0.038721,115995.0,115995.0,133.63507047717573,270578.0,270578.0,50435.787879,50435.787879,35.0,35.0,80.0,80.0,3.01737143842407,6.89684900211216,0.0,0.0,0.0,11.0,11.0,0.3142857142857143,74557.0,74557.0,2130.2,2012-11-30,2012-11-30,2023-11-24,2023-11-24,33.0,33.0,2026-07-31,2026-07-31,EDLDB.CDM.CUSTOMER_AGGREGATE_SNAPSHOT,EDLDB.MRCH_SANDBOX.CBSA_ZIPCODE_MAPPING,EDLDB.MRCH_SANDBOX.MEDIAN_HOUSEHOLD_INCOME_ZIPCODE,EDLDB.MRCH_SANDBOX.CLINIC_PROFILE,EDLDB.MRCH_SANDBOX.CBSA_POPULATION,"active_customer_yoy_growth, active_customers_per_1000_households, clinic_orders_per_clinic, clinics_per_10000_households, corporate_clinic_share, practice_hub_clinic_share, veterinarians_per_10000_households",Hypothesis,True,market-attractiveness-synthetic-v1,1.0,SYNTHETIC_COMPLETE,prototype_ready,synthetic_prototype_only
proto:fa5c0c188d,,"Provo-Orem, UT","Provo-Orem, UT",metropolitan,2026-07-31,2025-07-31,15457,18487.0,-0.163899,-0.03372,182916.0,182916.0,84.50326926020688,675414.0,675414.0,78052.0,78052.0,34.0,34.0,69.0,69.0,1.8587767062476763,3.7722233156202845,0.0,0.0,0.0,18.0,18.0,0.5294117647058824,64868.0,64868.0,1907.8823529411766,2012-12-15,2012-12-15,2023-03-10,2023-03-10,28.0,28.0,2026-07-31,2026-07-31,EDLDB.CDM.CUSTOMER_AGGREGATE_SNAPSHOT,EDLDB.MRCH_SANDBOX.CBSA_ZIPCODE_MAPPING,EDLDB.MRCH_SANDBOX.MEDIAN_HOUSEHOLD_INCOME_ZIPCODE,EDLDB.MRCH_SANDBOX.CLINIC_PROFILE,EDLDB.MRCH_SANDBOX.CBSA_POPULATION,"active_customer_yoy_growth, active_customers_per_1000_households, clinic_orders_per_clinic, clinics_per_10000_households, corporate_clinic_share, practice_hub_clinic_share, veterinarians_per_10000_households",Hypothesis,True,market-attractiveness-synthetic-v1,1.0,SYNTHETIC_COMPLETE,prototype_ready,synthetic_prototype_only
proto:912daf070f,,"Salinas, CA","Salinas, CA",metropolitan,2026-07-31,2025-07-31,15454,17384.0,-0.111022,0.064262,124470.0,124470.0,124.15843175062264,438322.0,438322.0,71256.857143,71256.857143,60.0,60.0,130.0,130.0,4.820438659918053,10.44428376315578,1.0,1.0,0.016666666666666666,19.0,19.0,0.31666666666666665,123213.0,123213.0,2053.55,2012-10-19,2012-10-19,2023-06-21,2023-06-21,28.0,28.0,2026-07-31,2026-07-31,EDLDB.CDM.CUSTOMER_AGGREGATE_SNAPSHOT,EDLDB.MRCH_SANDBOX.CBSA_ZIPCODE_MAPPING,EDLDB.MRCH_SANDBOX.MEDIAN_HOUSEHOLD_INCOME_ZIPCODE,EDLDB.MRCH_SANDBOX.CLINIC_PROFILE,EDLDB.MRCH_SANDBOX.CBSA_POPULATION,"active_customer_yoy_growth, active_customers_per_1000_households, clinic_orders_per_clinic, clinics_per_10000_households, corporate_clinic_share, practice_hub_clinic_share, veterinarians_per_10000_households",Hypothesis,True,market-attractiveness-synthetic-v1,1.0,SYNTHETIC_COMPLETE,prototype_ready,synthetic_prototype_only
proto:78945b6b76,,"Rockford, IL","Rockford, IL",metropolitan,2026-07-31,2025-07-31,15366,17723.0,-0.132991,0.016493,139028.0,139028.0,110.52449866213999,338259.0,338259.0,64146.0,64146.0,37.0,37.0,75.0,75.0,2.661334407457491,5.3945967718732915,0.0,0.0,0.0,6.0,6.0,0.16216216216216217,65417.0,65417.0,1768.027027027027,2012-11-01,2012-11-01,2023-10-02,2023-10-02,31.0,31.0,2026-07-31,2026-07-31,EDLDB.CDM.CUSTOMER_AGGREGATE_SNAPSHOT,EDLDB.MRCH_SANDBOX.CBSA_ZIPCODE_MAPPING,EDLDB.MRCH_SANDBOX.MEDIAN_HOUSEHOLD_INCOME_ZIPCODE,EDLDB.MRCH_SANDBOX.CLINIC_PROFILE,EDLDB.MRCH_SANDBOX.CBSA_POPULATION,"active_customer_yoy_growth, active_customers_per_1000_households, clinic_orders_per_clinic, clinics_per_10000_households, corporate_clinic_share, practice_hub_clinic_share, veterinarians_per_10000_households",Hypothesis,True,market-attractiveness-synthetic-v1,1.0,SYNTHETIC_COMPLETE,prototype_ready,synthetic_prototype_only
proto:752803b64d,,"Gulfport-Biloxi, MS","Gulfport-Biloxi, MS",metropolitan,2026-07-31,2025-07-31,14969,17717.0,-0.155105,-0.020255,191291.0,191291.0,78.25250534525932,472851.0,472851.0,48627.3,48627.3,57.0,57.0,81.0,81.0,2.9797533600639863,4.234386353775139,0.0,0.0,0.0,15.0,15.0,0.2631578947368421,57262.0,57262.0,1004.5964912280701,2012-11-18,2012-11-18,2023-03-13,2023-03-13,30.0,30.0,2026-07-31,2026-07-31,EDLDB.CDM.CUSTOMER_AGGREGATE_SNAPSHOT,EDLDB.MRCH_SANDBOX.CBSA_ZIPCODE_MAPPING,EDLDB.MRCH_SANDBOX.MEDIAN_HOUSEHOLD_INCOME_ZIPCODE,EDLDB.MRCH_SANDBOX.CLINIC_PROFILE,EDLDB.MRCH_SANDBOX.CBSA_POPULATION,"active_customer_yoy_growth, active_customers_per_1000_households, clinic_orders_per_clinic, clinics_per_10000_households, corporate_clinic_share, practice_hub_clinic_share, veterinarians_per_10000_households",Hypothesis,True,market-attractiveness-synthetic-v1,1.0,SYNTHETIC_COMPLETE,prototype_ready,synthetic_prototype_only
proto:8530a7934c,,"Lafayette-West Lafayette, IN","Lafayette-West Lafayette, IN",metropolitan,2026-07-31,2025-07-31,14925,16963.0,-0.120144,0.041269,119529.0,119529.0,124.86509549983685,294828.0,294828.0,58390.02381,58390.02381,38.0,38.0,123.0,123.0,3.1791448100460977,10.290389779886054,0.0,0.0,0.0,8.0,8.0,0.21052631578947367,53273.0,53273.0,1401.921052631579,2012-11-16,2012-11-16,2023-05-25,2023-05-25,42.0,42.0,2026-07-31,2026-07-31,EDLDB.CDM.CUSTOMER_AGGREGATE_SNAPSHOT,EDLDB.MRCH_SANDBOX.CBSA_ZIPCODE_MAPPING,EDLDB.MRCH_SANDBOX.MEDIAN_HOUSEHOLD_INCOME_ZIPCODE,EDLDB.MRCH_SANDBOX.CLINIC_PROFILE,EDLDB.MRCH_SANDBOX.CBSA_POPULATION,"active_customer_yoy_growth, active_customers_per_1000_households, clinic_orders_per_clinic, clinics_per_10000_households, corporate_clinic_share, practice_hub_clinic_share, veterinarians_per_10000_households",Hypothesis,True,market-attractiveness-synthetic-v1,1.0,SYNTHETIC_COMPLETE,prototype_ready,synthetic_prototype_only
proto:49b2d19262,,"Torrington, CT","Torrington, CT",micropolitan,2026-07-31,2025-07-31,14818,16582.0,-0.10638,0.07254,65010.0,65010.0,227.93416397477313,112202.0,112202.0,85408.611111,85408.611111,46.0,46.0,95.0,95.0,7.075834487001999,14.613136440547608,0.0,0.0,0.0,21.0,21.0,0.45652173913043476,127973.0,127973.0,2782.021739130435,2012-10-21,2012-10-21,2023-05-21,2023-05-21,36.0,36.0,2026-07-31,2026-07-31,EDLDB.CDM.CUSTOMER_AGGREGATE_SNAPSHOT,EDLDB.MRCH_SANDBOX.CBSA_ZIPCODE_MAPPING,EDLDB.MRCH_SANDBOX.MEDIAN_HOUSEHOLD_INCOME_ZIPCODE,EDLDB.MRCH_SANDBOX.CLINIC_PROFILE,EDLDB.MRCH_SANDBOX.CBSA_POPULATION,"active_customer_yoy_growth, active_customers_per_1000_households, clinic_orders_per_clinic, clinics_per_10000_households, corporate_clinic_share, practice_hub_clinic_share, veterinarians_per_10000_households",Hypothesis,True,market-attractiveness-synthetic-v1,1.0,SYNTHETIC_COMPLETE,prototype_ready,synthetic_prototype_only
proto:a5dd5788b7,,"Clarksville, TN-KY","Clarksville, TN-KY",metropolitan,2026-07-31,2025-07-31,14776,17464.0,-0.153917,-0.016457,128880.0,128880.0,114.64928615766605,321827.0,321827.0,56253.029412,56253.029412,34.0,34.0,93.0,93.0,2.638112973308504,7.216014897579143,0.0,0.0,0.0,10.0,10.0,0.29411764705882354,60044.0,60044.0,1766.0,2013-01-12,2013-01-12,2023-04-03,2023-04-03,34.0,34.0,2026-07-31,2026-07-31,EDLDB.CDM.CUSTOMER_AGGREGATE_SNAPSHOT,EDLDB.MRCH_SANDBOX.CBSA_ZIPCODE_MAPPING,EDLDB.MRCH_SANDBOX.MEDIAN_HOUSEHOLD_INCOME_ZIPCODE,EDLDB.MRCH_SANDBOX.CLINIC_PROFILE,EDLDB.MRCH_SANDBOX.CBSA_POPULATION,"active_customer_yoy_growth, active_customers_per_1000_households, clinic_orders_per_clinic, clinics_per_10000_households, corporate_clinic_share, practice_hub_clinic_share, veterinarians_per_10000_households",Hypothesis,True,market-attractiveness-synthetic-v1,1.0,SYNTHETIC_COMPLETE,prototype_ready,synthetic_prototype_only
proto:ad85aec4e5,,"Appleton, WI","Appleton, WI",metropolitan,2026-07-31,2025-07-31,14713,16749.0,-0.121559,0.039001,106942.0,106942.0,137.5792485646425,243451.0,243451.0,70344.962963,70344.962963,32.0,32.0,97.0,97.0,2.9922761870920684,9.070337192122834,0.0,0.0,0.0,12.0,12.0,0.375,67189.0,67189.0,2099.65625,2012-11-13,2012-11-13,2023-09-23,2023-09-23,27.0,27.0,2026-07-31,2026-07-31,EDLDB.CDM.CUSTOMER_AGGREGATE_SNAPSHOT,EDLDB.MRCH_SANDBOX.CBSA_ZIPCODE_MAPPING,EDLDB.MRCH_SANDBOX.MEDIAN_HOUSEHOLD_INCOME_ZIPCODE,EDLDB.MRCH_SANDBOX.CLINIC_PROFILE,EDLDB.MRCH_SANDBOX.CBSA_POPULATION,"active_customer_yoy_growth, active_customers_per_1000_households, clinic_orders_per_clinic, clinics_per_10000_households, corporate_clinic_share, practice_hub_clinic_share, veterinarians_per_10000_households",Hypothesis,True,market-attractiveness-synthetic-v1,1.0,SYNTHETIC_COMPLETE,prototype_ready,synthetic_prototype_only
proto:2109ec1d29,,"Jackson, MS","Jackson, MS",metropolitan,2026-07-31,2025-07-31,14315,16868.0,-0.151352,-0.011375,237831.0,237831.0,60.18979863852904,618896.0,618896.0,41973.294118,41973.294118,79.0,79.0,128.0,128.0,3.3216864075751267,5.381972913539446,0.0,0.0,0.0,21.0,21.0,0.26582278481012656,61121.0,61121.0,773.6835443037975,2012-10-26,2012-10-26,2023-10-20,2023-10-20,68.0,68.0,2026-07-31,2026-07-31,EDLDB.CDM.CUSTOMER_AGGREGATE_SNAPSHOT,EDLDB.MRCH_SANDBOX.CBSA_ZIPCODE_MAPPING,EDLDB.MRCH_SANDBOX.MEDIAN_HOUSEHOLD_INCOME_ZIPCODE,EDLDB.MRCH_SANDBOX.CLINIC_PROFILE,EDLDB.MRCH_SANDBOX.CBSA_POPULATION,"active_customer_yoy_growth, active_customers_per_1000_households, clinic_orders_per_clinic, clinics_per_10000_households, corporate_clinic_share, practice_hub_clinic_share, veterinarians_per_10000_households",Hypothesis,True,market-attractiveness-synthetic-v1,1.0,SYNTHETIC_COMPLETE,prototype_ready,synthetic_prototype_only
proto:d83bf41840,,"Spartanburg, SC","Spartanburg, SC",metropolitan,2026-07-31,2025-07-31,14269,16771.0,-0.149186,-0.00682,112848.0,112848.0,126.44442081383808,356560.0,356560.0,43156.483871,43156.483871,34.0,34.0,70.0,70.0,3.012902311073302,6.203034169856799,0.0,0.0,0.0,13.0,13.0,0.38235294117647056,61352.0,61352.0,1804.4705882352941,2012-11-12,2012-11-12,2023-12-13,2023-12-13,31.0,31.0,2026-07-31,2026-07-31,EDLDB.CDM.CUSTOMER_AGGREGATE_SNAPSHOT,EDLDB.MRCH_SANDBOX.CBSA_ZIPCODE_MAPPING,EDLDB.MRCH_SANDBOX.MEDIAN_HOUSEHOLD_INCOME_ZIPCODE,EDLDB.MRCH_SANDBOX.CLINIC_PROFILE,EDLDB.MRCH_SANDBOX.CBSA_POPULATION,"active_customer_yoy_growth, active_customers_per_1000_households, clinic_orders_per_clinic, clinics_per_10000_households, corporate_clinic_share, practice_hub_clinic_share, veterinarians_per_10000_households",Hypothesis,True,market-attractiveness-synthetic-v1,1.0,SYNTHETIC_COMPLETE,prototype_ready,synthetic_prototype_only
proto:e77fc37891,,"Morgantown, WV","Morgantown, WV",metropolitan,2026-07-31,2025-07-31,14227,16057.0,-0.113969,0.055569,79807.0,79807.0,178.26757051386468,196340.0,196340.0,47713.0,47713.0,16.0,16.0,55.0,55.0,2.004836668462666,6.891626047840416,0.0,0.0,0.0,7.0,7.0,0.4375,65523.0,65523.0,4095.1875,2012-11-28,2012-11-28,2022-11-14,2022-11-14,31.0,31.0,2026-07-31,2026-07-31,EDLDB.CDM.CUSTOMER_AGGREGATE_SNAPSHOT,EDLDB.MRCH_SANDBOX.CBSA_ZIPCODE_MAPPING,EDLDB.MRCH_SANDBOX.MEDIAN_HOUSEHOLD_INCOME_ZIPCODE,EDLDB.MRCH_SANDBOX.CLINIC_PROFILE,EDLDB.MRCH_SANDBOX.CBSA_POPULATION,"active_customer_yoy_growth, active_customers_per_1000_households, clinic_orders_per_clinic, clinics_per_10000_households, corporate_clinic_share, practice_hub_clinic_share, veterinarians_per_10000_households",Hypothesis,True,market-attractiveness-synthetic-v1,1.0,SYNTHETIC_COMPLETE,prototype_ready,synthetic_prototype_only
proto:2abf14eb7d,,"Wausau-Weston, WI","Wausau-Weston, WI",metropolitan,2026-07-31,2025-07-31,14073,15793.0,-0.108909,0.069268,108393.0,108393.0,129.83310730397721,138078.0,138078.0,59025.611111,59025.611111,26.0,26.0,54.0,54.0,2.3986788814775863,4.9818715230688335,0.0,0.0,0.0,9.0,9.0,0.34615384615384615,42426.0,42426.0,1631.7692307692307,2012-10-22,2012-10-22,2023-10-01,2023-10-01,36.0,36.0,2026-07-31,2026-07-31,EDLDB.CDM.CUSTOMER_AGGREGATE_SNAPSHOT,EDLDB.MRCH_SANDBOX.CBSA_ZIPCODE_MAPPING,EDLDB.MRCH_SANDBOX.MEDIAN_HOUSEHOLD_INCOME_ZIPCODE,EDLDB.MRCH_SANDBOX.CLINIC_PROFILE,EDLDB.MRCH_SANDBOX.CBSA_POPULATION,"active_customer_yoy_growth, active_customers_per_1000_households, clinic_orders_per_clinic, clinics_per_10000_households, corporate_clinic_share, practice_hub_clinic_share, veterinarians_per_10000_households",Hypothesis,True,market-attractiveness-synthetic-v1,1.0,SYNTHETIC_COMPLETE,prototype_ready,synthetic_prototype_only
proto:289d2d323a,,"Punta Gorda, FL","Punta Gorda, FL",metropolitan,2026-07-31,2025-07-31,13974,16274.0,-0.14133,0.003721,81355.0,81355.0,171.7657181488538,187995.0,187995.0,54328.928571,54328.928571,21.0,21.0,53.0,53.0,2.5812795771618218,6.514657980456026,0.0,0.0,0.0,8.0,8.0,0.38095238095238093,78367.0,78367.0,3731.7619047619046,2012-10-20,2012-10-20,2023-02-23,2023-02-23,14.0,14.0,2026-07-31,2026-07-31,EDLDB.CDM.CUSTOMER_AGGREGATE_SNAPSHOT,EDLDB.MRCH_SANDBOX.CBSA_ZIPCODE_MAPPING,EDLDB.MRCH_SANDBOX.MEDIAN_HOUSEHOLD_INCOME_ZIPCODE,EDLDB.MRCH_SANDBOX.CLINIC_PROFILE,EDLDB.MRCH_SANDBOX.CBSA_POPULATION,"active_customer_yoy_growth, active_customers_per_1000_households, clinic_orders_per_clinic, clinics_per_10000_households, corporate_clinic_share, practice_hub_clinic_share, veterinarians_per_10000_households",Hypothesis,True,market-attractiveness-synthetic-v1,1.0,SYNTHETIC_COMPLETE,prototype_ready,synthetic_prototype_only
proto:56b9aaf27c,,"Killeen-Temple, TX","Killeen-Temple, TX",metropolitan,2026-07-31,2025-07-31,13962,16625.0,-0.16018,-0.026262,159630.0,159630.0,87.46476226273258,477093.0,477093.0,47547.647059,47547.647059,55.0,55.0,127.0,127.0,3.4454676439265803,7.95589801415774,1.0,1.0,0.01818181818181818,15.0,15.0,0.2727272727272727,65936.0,65936.0,1198.8363636363636,2012-10-30,2012-10-30,2023-06-07,2023-06-07,34.0,34.0,2026-07-31,2026-07-31,EDLDB.CDM.CUSTOMER_AGGREGATE_SNAPSHOT,EDLDB.MRCH_SANDBOX.CBSA_ZIPCODE_MAPPING,EDLDB.MRCH_SANDBOX.MEDIAN_HOUSEHOLD_INCOME_ZIPCODE,EDLDB.MRCH_SANDBOX.CLINIC_PROFILE,EDLDB.MRCH_SANDBOX.CBSA_POPULATION,"active_customer_yoy_growth, active_customers_per_1000_households, clinic_orders_per_clinic, clinics_per_10000_households, corporate_clinic_share, practice_hub_clinic_share, veterinarians_per_10000_households",Hypothesis,True,market-attractiveness-synthetic-v1,1.0,SYNTHETIC_COMPLETE,prototype_ready,synthetic_prototype_only
proto:731792c00b,,"Homosassa Springs, FL","Homosassa Springs, FL",metropolitan,2026-07-31,2025-07-31,13899,16160.0,-0.139913,0.007287,64447.0,64447.0,215.6655856750508,154568.0,154568.0,42585.142857,42585.142857,29.0,29.0,69.0,69.0,4.499821558800255,10.70647198473164,0.0,0.0,0.0,9.0,9.0,0.3103448275862069,82759.0,82759.0,2853.7586206896553,2012-10-20,2012-10-20,2023-09-20,2023-09-20,14.0,14.0,2026-07-31,2026-07-31,EDLDB.CDM.CUSTOMER_AGGREGATE_SNAPSHOT,EDLDB.MRCH_SANDBOX.CBSA_ZIPCODE_MAPPING,EDLDB.MRCH_SANDBOX.MEDIAN_HOUSEHOLD_INCOME_ZIPCODE,EDLDB.MRCH_SANDBOX.CLINIC_PROFILE,EDLDB.MRCH_SANDBOX.CBSA_POPULATION,"active_customer_yoy_growth, active_customers_per_1000_households, clinic_orders_per_clinic, clinics_per_10000_households, corporate_clinic_share, practice_hub_clinic_share, veterinarians_per_10000_households",Hypothesis,True,market-attractiveness-synthetic-v1,1.0,SYNTHETIC_COMPLETE,prototype_ready,synthetic_prototype_only
proto:136b5bf636,,"Bellingham, WA","Bellingham, WA",metropolitan,2026-07-31,2025-07-31,13696,15691.0,-0.127143,0.027112,88134.0,88134.0,155.39973222592872,227449.0,227449.0,66491.733333,66491.733333,37.0,37.0,94.0,94.0,4.198152812762385,10.665577416207139,0.0,0.0,0.0,8.0,8.0,0.21621621621621623,75790.0,75790.0,2048.3783783783783,2012-11-10,2012-11-10,2023-10-25,2023-10-25,15.0,15.0,2026-07-31,2026-07-31,EDLDB.CDM.CUSTOMER_AGGREGATE_SNAPSHOT,EDLDB.MRCH_SANDBOX.CBSA_ZIPCODE_MAPPING,EDLDB.MRCH_SANDBOX.MEDIAN_HOUSEHOLD_INCOME_ZIPCODE,EDLDB.MRCH_SANDBOX.CLINIC_PROFILE,EDLDB.MRCH_SANDBOX.CBSA_POPULATION,"active_customer_yoy_growth, active_customers_per_1000_households, clinic_orders_per_clinic, clinics_per_10000_households, corporate_clinic_share, practice_hub_clinic_share, veterinarians_per_10000_households",Hypothesis,True,market-attractiveness-synthetic-v1,1.0,SYNTHETIC_COMPLETE,prototype_ready,synthetic_prototype_only
proto:34b0734a62,,"El Paso, TX","El Paso, TX",metropolitan,2026-07-31,2025-07-31,13432,16037.0,-0.162437,-0.030781,274803.0,274803.0,48.87865125198779,869802.0,869802.0,43164.088235,43164.088235,43.0,43.0,91.0,91.0,1.5647572988650051,3.311463120853848,0.0,0.0,0.0,17.0,17.0,0.3953488372093023,56314.0,56314.0,1309.6279069767443,2012-11-03,2012-11-03,2023-09-30,2023-09-30,34.0,34.0,2026-07-31,2026-07-31,EDLDB.CDM.CUSTOMER_AGGREGATE_SNAPSHOT,EDLDB.MRCH_SANDBOX.CBSA_ZIPCODE_MAPPING,EDLDB.MRCH_SANDBOX.MEDIAN_HOUSEHOLD_INCOME_ZIPCODE,EDLDB.MRCH_SANDBOX.CLINIC_PROFILE,EDLDB.MRCH_SANDBOX.CBSA_POPULATION,"active_customer_yoy_growth, active_customers_per_1000_households, clinic_orders_per_clinic, clinics_per_10000_households, corporate_clinic_share, practice_hub_clinic_share, veterinarians_per_10000_households",Hypothesis,True,market-attractiveness-synthetic-v1,1.0,SYNTHETIC_COMPLETE,prototype_ready,synthetic_prototype_only
proto:9e966f95b8,,"Modesto, CA","Modesto, CA",metropolitan,2026-07-31,2025-07-31,13427,15614.0,-0.140067,0.006703,176657.0,176657.0,76.0060456138166,553257.0,553257.0,63514.0,63514.0,54.0,54.0,137.0,137.0,3.0567710308677265,7.7551413190533065,0.0,0.0,0.0,23.0,23.0,0.42592592592592593,85477.0,85477.0,1582.9074074074074,2012-11-01,2012-11-01,2023-09-05,2023-09-05,25.0,25.0,2026-07-31,2026-07-31,EDLDB.CDM.CUSTOMER_AGGREGATE_SNAPSHOT,EDLDB.MRCH_SANDBOX.CBSA_ZIPCODE_MAPPING,EDLDB.MRCH_SANDBOX.MEDIAN_HOUSEHOLD_INCOME_ZIPCODE,EDLDB.MRCH_SANDBOX.CLINIC_PROFILE,EDLDB.MRCH_SANDBOX.CBSA_POPULATION,"active_customer_yoy_growth, active_customers_per_1000_households, clinic_orders_per_clinic, clinics_per_10000_households, corporate_clinic_share, practice_hub_clinic_share, veterinarians_per_10000_households",Hypothesis,True,market-attractiveness-synthetic-v1,1.0,SYNTHETIC_COMPLETE,prototype_ready,synthetic_prototype_only
proto:9a5062dfc5,,"Bangor, ME","Bangor, ME",metropolitan,2026-07-31,2025-07-31,13358,15071.0,-0.113662,0.05755,64979.0,64979.0,205.57410855814956,152169.0,152169.0,46053.571429,46053.571429,19.0,19.0,51.0,51.0,2.924021606980717,7.8486895766324505,0.0,0.0,0.0,7.0,7.0,0.3684210526315789,95963.0,95963.0,5050.684210526316,2012-11-09,2012-11-09,2023-01-15,2023-01-15,49.0,49.0,2026-07-31,2026-07-31,EDLDB.CDM.CUSTOMER_AGGREGATE_SNAPSHOT,EDLDB.MRCH_SANDBOX.CBSA_ZIPCODE_MAPPING,EDLDB.MRCH_SANDBOX.MEDIAN_HOUSEHOLD_INCOME_ZIPCODE,EDLDB.MRCH_SANDBOX.CLINIC_PROFILE,EDLDB.MRCH_SANDBOX.CBSA_POPULATION,"active_customer_yoy_growth, active_customers_per_1000_households, clinic_orders_per_clinic, clinics_per_10000_households, corporate_clinic_share, practice_hub_clinic_share, veterinarians_per_10000_households",Hypothesis,True,market-attractiveness-synthetic-v1,1.0,SYNTHETIC_COMPLETE,prototype_ready,synthetic_prototype_only
proto:4a6a4b21af,,"Lafayette, LA","Lafayette, LA",metropolitan,2026-07-31,2025-07-31,13320,15876.0,-0.160998,-0.027486,199301.0,199301.0,66.83358337389176,408213.0,408213.0,48287.35,48287.35,57.0,57.0,100.0,100.0,2.859995684918791,5.017536289331213,0.0,0.0,0.0,20.0,20.0,0.3508771929824561,67116.0,67116.0,1177.4736842105262,2012-11-23,2012-11-23,2023-11-26,2023-11-26,40.0,40.0,2026-07-31,2026-07-31,EDLDB.CDM.CUSTOMER_AGGREGATE_SNAPSHOT,EDLDB.MRCH_SANDBOX.CBSA_ZIPCODE_MAPPING,EDLDB.MRCH_SANDBOX.MEDIAN_HOUSEHOLD_INCOME_ZIPCODE,EDLDB.MRCH_SANDBOX.CLINIC_PROFILE,EDLDB.MRCH_SANDBOX.CBSA_POPULATION,"active_customer_yoy_growth, active_customers_per_1000_households, clinic_orders_per_clinic, clinics_per_10000_households, corporate_clinic_share, practice_hub_clinic_share, veterinarians_per_10000_households",Hypothesis,True,market-attractiveness-synthetic-v1,1.0,SYNTHETIC_COMPLETE,prototype_ready,synthetic_prototype_only
proto:2e1f101a3c,,"Johnson City, TN","Johnson City, TN",metropolitan,2026-07-31,2025-07-31,13230,15286.0,-0.134502,0.014866,96799.0,96799.0,136.6749656504716,207476.0,207476.0,43969.4,43969.4,24.0,24.0,57.0,57.0,2.4793644562443826,5.888490583580409,0.0,0.0,0.0,10.0,10.0,0.4166666666666667,49043.0,49043.0,2043.4583333333333,2013-04-23,2013-04-23,2023-04-25,2023-04-25,20.0,20.0,2026-07-31,2026-07-31,EDLDB.CDM.CUSTOMER_AGGREGATE_SNAPSHOT,EDLDB.MRCH_SANDBOX.CBSA_ZIPCODE_MAPPING,EDLDB.MRCH_SANDBOX.MEDIAN_HOUSEHOLD_INCOME_ZIPCODE,EDLDB.MRCH_SANDBOX.CLINIC_PROFILE,EDLDB.MRCH_SANDBOX.CBSA_POPULATION,"active_customer_yoy_growth, active_customers_per_1000_households, clinic_orders_per_clinic, clinics_per_10000_households, corporate_clinic_share, practice_hub_clinic_share, veterinarians_per_10000_households",Hypothesis,True,market-attractiveness-synthetic-v1,1.0,SYNTHETIC_COMPLETE,prototype_ready,synthetic_prototype_only
proto:e47c2f2ba7,,"Rochester, MN","Rochester, MN",metropolitan,2026-07-31,2025-07-31,13120,14645.0,-0.104131,0.085316,99062.0,99062.0,132.4423088570794,226576.0,226576.0,71585.208333,71585.208333,38.0,38.0,83.0,83.0,3.8359815065312635,8.378591185318285,0.0,0.0,0.0,14.0,14.0,0.3684210526315789,51053.0,51053.0,1343.5,2012-10-23,2012-10-23,2023-05-10,2023-05-10,48.0,48.0,2026-07-31,2026-07-31,EDLDB.CDM.CUSTOMER_AGGREGATE_SNAPSHOT,EDLDB.MRCH_SANDBOX.CBSA_ZIPCODE_MAPPING,EDLDB.MRCH_SANDBOX.MEDIAN_HOUSEHOLD_INCOME_ZIPCODE,EDLDB.MRCH_SANDBOX.CLINIC_PROFILE,EDLDB.MRCH_SANDBOX.CBSA_POPULATION,"active_customer_yoy_growth, active_customers_per_1000_households, clinic_orders_per_clinic, clinics_per_10000_households, corporate_clinic_share, practice_hub_clinic_share, veterinarians_per_10000_households",Hypothesis,True,market-attractiveness-synthetic-v1,1.0,SYNTHETIC_COMPLETE,prototype_ready,synthetic_prototype_only
proto:a03806d062,,"Champaign-Urbana, IL","Champaign-Urbana, IL",metropolitan,2026-07-31,2025-07-31,13079,14911.0,-0.122862,0.035953,97200.0,97200.0,134.5576131687243,235848.0,235848.0,66466.068182,66466.068182,47.0,47.0,98.0,98.0,4.8353909465020575,10.08230452674897,0.0,0.0,0.0,17.0,17.0,0.3617021276595745,75522.0,75522.0,1606.8510638297873,2012-11-26,2012-11-26,2023-04-12,2023-04-12,44.0,44.0,2026-07-31,2026-07-31,EDLDB.CDM.CUSTOMER_AGGREGATE_SNAPSHOT,EDLDB.MRCH_SANDBOX.CBSA_ZIPCODE_MAPPING,EDLDB.MRCH_SANDBOX.MEDIAN_HOUSEHOLD_INCOME_ZIPCODE,EDLDB.MRCH_SANDBOX.CLINIC_PROFILE,EDLDB.MRCH_SANDBOX.CBSA_POPULATION,"active_customer_yoy_growth, active_customers_per_1000_households, clinic_orders_per_clinic, clinics_per_10000_households, corporate_clinic_share, practice_hub_clinic_share, veterinarians_per_10000_households",Hypothesis,True,market-attractiveness-synthetic-v1,1.0,SYNTHETIC_COMPLETE,prototype_ready,synthetic_prototype_only
proto:76deb08f0b,,"Traverse City, MI","Traverse City, MI",micropolitan,2026-07-31,2025-07-31,12828,14499.0,-0.115249,0.058241,69034.0,69034.0,185.8214792710838,153654.0,153654.0,58224.516129,58224.516129,37.0,37.0,77.0,77.0,5.3596778399049745,11.153924153315758,1.0,1.0,0.02702702702702703,14.0,14.0,0.3783783783783784,73079.0,73079.0,1975.1081081081081,2012-12-02,2012-12-02,2023-10-17,2023-10-17,31.0,31.0,2026-07-31,2026-07-31,EDLDB.CDM.CUSTOMER_AGGREGATE_SNAPSHOT,EDLDB.MRCH_SANDBOX.CBSA_ZIPCODE_MAPPING,EDLDB.MRCH_SANDBOX.MEDIAN_HOUSEHOLD_INCOME_ZIPCODE,EDLDB.MRCH_SANDBOX.CLINIC_PROFILE,EDLDB.MRCH_SANDBOX.CBSA_POPULATION,"active_customer_yoy_growth, active_customers_per_1000_households, clinic_orders_per_clinic, clinics_per_10000_households, corporate_clinic_share, practice_hub_clinic_share, veterinarians_per_10000_households",Hypothesis,True,market-attractiveness-synthetic-v1,1.0,SYNTHETIC_COMPLETE,prototype_ready,synthetic_prototype_only
proto:7f9b162f3a,,"Jacksonville, NC","Jacksonville, NC",metropolitan,2026-07-31,2025-07-31,12719,14683.0,-0.13376,0.01541,75900.0,75900.0,167.57575757575756,207757.0,207757.0,54900.466667,54900.466667,25.0,25.0,77.0,77.0,3.2938076416337285,10.144927536231885,0.0,0.0,0.0,7.0,7.0,0.28,53300.0,53300.0,2132.0,2012-10-27,2012-10-27,2023-05-27,2023-05-27,15.0,15.0,2026-07-31,2026-07-31,EDLDB.CDM.CUSTOMER_AGGREGATE_SNAPSHOT,EDLDB.MRCH_SANDBOX.CBSA_ZIPCODE_MAPPING,EDLDB.MRCH_SANDBOX.MEDIAN_HOUSEHOLD_INCOME_ZIPCODE,EDLDB.MRCH_SANDBOX.CLINIC_PROFILE,EDLDB.MRCH_SANDBOX.CBSA_POPULATION,"active_customer_yoy_growth, active_customers_per_1000_households, clinic_orders_per_clinic, clinics_per_10000_households, corporate_clinic_share, practice_hub_clinic_share, veterinarians_per_10000_households",Hypothesis,True,market-attractiveness-synthetic-v1,1.0,SYNTHETIC_COMPLETE,prototype_ready,synthetic_prototype_only
proto:30b531b9a8,,"Sioux Falls, SD","Sioux Falls, SD",metropolitan,2026-07-31,2025-07-31,12572,14292.0,-0.120347,0.040697,110211.0,110211.0,114.0720980664362,287364.0,287364.0,69188.702128,69188.702128,34.0,34.0,64.0,64.0,3.0849915162733303,5.807042854161562,0.0,0.0,0.0,15.0,15.0,0.4411764705882353,50422.0,50422.0,1483.0,2013-05-01,2013-05-01,2023-05-13,2023-05-13,47.0,47.0,2026-07-31,2026-07-31,EDLDB.CDM.CUSTOMER_AGGREGATE_SNAPSHOT,EDLDB.MRCH_SANDBOX.CBSA_ZIPCODE_MAPPING,EDLDB.MRCH_SANDBOX.MEDIAN_HOUSEHOLD_INCOME_ZIPCODE,EDLDB.MRCH_SANDBOX.CLINIC_PROFILE,EDLDB.MRCH_SANDBOX.CBSA_POPULATION,"active_customer_yoy_growth, active_customers_per_1000_households, clinic_orders_per_clinic, clinics_per_10000_households, corporate_clinic_share, practice_hub_clinic_share, veterinarians_per_10000_households",Hypothesis,True,market-attractiveness-synthetic-v1,1.0,SYNTHETIC_COMPLETE,prototype_ready,synthetic_prototype_only
proto:cddb22baa1,,"Fargo, ND-MN","Fargo, ND-MN",metropolitan,2026-07-31,2025-07-31,12550,14100.0,-0.109929,0.067836,108691.0,108691.0,115.46494189951329,250220.0,250220.0,74888.673469,74888.673469,23.0,23.0,71.0,71.0,2.1160905686763396,6.532279581566091,0.0,0.0,0.0,7.0,7.0,0.30434782608695654,62976.0,62976.0,2738.086956521739,2012-11-15,2012-11-15,2022-01-18,2022-01-18,49.0,49.0,2026-07-31,2026-07-31,EDLDB.CDM.CUSTOMER_AGGREGATE_SNAPSHOT,EDLDB.MRCH_SANDBOX.CBSA_ZIPCODE_MAPPING,EDLDB.MRCH_SANDBOX.MEDIAN_HOUSEHOLD_INCOME_ZIPCODE,EDLDB.MRCH_SANDBOX.CLINIC_PROFILE,EDLDB.MRCH_SANDBOX.CBSA_POPULATION,"active_customer_yoy_growth, active_customers_per_1000_households, clinic_orders_per_clinic, clinics_per_10000_households, corporate_clinic_share, practice_hub_clinic_share, veterinarians_per_10000_households",Hypothesis,True,market-attractiveness-synthetic-v1,1.0,SYNTHETIC_COMPLETE,prototype_ready,synthetic_prototype_only
proto:10b0d3478b,,"Gainesville, GA","Gainesville, GA",metropolitan,2026-07-31,2025-07-31,12489,14829.0,-0.157799,-0.023396,93003.0,93003.0,134.28599077449113,203473.0,203473.0,58941.8125,58941.8125,25.0,25.0,61.0,61.0,2.6880853305807344,6.558928206616991,0.0,0.0,0.0,9.0,9.0,0.36,51261.0,51261.0,2050.44,2012-11-09,2012-11-09,2023-06-26,2023-06-26,16.0,16.0,2026-07-31,2026-07-31,EDLDB.CDM.CUSTOMER_AGGREGATE_SNAPSHOT,EDLDB.MRCH_SANDBOX.CBSA_ZIPCODE_MAPPING,EDLDB.MRCH_SANDBOX.MEDIAN_HOUSEHOLD_INCOME_ZIPCODE,EDLDB.MRCH_SANDBOX.CLINIC_PROFILE,EDLDB.MRCH_SANDBOX.CBSA_POPULATION,"active_customer_yoy_growth, active_customers_per_1000_households, clinic_orders_per_clinic, clinics_per_10000_households, corporate_clinic_share, practice_hub_clinic_share, veterinarians_per_10000_households",Hypothesis,True,market-attractiveness-synthetic-v1,1.0,SYNTHETIC_COMPLETE,prototype_ready,synthetic_prototype_only
proto:986f78602d,,"East Stroudsburg, PA","East Stroudsburg, PA",metropolitan,2026-07-31,2025-07-31,12408,14036.0,-0.115987,0.050994,59996.0,59996.0,206.81378758583904,168314.0,168314.0,58283.78125,58283.78125,20.0,20.0,43.0,43.0,3.3335555703713577,7.16714447629842,0.0,0.0,0.0,12.0,12.0,0.6,61288.0,61288.0,3064.4,2012-10-31,2012-10-31,2023-11-22,2023-11-22,32.0,32.0,2026-07-31,2026-07-31,EDLDB.CDM.CUSTOMER_AGGREGATE_SNAPSHOT,EDLDB.MRCH_SANDBOX.CBSA_ZIPCODE_MAPPING,EDLDB.MRCH_SANDBOX.MEDIAN_HOUSEHOLD_INCOME_ZIPCODE,EDLDB.MRCH_SANDBOX.CLINIC_PROFILE,EDLDB.MRCH_SANDBOX.CBSA_POPULATION,"active_customer_yoy_growth, active_customers_per_1000_households, clinic_orders_per_clinic, clinics_per_10000_households, corporate_clinic_share, practice_hub_clinic_share, veterinarians_per_10000_households",Hypothesis,True,market-attractiveness-synthetic-v1,1.0,SYNTHETIC_COMPLETE,prototype_ready,synthetic_prototype_only
proto:24a7b73b66,,"Athens-Clarke County, GA","Athens-Clarke County, GA",metropolitan,2026-07-31,2025-07-31,12336,14104.0,-0.125355,0.032162,90141.0,90141.0,136.8522647851699,215712.0,215712.0,47707.2,47707.2,73.0,73.0,166.0,166.0,8.09842358083447,18.415593348198932,0.0,0.0,0.0,16.0,16.0,0.2191780821917808,92527.0,92527.0,1267.4931506849316,2013-02-27,2013-02-27,2022-11-18,2022-11-18,25.0,25.0,2026-07-31,2026-07-31,EDLDB.CDM.CUSTOMER_AGGREGATE_SNAPSHOT,EDLDB.MRCH_SANDBOX.CBSA_ZIPCODE_MAPPING,EDLDB.MRCH_SANDBOX.MEDIAN_HOUSEHOLD_INCOME_ZIPCODE,EDLDB.MRCH_SANDBOX.CLINIC_PROFILE,EDLDB.MRCH_SANDBOX.CBSA_POPULATION,"active_customer_yoy_growth, active_customers_per_1000_households, clinic_orders_per_clinic, clinics_per_10000_households, corporate_clinic_share, practice_hub_clinic_share, veterinarians_per_10000_households",Hypothesis,True,market-attractiveness-synthetic-v1,1.0,SYNTHETIC_COMPLETE,prototype_ready,synthetic_prototype_only
proto:a6791f973d,,"Springfield, IL","Springfield, IL",metropolitan,2026-07-31,2025-07-31,12271,13980.0,-0.122246,0.037607,92045.0,92045.0,133.31522624803085,208414.0,208414.0,73157.882353,73157.882353,31.0,31.0,65.0,65.0,3.3679178662610676,7.0617632679667555,0.0,0.0,0.0,14.0,14.0,0.45161290322580644,60798.0,60798.0,1961.225806451613,2012-10-22,2012-10-22,2021-10-10,2021-10-10,34.0,34.0,2026-07-31,2026-07-31,EDLDB.CDM.CUSTOMER_AGGREGATE_SNAPSHOT,EDLDB.MRCH_SANDBOX.CBSA_ZIPCODE_MAPPING,EDLDB.MRCH_SANDBOX.MEDIAN_HOUSEHOLD_INCOME_ZIPCODE,EDLDB.MRCH_SANDBOX.CLINIC_PROFILE,EDLDB.MRCH_SANDBOX.CBSA_POPULATION,"active_customer_yoy_growth, active_customers_per_1000_households, clinic_orders_per_clinic, clinics_per_10000_households, corporate_clinic_share, practice_hub_clinic_share, veterinarians_per_10000_households",Hypothesis,True,market-attractiveness-synthetic-v1,1.0,SYNTHETIC_COMPLETE,prototype_ready,synthetic_prototype_only
proto:bdc7da3c76,,"State College, PA","State College, PA",metropolitan,2026-07-31,2025-07-31,12270,13545.0,-0.094131,0.118054,69246.0,69246.0,177.19435057620655,157979.0,157979.0,58239.818182,58239.818182,26.0,26.0,59.0,59.0,3.754729515062242,8.520347745718164,0.0,0.0,0.0,8.0,8.0,0.3076923076923077,89991.0,89991.0,3461.1923076923076,2012-11-06,2012-11-06,2023-10-06,2023-10-06,33.0,33.0,2026-07-31,2026-07-31,EDLDB.CDM.CUSTOMER_AGGREGATE_SNAPSHOT,EDLDB.MRCH_SANDBOX.CBSA_ZIPCODE_MAPPING,EDLDB.MRCH_SANDBOX.MEDIAN_HOUSEHOLD_INCOME_ZIPCODE,EDLDB.MRCH_SANDBOX.CLINIC_PROFILE,EDLDB.MRCH_SANDBOX.CBSA_POPULATION,"active_customer_yoy_growth, active_customers_per_1000_households, clinic_orders_per_clinic, clinics_per_10000_households, corporate_clinic_share, practice_hub_clinic_share, veterinarians_per_10000_households",Hypothesis,True,market-attractiveness-synthetic-v1,1.0,SYNTHETIC_COMPLETE,prototype_ready,synthetic_prototype_only
proto:a0731381d7,,"Daphne-Fairhope-Foley, AL","Daphne-Fairhope-Foley, AL",metropolitan,2026-07-31,2025-07-31,12238,14631.0,-0.163557,-0.032956,90684.0,90684.0,134.95214150235984,233227.0,233227.0,47820.958333,47820.958333,45.0,45.0,81.0,81.0,4.9622866216752675,8.932115919015482,0.0,0.0,0.0,18.0,18.0,0.4,60531.0,60531.0,1345.1333333333334,2012-11-05,2012-11-05,2022-12-29,2022-12-29,24.0,24.0,2026-07-31,2026-07-31,EDLDB.CDM.CUSTOMER_AGGREGATE_SNAPSHOT,EDLDB.MRCH_SANDBOX.CBSA_ZIPCODE_MAPPING,EDLDB.MRCH_SANDBOX.MEDIAN_HOUSEHOLD_INCOME_ZIPCODE,EDLDB.MRCH_SANDBOX.CLINIC_PROFILE,EDLDB.MRCH_SANDBOX.CBSA_POPULATION,"active_customer_yoy_growth, active_customers_per_1000_households, clinic_orders_per_clinic, clinics_per_10000_households, corporate_clinic_share, practice_hub_clinic_share, veterinarians_per_10000_households",Hypothesis,True,market-attractiveness-synthetic-v1,1.0,SYNTHETIC_COMPLETE,prototype_ready,synthetic_prototype_only
proto:9a1c02f3d4,,"Medford, OR","Medford, OR",metropolitan,2026-07-31,2025-07-31,12184,13809.0,-0.117677,0.046279,89043.0,89043.0,136.83276619161526,223620.0,223620.0,53883.0,53883.0,45.0,45.0,92.0,92.0,5.053738081601025,10.332086744606539,0.0,0.0,0.0,12.0,12.0,0.26666666666666666,77911.0,77911.0,1731.3555555555556,2012-11-25,2012-11-25,2023-04-24,2023-04-24,15.0,15.0,2026-07-31,2026-07-31,EDLDB.CDM.CUSTOMER_AGGREGATE_SNAPSHOT,EDLDB.MRCH_SANDBOX.CBSA_ZIPCODE_MAPPING,EDLDB.MRCH_SANDBOX.MEDIAN_HOUSEHOLD_INCOME_ZIPCODE,EDLDB.MRCH_SANDBOX.CLINIC_PROFILE,EDLDB.MRCH_SANDBOX.CBSA_POPULATION,"active_customer_yoy_growth, active_customers_per_1000_households, clinic_orders_per_clinic, clinics_per_10000_households, corporate_clinic_share, practice_hub_clinic_share, veterinarians_per_10000_households",Hypothesis,True,market-attractiveness-synthetic-v1,1.0,SYNTHETIC_COMPLETE,prototype_ready,synthetic_prototype_only
proto:14c05bfd07,,"Columbia, MO","Columbia, MO",metropolitan,2026-07-31,2025-07-31,12040,13670.0,-0.119239,0.043297,98967.0,98967.0,121.656713854113,253856.0,253856.0,58243.933333,58243.933333,46.0,46.0,151.0,151.0,4.648013984459467,15.25761112289955,0.0,0.0,0.0,17.0,17.0,0.3695652173913043,63865.0,63865.0,1388.3695652173913,2013-03-09,2013-03-09,2023-08-14,2023-08-14,30.0,30.0,2026-07-31,2026-07-31,EDLDB.CDM.CUSTOMER_AGGREGATE_SNAPSHOT,EDLDB.MRCH_SANDBOX.CBSA_ZIPCODE_MAPPING,EDLDB.MRCH_SANDBOX.MEDIAN_HOUSEHOLD_INCOME_ZIPCODE,EDLDB.MRCH_SANDBOX.CLINIC_PROFILE,EDLDB.MRCH_SANDBOX.CBSA_POPULATION,"active_customer_yoy_growth, active_customers_per_1000_households, clinic_orders_per_clinic, clinics_per_10000_households, corporate_clinic_share, practice_hub_clinic_share, veterinarians_per_10000_households",Hypothesis,True,market-attractiveness-synthetic-v1,1.0,SYNTHETIC_COMPLETE,prototype_ready,synthetic_prototype_only
proto:39be7fa98c,,"Santa Fe, NM","Santa Fe, NM",metropolitan,2026-07-31,2025-07-31,11979,13206.0,-0.092912,0.118054,72061.0,72061.0,166.23416272324837,155043.0,155043.0,51019.8,51019.8,46.0,46.0,95.0,95.0,6.383480662216733,13.183275280664992,1.0,1.0,0.021739130434782608,14.0,14.0,0.30434782608695654,97852.0,97852.0,2127.217391304348,2012-08-10,2012-08-10,2023-07-10,2023-07-10,15.0,15.0,2026-07-31,2026-07-31,EDLDB.CDM.CUSTOMER_AGGREGATE_SNAPSHOT,EDLDB.MRCH_SANDBOX.CBSA_ZIPCODE_MAPPING,EDLDB.MRCH_SANDBOX.MEDIAN_HOUSEHOLD_INCOME_ZIPCODE,EDLDB.MRCH_SANDBOX.CLINIC_PROFILE,EDLDB.MRCH_SANDBOX.CBSA_POPULATION,"active_customer_yoy_growth, active_customers_per_1000_households, clinic_orders_per_clinic, clinics_per_10000_households, corporate_clinic_share, practice_hub_clinic_share, veterinarians_per_10000_households",Hypothesis,True,market-attractiveness-synthetic-v1,1.0,SYNTHETIC_COMPLETE,prototype_ready,synthetic_prototype_only
proto:aeaa6d5db1,,"Concord, NH","Concord, NH",micropolitan,2026-07-31,2025-07-31,11759,13244.0,-0.112126,0.062088,53830.0,53830.0,218.44696266022663,154038.0,154038.0,86611.423077,86611.423077,31.0,31.0,80.0,80.0,5.758870518298346,14.861601337544121,0.0,0.0,0.0,6.0,6.0,0.1935483870967742,80943.0,80943.0,2611.064516129032,2012-11-23,2012-11-23,2022-12-07,2022-12-07,26.0,26.0,2026-07-31,2026-07-31,EDLDB.CDM.CUSTOMER_AGGREGATE_SNAPSHOT,EDLDB.MRCH_SANDBOX.CBSA_ZIPCODE_MAPPING,EDLDB.MRCH_SANDBOX.MEDIAN_HOUSEHOLD_INCOME_ZIPCODE,EDLDB.MRCH_SANDBOX.CLINIC_PROFILE,EDLDB.MRCH_SANDBOX.CBSA_POPULATION,"active_customer_yoy_growth, active_customers_per_1000_households, clinic_orders_per_clinic, clinics_per_10000_households, corporate_clinic_share, practice_hub_clinic_share, veterinarians_per_10000_households",Hypothesis,True,market-attractiveness-synthetic-v1,1.0,SYNTHETIC_COMPLETE,prototype_ready,synthetic_prototype_only
proto:f0322437e7,,"Kennewick-Richland, WA","Kennewick-Richland, WA",metropolitan,2026-07-31,2025-07-31,11563,13268.0,-0.128505,0.023416,105019.0,105019.0,110.10388596349233,325176.0,325176.0,71036.882353,71036.882353,35.0,35.0,76.0,76.0,3.3327302678562924,7.23678572448795,0.0,0.0,0.0,10.0,10.0,0.2857142857142857,51999.0,51999.0,1485.6857142857143,2013-01-07,2013-01-07,2023-06-30,2023-06-30,17.0,17.0,2026-07-31,2026-07-31,EDLDB.CDM.CUSTOMER_AGGREGATE_SNAPSHOT,EDLDB.MRCH_SANDBOX.CBSA_ZIPCODE_MAPPING,EDLDB.MRCH_SANDBOX.MEDIAN_HOUSEHOLD_INCOME_ZIPCODE,EDLDB.MRCH_SANDBOX.CLINIC_PROFILE,EDLDB.MRCH_SANDBOX.CBSA_POPULATION,"active_customer_yoy_growth, active_customers_per_1000_households, clinic_orders_per_clinic, clinics_per_10000_households, corporate_clinic_share, practice_hub_clinic_share, veterinarians_per_10000_households",Hypothesis,True,market-attractiveness-synthetic-v1,1.0,SYNTHETIC_COMPLETE,prototype_ready,synthetic_prototype_only
proto:3a9b011e04,,"Shreveport-Bossier City, LA","Shreveport-Bossier City, LA",metropolitan,2026-07-31,2025-07-31,11499,13703.0,-0.160841,-0.026868,162818.0,162818.0,70.62486948617475,392511.0,392511.0,44804.0,44804.0,50.0,50.0,90.0,90.0,3.0709135353584984,5.527644363645297,1.0,1.0,0.02,20.0,20.0,0.4,71378.0,71378.0,1427.56,2012-11-26,2012-11-26,2023-09-06,2023-09-06,44.0,44.0,2026-07-31,2026-07-31,EDLDB.CDM.CUSTOMER_AGGREGATE_SNAPSHOT,EDLDB.MRCH_SANDBOX.CBSA_ZIPCODE_MAPPING,EDLDB.MRCH_SANDBOX.MEDIAN_HOUSEHOLD_INCOME_ZIPCODE,EDLDB.MRCH_SANDBOX.CLINIC_PROFILE,EDLDB.MRCH_SANDBOX.CBSA_POPULATION,"active_customer_yoy_growth, active_customers_per_1000_households, clinic_orders_per_clinic, clinics_per_10000_households, corporate_clinic_share, practice_hub_clinic_share, veterinarians_per_10000_households",Hypothesis,True,market-attractiveness-synthetic-v1,1.0,SYNTHETIC_COMPLETE,prototype_ready,synthetic_prototype_only
proto:ed18418b64,,"Glens Falls, NY","Glens Falls, NY",metropolitan,2026-07-31,2025-07-31,11454,12906.0,-0.112506,0.061375,57939.0,57939.0,197.69067467508933,126700.0,126700.0,64505.25,64505.25,28.0,28.0,48.0,48.0,4.832668841367646,8.284575156630249,0.0,0.0,0.0,9.0,9.0,0.32142857142857145,42360.0,42360.0,1512.857142857143,2013-01-06,2013-01-06,2023-08-31,2023-08-31,44.0,44.0,2026-07-31,2026-07-31,EDLDB.CDM.CUSTOMER_AGGREGATE_SNAPSHOT,EDLDB.MRCH_SANDBOX.CBSA_ZIPCODE_MAPPING,EDLDB.MRCH_SANDBOX.MEDIAN_HOUSEHOLD_INCOME_ZIPCODE,EDLDB.MRCH_SANDBOX.CLINIC_PROFILE,EDLDB.MRCH_SANDBOX.CBSA_POPULATION,"active_customer_yoy_growth, active_customers_per_1000_households, clinic_orders_per_clinic, clinics_per_10000_households, corporate_clinic_share, practice_hub_clinic_share, veterinarians_per_10000_households",Hypothesis,True,market-attractiveness-synthetic-v1,1.0,SYNTHETIC_COMPLETE,prototype_ready,synthetic_prototype_only
proto:ac5742974d,,"Iowa City, IA","Iowa City, IA",metropolitan,2026-07-31,2025-07-31,11295,12818.0,-0.118817,0.04418,81600.0,81600.0,138.41911764705884,175598.0,175598.0,65622.225806,65622.225806,27.0,27.0,51.0,51.0,3.3088235294117645,6.25,0.0,0.0,0.0,10.0,10.0,0.37037037037037035,63909.0,63909.0,2367.0,2012-11-17,2012-11-17,2023-08-24,2023-08-24,31.0,31.0,2026-07-31,2026-07-31,EDLDB.CDM.CUSTOMER_AGGREGATE_SNAPSHOT,EDLDB.MRCH_SANDBOX.CBSA_ZIPCODE_MAPPING,EDLDB.MRCH_SANDBOX.MEDIAN_HOUSEHOLD_INCOME_ZIPCODE,EDLDB.MRCH_SANDBOX.CLINIC_PROFILE,EDLDB.MRCH_SANDBOX.CBSA_POPULATION,"active_customer_yoy_growth, active_customers_per_1000_households, clinic_orders_per_clinic, clinics_per_10000_households, corporate_clinic_share, practice_hub_clinic_share, veterinarians_per_10000_households",Hypothesis,True,market-attractiveness-synthetic-v1,1.0,SYNTHETIC_COMPLETE,prototype_ready,synthetic_prototype_only
proto:cba236b294,,"Lubbock, TX","Lubbock, TX",metropolitan,2026-07-31,2025-07-31,11289,12950.0,-0.128263,0.02368,127003.0,127003.0,88.88766407092746,352167.0,352167.0,49577.088235,49577.088235,26.0,26.0,52.0,52.0,2.0471957355338066,4.094391471067613,0.0,0.0,0.0,8.0,8.0,0.3076923076923077,52985.0,52985.0,2037.8846153846155,2013-07-03,2013-07-03,2023-04-29,2023-04-29,34.0,34.0,2026-07-31,2026-07-31,EDLDB.CDM.CUSTOMER_AGGREGATE_SNAPSHOT,EDLDB.MRCH_SANDBOX.CBSA_ZIPCODE_MAPPING,EDLDB.MRCH_SANDBOX.MEDIAN_HOUSEHOLD_INCOME_ZIPCODE,EDLDB.MRCH_SANDBOX.CLINIC_PROFILE,EDLDB.MRCH_SANDBOX.CBSA_POPULATION,"active_customer_yoy_growth, active_customers_per_1000_households, clinic_orders_per_clinic, clinics_per_10000_households, corporate_clinic_share, practice_hub_clinic_share, veterinarians_per_10000_households",Hypothesis,True,market-attractiveness-synthetic-v1,1.0,SYNTHETIC_COMPLETE,prototype_ready,synthetic_prototype_only
proto:3728dc3857,,"Racine, WI","Racine, WI",metropolitan,2026-07-31,2025-07-31,11235,12712.0,-0.116189,0.050024,85563.0,85563.0,131.3067564250903,197568.0,197568.0,66250.571429,66250.571429,28.0,28.0,61.0,61.0,3.272442527728107,7.129249792550518,0.0,0.0,0.0,9.0,9.0,0.32142857142857145,47644.0,47644.0,1701.5714285714287,2013-01-03,2013-01-03,2023-03-09,2023-03-09,14.0,14.0,2026-07-31,2026-07-31,EDLDB.CDM.CUSTOMER_AGGREGATE_SNAPSHOT,EDLDB.MRCH_SANDBOX.CBSA_ZIPCODE_MAPPING,EDLDB.MRCH_SANDBOX.MEDIAN_HOUSEHOLD_INCOME_ZIPCODE,EDLDB.MRCH_SANDBOX.CLINIC_PROFILE,EDLDB.MRCH_SANDBOX.CBSA_POPULATION,"active_customer_yoy_growth, active_customers_per_1000_households, clinic_orders_per_clinic, clinics_per_10000_households, corporate_clinic_share, practice_hub_clinic_share, veterinarians_per_10000_households",Hypothesis,True,market-attractiveness-synthetic-v1,1.0,SYNTHETIC_COMPLETE,prototype_ready,synthetic_prototype_only
proto:e8439f645c,,"Panama City, FL","Panama City, FL",metropolitan,2026-07-31,2025-07-31,11178,13078.0,-0.145282,-0.002646,86835.0,86835.0,128.7268958369321,199845.0,199845.0,53752.4375,53752.4375,29.0,29.0,49.0,49.0,3.3396671848908848,5.642885933091495,0.0,0.0,0.0,13.0,13.0,0.4482758620689655,58304.0,58304.0,2010.4827586206898,2012-11-08,2012-11-08,2023-01-27,2023-01-27,16.0,16.0,2026-07-31,2026-07-31,EDLDB.CDM.CUSTOMER_AGGREGATE_SNAPSHOT,EDLDB.MRCH_SANDBOX.CBSA_ZIPCODE_MAPPING,EDLDB.MRCH_SANDBOX.MEDIAN_HOUSEHOLD_INCOME_ZIPCODE,EDLDB.MRCH_SANDBOX.CLINIC_PROFILE,EDLDB.MRCH_SANDBOX.CBSA_POPULATION,"active_customer_yoy_growth, active_customers_per_1000_households, clinic_orders_per_clinic, clinics_per_10000_households, corporate_clinic_share, practice_hub_clinic_share, veterinarians_per_10000_households",Hypothesis,True,market-attractiveness-synthetic-v1,1.0,SYNTHETIC_COMPLETE,prototype_ready,synthetic_prototype_only
proto:0bac3af49e,,"Janesville-Beloit, WI","Janesville-Beloit, WI",metropolitan,2026-07-31,2025-07-31,11158,12421.0,-0.101683,0.095273,80699.0,80699.0,138.26689302221837,163758.0,163758.0,60437.875,60437.875,28.0,28.0,64.0,64.0,3.469683639202468,7.930705461034214,1.0,1.0,0.03571428571428571,11.0,11.0,0.39285714285714285,53413.0,53413.0,1907.607142857143,2013-01-04,2013-01-04,2023-07-31,2023-07-31,16.0,16.0,2026-07-31,2026-07-31,EDLDB.CDM.CUSTOMER_AGGREGATE_SNAPSHOT,EDLDB.MRCH_SANDBOX.CBSA_ZIPCODE_MAPPING,EDLDB.MRCH_SANDBOX.MEDIAN_HOUSEHOLD_INCOME_ZIPCODE,EDLDB.MRCH_SANDBOX.CLINIC_PROFILE,EDLDB.MRCH_SANDBOX.CBSA_POPULATION,"active_customer_yoy_growth, active_customers_per_1000_households, clinic_orders_per_clinic, clinics_per_10000_households, corporate_clinic_share, practice_hub_clinic_share, veterinarians_per_10000_households",Hypothesis,True,market-attractiveness-synthetic-v1,1.0,SYNTHETIC_COMPLETE,prototype_ready,synthetic_prototype_only
proto:89e8139c3d,,"Bloomington, IN","Bloomington, IN",metropolitan,2026-07-31,2025-07-31,11118,12715.0,-0.1256,0.031894,86056.0,86056.0,129.194942827926,205919.0,205919.0,45220.423077,45220.423077,28.0,28.0,51.0,51.0,3.2536952681974527,5.926373524216789,0.0,0.0,0.0,5.0,5.0,0.17857142857142858,51497.0,51497.0,1839.1785714285713,2012-12-20,2012-12-20,2021-10-28,2021-10-28,26.0,26.0,2026-07-31,2026-07-31,EDLDB.CDM.CUSTOMER_AGGREGATE_SNAPSHOT,EDLDB.MRCH_SANDBOX.CBSA_ZIPCODE_MAPPING,EDLDB.MRCH_SANDBOX.MEDIAN_HOUSEHOLD_INCOME_ZIPCODE,EDLDB.MRCH_SANDBOX.CLINIC_PROFILE,EDLDB.MRCH_SANDBOX.CBSA_POPULATION,"active_customer_yoy_growth, active_customers_per_1000_households, clinic_orders_per_clinic, clinics_per_10000_households, corporate_clinic_share, practice_hub_clinic_share, veterinarians_per_10000_households",Hypothesis,True,market-attractiveness-synthetic-v1,1.0,SYNTHETIC_COMPLETE,prototype_ready,synthetic_prototype_only
proto:f8b2903eac,,"Lebanon, PA","Lebanon, PA",metropolitan,2026-07-31,2025-07-31,11105,12421.0,-0.10595,0.077486,58490.0,58490.0,189.8615147888528,143278.0,143278.0,68713.833333,68713.833333,23.0,23.0,37.0,37.0,3.9322961189947,6.325867669687126,0.0,0.0,0.0,5.0,5.0,0.21739130434782608,46690.0,46690.0,2030.0,2012-10-29,2012-10-29,2023-10-24,2023-10-24,18.0,18.0,2026-07-31,2026-07-31,EDLDB.CDM.CUSTOMER_AGGREGATE_SNAPSHOT,EDLDB.MRCH_SANDBOX.CBSA_ZIPCODE_MAPPING,EDLDB.MRCH_SANDBOX.MEDIAN_HOUSEHOLD_INCOME_ZIPCODE,EDLDB.MRCH_SANDBOX.CLINIC_PROFILE,EDLDB.MRCH_SANDBOX.CBSA_POPULATION,"active_customer_yoy_growth, active_customers_per_1000_households, clinic_orders_per_clinic, clinics_per_10000_households, corporate_clinic_share, practice_hub_clinic_share, veterinarians_per_10000_households",Hypothesis,True,market-attractiveness-synthetic-v1,1.0,SYNTHETIC_COMPLETE,prototype_ready,synthetic_prototype_only
proto:0af87d7bfe,,"Topeka, KS","Topeka, KS",metropolitan,2026-07-31,2025-07-31,11058,12604.0,-0.122659,0.036228,100433.0,100433.0,110.10325291487858,232903.0,232903.0,60745.731343,60745.731343,45.0,45.0,68.0,68.0,4.480599006302709,6.7706829428574276,0.0,0.0,0.0,11.0,11.0,0.24444444444444444,40981.0,40981.0,910.6888888888889,2013-01-21,2013-01-21,2023-04-03,2023-04-03,67.0,67.0,2026-07-31,2026-07-31,EDLDB.CDM.CUSTOMER_AGGREGATE_SNAPSHOT,EDLDB.MRCH_SANDBOX.CBSA_ZIPCODE_MAPPING,EDLDB.MRCH_SANDBOX.MEDIAN_HOUSEHOLD_INCOME_ZIPCODE,EDLDB.MRCH_SANDBOX.CLINIC_PROFILE,EDLDB.MRCH_SANDBOX.CBSA_POPULATION,"active_customer_yoy_growth, active_customers_per_1000_households, clinic_orders_per_clinic, clinics_per_10000_households, corporate_clinic_share, practice_hub_clinic_share, veterinarians_per_10000_households",Hypothesis,True,market-attractiveness-synthetic-v1,1.0,SYNTHETIC_COMPLETE,prototype_ready,synthetic_prototype_only
proto:a76148cc61,,"Coeur d'Alene, ID","Coeur d'Alene, ID",metropolitan,2026-07-31,2025-07-31,10911,12705.0,-0.141204,0.004627,68675.0,68675.0,158.87877684746996,172785.0,172785.0,52718.857143,52718.857143,25.0,25.0,61.0,61.0,3.6403349108117946,8.88241718238078,0.0,0.0,0.0,9.0,9.0,0.36,55943.0,55943.0,2237.72,2013-09-19,2013-09-19,2023-04-25,2023-04-25,14.0,14.0,2026-07-31,2026-07-31,EDLDB.CDM.CUSTOMER_AGGREGATE_SNAPSHOT,EDLDB.MRCH_SANDBOX.CBSA_ZIPCODE_MAPPING,EDLDB.MRCH_SANDBOX.MEDIAN_HOUSEHOLD_INCOME_ZIPCODE,EDLDB.MRCH_SANDBOX.CLINIC_PROFILE,EDLDB.MRCH_SANDBOX.CBSA_POPULATION,"active_customer_yoy_growth, active_customers_per_1000_households, clinic_orders_per_clinic, clinics_per_10000_households, corporate_clinic_share, practice_hub_clinic_share, veterinarians_per_10000_households",Hypothesis,True,market-attractiveness-synthetic-v1,1.0,SYNTHETIC_COMPLETE,prototype_ready,synthetic_prototype_only
proto:4d27e9e894,,"Montgomery, AL","Montgomery, AL",metropolitan,2026-07-31,2025-07-31,10891,12842.0,-0.151923,-0.012588,171674.0,171674.0,63.440008387991185,464858.0,464858.0,51290.612245,51290.612245,49.0,49.0,86.0,86.0,2.854247003040647,5.009494740030523,0.0,0.0,0.0,15.0,15.0,0.30612244897959184,50734.0,50734.0,1035.3877551020407,2013-02-06,2013-02-06,2023-09-23,2023-09-23,49.0,49.0,2026-07-31,2026-07-31,EDLDB.CDM.CUSTOMER_AGGREGATE_SNAPSHOT,EDLDB.MRCH_SANDBOX.CBSA_ZIPCODE_MAPPING,EDLDB.MRCH_SANDBOX.MEDIAN_HOUSEHOLD_INCOME_ZIPCODE,EDLDB.MRCH_SANDBOX.CLINIC_PROFILE,EDLDB.MRCH_SANDBOX.CBSA_POPULATION,"active_customer_yoy_growth, active_customers_per_1000_households, clinic_orders_per_clinic, clinics_per_10000_households, corporate_clinic_share, practice_hub_clinic_share, veterinarians_per_10000_households",Hypothesis,True,market-attractiveness-synthetic-v1,1.0,SYNTHETIC_COMPLETE,prototype_ready,synthetic_prototype_only
proto:a1d6c69d35,,"Corpus Christi, TX","Corpus Christi, TX",metropolitan,2026-07-31,2025-07-31,10685,12589.0,-0.151243,-0.010977,169429.0,169429.0,63.064764591657855,477157.0,477157.0,47730.297297,47730.297297,43.0,43.0,84.0,84.0,2.5379362446806626,4.957828943097109,0.0,0.0,0.0,13.0,13.0,0.3023255813953488,67424.0,67424.0,1568.0,2013-01-07,2013-01-07,2023-08-13,2023-08-13,37.0,37.0,2026-07-31,2026-07-31,EDLDB.CDM.CUSTOMER_AGGREGATE_SNAPSHOT,EDLDB.MRCH_SANDBOX.CBSA_ZIPCODE_MAPPING,EDLDB.MRCH_SANDBOX.MEDIAN_HOUSEHOLD_INCOME_ZIPCODE,EDLDB.MRCH_SANDBOX.CLINIC_PROFILE,EDLDB.MRCH_SANDBOX.CBSA_POPULATION,"active_customer_yoy_growth, active_customers_per_1000_households, clinic_orders_per_clinic, clinics_per_10000_households, corporate_clinic_share, practice_hub_clinic_share, veterinarians_per_10000_households",Hypothesis,True,market-attractiveness-synthetic-v1,1.0,SYNTHETIC_COMPLETE,prototype_ready,synthetic_prototype_only
proto:19e79c44b6,,"Lake Havasu City-Kingman, AZ","Lake Havasu City-Kingman, AZ",metropolitan,2026-07-31,2025-07-31,10537,12399.0,-0.150173,-0.009423,90179.0,90179.0,116.84538528925803,214185.0,214185.0,38874.541667,38874.541667,20.0,20.0,36.0,36.0,2.217811242085186,3.992060235753335,0.0,0.0,0.0,8.0,8.0,0.4,54243.0,54243.0,2712.15,2013-01-08,2013-01-08,2021-10-10,2021-10-10,24.0,24.0,2026-07-31,2026-07-31,EDLDB.CDM.CUSTOMER_AGGREGATE_SNAPSHOT,EDLDB.MRCH_SANDBOX.CBSA_ZIPCODE_MAPPING,EDLDB.MRCH_SANDBOX.MEDIAN_HOUSEHOLD_INCOME_ZIPCODE,EDLDB.MRCH_SANDBOX.CLINIC_PROFILE,EDLDB.MRCH_SANDBOX.CBSA_POPULATION,"active_customer_yoy_growth, active_customers_per_1000_households, clinic_orders_per_clinic, clinics_per_10000_households, corporate_clinic_share, practice_hub_clinic_share, veterinarians_per_10000_households",Hypothesis,True,market-attractiveness-synthetic-v1,1.0,SYNTHETIC_COMPLETE,prototype_ready,synthetic_prototype_only
proto:248f629570,,"Pittsfield, MA","Pittsfield, MA",metropolitan,2026-07-31,2025-07-31,10499,11914.0,-0.118768,0.044477,54786.0,54786.0,191.63654948344467,128619.0,128619.0,66006.30303,66006.30303,22.0,22.0,50.0,50.0,4.015624429598803,9.126419158179097,0.0,0.0,0.0,9.0,9.0,0.4090909090909091,76097.0,76097.0,3458.9545454545455,2012-11-23,2012-11-23,2023-04-19,2023-04-19,33.0,33.0,2026-07-31,2026-07-31,EDLDB.CDM.CUSTOMER_AGGREGATE_SNAPSHOT,EDLDB.MRCH_SANDBOX.CBSA_ZIPCODE_MAPPING,EDLDB.MRCH_SANDBOX.MEDIAN_HOUSEHOLD_INCOME_ZIPCODE,EDLDB.MRCH_SANDBOX.CLINIC_PROFILE,EDLDB.MRCH_SANDBOX.CBSA_POPULATION,"active_customer_yoy_growth, active_customers_per_1000_households, clinic_orders_per_clinic, clinics_per_10000_households, corporate_clinic_share, practice_hub_clinic_share, veterinarians_per_10000_households",Hypothesis,True,market-attractiveness-synthetic-v1,1.0,SYNTHETIC_COMPLETE,prototype_ready,synthetic_prototype_only
proto:54e0e73e9c,,"Winchester, VA-WV","Winchester, VA-WV",metropolitan,2026-07-31,2025-07-31,10465,11739.0,-0.108527,0.071271,54423.0,54423.0,192.2900244381971,142984.0,142984.0,54356.870968,54356.870968,24.0,24.0,64.0,64.0,4.4099002260073865,11.759733936019696,0.0,0.0,0.0,11.0,11.0,0.4583333333333333,71800.0,71800.0,2991.6666666666665,2012-12-02,2012-12-02,2022-09-09,2022-09-09,31.0,31.0,2026-07-31,2026-07-31,EDLDB.CDM.CUSTOMER_AGGREGATE_SNAPSHOT,EDLDB.MRCH_SANDBOX.CBSA_ZIPCODE_MAPPING,EDLDB.MRCH_SANDBOX.MEDIAN_HOUSEHOLD_INCOME_ZIPCODE,EDLDB.MRCH_SANDBOX.CLINIC_PROFILE,EDLDB.MRCH_SANDBOX.CBSA_POPULATION,"active_customer_yoy_growth, active_customers_per_1000_households, clinic_orders_per_clinic, clinics_per_10000_households, corporate_clinic_share, practice_hub_clinic_share, veterinarians_per_10000_households",Hypothesis,True,market-attractiveness-synthetic-v1,1.0,SYNTHETIC_COMPLETE,prototype_ready,synthetic_prototype_only
proto:f562c23528,,"Longview, TX","Longview, TX",metropolitan,2026-07-31,2025-07-31,10461,12477.0,-0.161577,-0.02876,128543.0,128543.0,81.38132764911353,286350.0,286350.0,52504.775,52504.775,39.0,39.0,66.0,66.0,3.0340041853698763,5.134468621395175,0.0,0.0,0.0,12.0,12.0,0.3076923076923077,52186.0,52186.0,1338.1025641025642,2012-11-11,2012-11-11,2023-11-10,2023-11-10,40.0,40.0,2026-07-31,2026-07-31,EDLDB.CDM.CUSTOMER_AGGREGATE_SNAPSHOT,EDLDB.MRCH_SANDBOX.CBSA_ZIPCODE_MAPPING,EDLDB.MRCH_SANDBOX.MEDIAN_HOUSEHOLD_INCOME_ZIPCODE,EDLDB.MRCH_SANDBOX.CLINIC_PROFILE,EDLDB.MRCH_SANDBOX.CBSA_POPULATION,"active_customer_yoy_growth, active_customers_per_1000_households, clinic_orders_per_clinic, clinics_per_10000_households, corporate_clinic_share, practice_hub_clinic_share, veterinarians_per_10000_households",Hypothesis,True,market-attractiveness-synthetic-v1,1.0,SYNTHETIC_COMPLETE,prototype_ready,synthetic_prototype_only
proto:bb9940901b,,"Williamsport, PA","Williamsport, PA",metropolitan,2026-07-31,2025-07-31,10461,11986.0,-0.127232,0.026848,59751.0,59751.0,175.07656775618818,151495.0,151495.0,52720.0,52720.0,14.0,14.0,34.0,34.0,2.343057019966193,5.690281334203612,0.0,0.0,0.0,3.0,3.0,0.21428571428571427,46969.0,46969.0,3354.9285714285716,2013-07-10,2013-07-10,2021-10-10,2021-10-10,27.0,27.0,2026-07-31,2026-07-31,EDLDB.CDM.CUSTOMER_AGGREGATE_SNAPSHOT,EDLDB.MRCH_SANDBOX.CBSA_ZIPCODE_MAPPING,EDLDB.MRCH_SANDBOX.MEDIAN_HOUSEHOLD_INCOME_ZIPCODE,EDLDB.MRCH_SANDBOX.CLINIC_PROFILE,EDLDB.MRCH_SANDBOX.CBSA_POPULATION,"active_customer_yoy_growth, active_customers_per_1000_households, clinic_orders_per_clinic, clinics_per_10000_households, corporate_clinic_share, practice_hub_clinic_share, veterinarians_per_10000_households",Hypothesis,True,market-attractiveness-synthetic-v1,1.0,SYNTHETIC_COMPLETE,prototype_ready,synthetic_prototype_only
proto:b15ce0bd2c,,"Oshkosh-Neenah, WI","Oshkosh-Neenah, WI",metropolitan,2026-07-31,2025-07-31,10440,11843.0,-0.118467,0.044774,75820.0,75820.0,137.6945396992878,171815.0,171815.0,64347.428571,64347.428571,19.0,19.0,56.0,56.0,2.505935109469797,7.385914006858349,0.0,0.0,0.0,6.0,6.0,0.3157894736842105,60462.0,60462.0,3182.2105263157896,2012-10-25,2012-10-25,2023-06-23,2023-06-23,14.0,14.0,2026-07-31,2026-07-31,EDLDB.CDM.CUSTOMER_AGGREGATE_SNAPSHOT,EDLDB.MRCH_SANDBOX.CBSA_ZIPCODE_MAPPING,EDLDB.MRCH_SANDBOX.MEDIAN_HOUSEHOLD_INCOME_ZIPCODE,EDLDB.MRCH_SANDBOX.CLINIC_PROFILE,EDLDB.MRCH_SANDBOX.CBSA_POPULATION,"active_customer_yoy_growth, active_customers_per_1000_households, clinic_orders_per_clinic, clinics_per_10000_households, corporate_clinic_share, practice_hub_clinic_share, veterinarians_per_10000_households",Hypothesis,True,market-attractiveness-synthetic-v1,1.0,SYNTHETIC_COMPLETE,prototype_ready,synthetic_prototype_only
proto:651532d088,,"Mobile, AL","Mobile, AL",metropolitan,2026-07-31,2025-07-31,10389,12270.0,-0.153301,-0.015126,163537.0,163537.0,63.526908283752306,414377.0,414377.0,39194.865385,39194.865385,59.0,59.0,95.0,95.0,3.6077462592563148,5.80908295981949,0.0,0.0,0.0,18.0,18.0,0.3050847457627119,48791.0,48791.0,826.9661016949152,2012-11-16,2012-11-16,2023-01-08,2023-01-08,52.0,52.0,2026-07-31,2026-07-31,EDLDB.CDM.CUSTOMER_AGGREGATE_SNAPSHOT,EDLDB.MRCH_SANDBOX.CBSA_ZIPCODE_MAPPING,EDLDB.MRCH_SANDBOX.MEDIAN_HOUSEHOLD_INCOME_ZIPCODE,EDLDB.MRCH_SANDBOX.CLINIC_PROFILE,EDLDB.MRCH_SANDBOX.CBSA_POPULATION,"active_customer_yoy_growth, active_customers_per_1000_households, clinic_orders_per_clinic, clinics_per_10000_households, corporate_clinic_share, practice_hub_clinic_share, veterinarians_per_10000_households",Hypothesis,True,market-attractiveness-synthetic-v1,1.0,SYNTHETIC_COMPLETE,prototype_ready,synthetic_prototype_only
proto:3ad7ade519,,"Sebastian-Vero Beach, FL","Sebastian-Vero Beach, FL",metropolitan,2026-07-31,2025-07-31,10388,11758.0,-0.116516,0.048753,60959.0,60959.0,170.40961958037371,160446.0,160446.0,56097.0,56097.0,39.0,39.0,66.0,66.0,6.397742745123772,10.826949260978692,0.0,0.0,0.0,13.0,13.0,0.3333333333333333,76628.0,76628.0,1964.820512820513,2012-11-17,2012-11-17,2023-06-08,2023-06-08,9.0,9.0,2026-07-31,2026-07-31,EDLDB.CDM.CUSTOMER_AGGREGATE_SNAPSHOT,EDLDB.MRCH_SANDBOX.CBSA_ZIPCODE_MAPPING,EDLDB.MRCH_SANDBOX.MEDIAN_HOUSEHOLD_INCOME_ZIPCODE,EDLDB.MRCH_SANDBOX.CLINIC_PROFILE,EDLDB.MRCH_SANDBOX.CBSA_POPULATION,"active_customer_yoy_growth, active_customers_per_1000_households, clinic_orders_per_clinic, clinics_per_10000_households, corporate_clinic_share, practice_hub_clinic_share, veterinarians_per_10000_households",Hypothesis,True,market-attractiveness-synthetic-v1,1.0,SYNTHETIC_COMPLETE,prototype_ready,synthetic_prototype_only
proto:90787826de,,"Bloomsburg-Berwick, PA","Bloomsburg-Berwick, PA",metropolitan,2026-07-31,2025-07-31,10316,11437.0,-0.098015,0.106299,50515.0,50515.0,204.21656933584083,64686.0,64686.0,54414.15,54414.15,12.0,12.0,29.0,29.0,2.375532020192022,5.740869048797387,0.0,0.0,0.0,5.0,5.0,0.4166666666666667,37666.0,37666.0,3138.8333333333335,2012-11-09,2012-11-09,2023-08-06,2023-08-06,20.0,20.0,2026-07-31,2026-07-31,EDLDB.CDM.CUSTOMER_AGGREGATE_SNAPSHOT,EDLDB.MRCH_SANDBOX.CBSA_ZIPCODE_MAPPING,EDLDB.MRCH_SANDBOX.MEDIAN_HOUSEHOLD_INCOME_ZIPCODE,EDLDB.MRCH_SANDBOX.CLINIC_PROFILE,EDLDB.MRCH_SANDBOX.CBSA_POPULATION,"active_customer_yoy_growth, active_customers_per_1000_households, clinic_orders_per_clinic, clinics_per_10000_households, corporate_clinic_share, practice_hub_clinic_share, veterinarians_per_10000_households",Hypothesis,True,market-attractiveness-synthetic-v1,1.0,SYNTHETIC_COMPLETE,prototype_ready,synthetic_prototype_only
proto:cdeafbdfc6,,"College Station-Bryan, TX","College Station-Bryan, TX",metropolitan,2026-07-31,2025-07-31,10291,11803.0,-0.128103,0.025,105526.0,105526.0,97.52099008775089,268953.0,268953.0,53577.7,53577.7,85.0,85.0,122.0,122.0,8.05488694729261,11.561131853761157,0.0,0.0,0.0,26.0,26.0,0.3058823529411765,61306.0,61306.0,721.2470588235294,2012-10-29,2012-10-29,2023-12-06,2023-12-06,20.0,20.0,2026-07-31,2026-07-31,EDLDB.CDM.CUSTOMER_AGGREGATE_SNAPSHOT,EDLDB.MRCH_SANDBOX.CBSA_ZIPCODE_MAPPING,EDLDB.MRCH_SANDBOX.MEDIAN_HOUSEHOLD_INCOME_ZIPCODE,EDLDB.MRCH_SANDBOX.CLINIC_PROFILE,EDLDB.MRCH_SANDBOX.CBSA_POPULATION,"active_customer_yoy_growth, active_customers_per_1000_households, clinic_orders_per_clinic, clinics_per_10000_households, corporate_clinic_share, practice_hub_clinic_share, veterinarians_per_10000_households",Hypothesis,True,market-attractiveness-synthetic-v1,1.0,SYNTHETIC_COMPLETE,prototype_ready,synthetic_prototype_only
proto:907585c044,,"Chambersburg-Waynesboro, PA","Chambersburg-Waynesboro, PA",metropolitan,2026-07-31,2025-07-31,10234,11578.0,-0.116082,0.050669,59872.0,59872.0,170.9313201496526,155949.0,155949.0,49438.866667,49438.866667,15.0,15.0,36.0,36.0,2.5053447354355955,6.01282736504543,0.0,0.0,0.0,5.0,5.0,0.3333333333333333,44733.0,44733.0,2982.2,2012-11-26,2012-11-26,2023-07-18,2023-07-18,30.0,30.0,2026-07-31,2026-07-31,EDLDB.CDM.CUSTOMER_AGGREGATE_SNAPSHOT,EDLDB.MRCH_SANDBOX.CBSA_ZIPCODE_MAPPING,EDLDB.MRCH_SANDBOX.MEDIAN_HOUSEHOLD_INCOME_ZIPCODE,EDLDB.MRCH_SANDBOX.CLINIC_PROFILE,EDLDB.MRCH_SANDBOX.CBSA_POPULATION,"active_customer_yoy_growth, active_customers_per_1000_households, clinic_orders_per_clinic, clinics_per_10000_households, corporate_clinic_share, practice_hub_clinic_share, veterinarians_per_10000_households",Hypothesis,True,market-attractiveness-synthetic-v1,1.0,SYNTHETIC_COMPLETE,prototype_ready,synthetic_prototype_only
proto:d62e87a882,,"Bloomington, IL","Bloomington, IL",metropolitan,2026-07-31,2025-07-31,10223,11635.0,-0.121358,0.039564,71612.0,71612.0,142.75540412221414,170949.0,170949.0,72220.071429,72220.071429,18.0,18.0,42.0,42.0,2.5135452158856055,5.864938837066414,0.0,0.0,0.0,5.0,5.0,0.2777777777777778,63355.0,63355.0,3519.722222222222,2012-11-07,2012-11-07,2023-10-21,2023-10-21,28.0,28.0,2026-07-31,2026-07-31,EDLDB.CDM.CUSTOMER_AGGREGATE_SNAPSHOT,EDLDB.MRCH_SANDBOX.CBSA_ZIPCODE_MAPPING,EDLDB.MRCH_SANDBOX.MEDIAN_HOUSEHOLD_INCOME_ZIPCODE,EDLDB.MRCH_SANDBOX.CLINIC_PROFILE,EDLDB.MRCH_SANDBOX.CBSA_POPULATION,"active_customer_yoy_growth, active_customers_per_1000_households, clinic_orders_per_clinic, clinics_per_10000_households, corporate_clinic_share, practice_hub_clinic_share, veterinarians_per_10000_households",Hypothesis,True,market-attractiveness-synthetic-v1,1.0,SYNTHETIC_COMPLETE,prototype_ready,synthetic_prototype_only
proto:4486dcbfc2,,"Eau Claire, WI","Eau Claire, WI",metropolitan,2026-07-31,2025-07-31,10212,11643.0,-0.122906,0.03568,79447.0,79447.0,128.53852253703727,172238.0,172238.0,59784.869565,59784.869565,22.0,22.0,44.0,44.0,2.7691416919455736,5.538283383891147,0.0,0.0,0.0,7.0,7.0,0.3181818181818182,28047.0,28047.0,1274.8636363636363,2012-12-10,2012-12-10,2022-10-03,2022-10-03,23.0,23.0,2026-07-31,2026-07-31,EDLDB.CDM.CUSTOMER_AGGREGATE_SNAPSHOT,EDLDB.MRCH_SANDBOX.CBSA_ZIPCODE_MAPPING,EDLDB.MRCH_SANDBOX.MEDIAN_HOUSEHOLD_INCOME_ZIPCODE,EDLDB.MRCH_SANDBOX.CLINIC_PROFILE,EDLDB.MRCH_SANDBOX.CBSA_POPULATION,"active_customer_yoy_growth, active_customers_per_1000_households, clinic_orders_per_clinic, clinics_per_10000_households, corporate_clinic_share, practice_hub_clinic_share, veterinarians_per_10000_households",Hypothesis,True,market-attractiveness-synthetic-v1,1.0,SYNTHETIC_COMPLETE,prototype_ready,synthetic_prototype_only
proto:89f7e192dd,,"Morristown, TN","Morristown, TN",metropolitan,2026-07-31,2025-07-31,10195,12104.0,-0.157716,-0.022852,73916.0,73916.0,137.92683586774177,254065.0,254065.0,44461.117647,44461.117647,19.0,19.0,27.0,27.0,2.5704854158774824,3.652795064668002,1.0,1.0,0.05263157894736842,6.0,6.0,0.3157894736842105,16148.0,16148.0,849.8947368421053,2013-04-16,2013-04-16,2023-01-25,2023-01-25,17.0,17.0,2026-07-31,2026-07-31,EDLDB.CDM.CUSTOMER_AGGREGATE_SNAPSHOT,EDLDB.MRCH_SANDBOX.CBSA_ZIPCODE_MAPPING,EDLDB.MRCH_SANDBOX.MEDIAN_HOUSEHOLD_INCOME_ZIPCODE,EDLDB.MRCH_SANDBOX.CLINIC_PROFILE,EDLDB.MRCH_SANDBOX.CBSA_POPULATION,"active_customer_yoy_growth, active_customers_per_1000_households, clinic_orders_per_clinic, clinics_per_10000_households, corporate_clinic_share, practice_hub_clinic_share, veterinarians_per_10000_households",Hypothesis,True,market-attractiveness-synthetic-v1,1.0,SYNTHETIC_COMPLETE,prototype_ready,synthetic_prototype_only
proto:d77fb3c941,,"Columbus, GA-AL","Columbus, GA-AL",metropolitan,2026-07-31,2025-07-31,10156,11888.0,-0.145693,-0.00332,134489.0,134489.0,75.51546966666419,356392.0,356392.0,48594.238095,48594.238095,40.0,40.0,79.0,79.0,2.974220940002528,5.874086356504994,0.0,0.0,0.0,9.0,9.0,0.225,54965.0,54965.0,1374.125,2012-10-24,2012-10-24,2023-11-27,2023-11-27,42.0,42.0,2026-07-31,2026-07-31,EDLDB.CDM.CUSTOMER_AGGREGATE_SNAPSHOT,EDLDB.MRCH_SANDBOX.CBSA_ZIPCODE_MAPPING,EDLDB.MRCH_SANDBOX.MEDIAN_HOUSEHOLD_INCOME_ZIPCODE,EDLDB.MRCH_SANDBOX.CLINIC_PROFILE,EDLDB.MRCH_SANDBOX.CBSA_POPULATION,"active_customer_yoy_growth, active_customers_per_1000_households, clinic_orders_per_clinic, clinics_per_10000_households, corporate_clinic_share, practice_hub_clinic_share, veterinarians_per_10000_households",Hypothesis,True,market-attractiveness-synthetic-v1,1.0,SYNTHETIC_COMPLETE,prototype_ready,synthetic_prototype_only
proto:fe14366781,,"Redding, CA","Redding, CA",metropolitan,2026-07-31,2025-07-31,10093,11715.0,-0.138455,0.009017,75454.0,75454.0,133.76361756831977,182002.0,182002.0,48334.933333,48334.933333,27.0,27.0,58.0,58.0,3.5783391205237627,7.686802555199194,0.0,0.0,0.0,6.0,6.0,0.2222222222222222,54631.0,54631.0,2023.3703703703704,2012-12-15,2012-12-15,2022-11-20,2022-11-20,30.0,30.0,2026-07-31,2026-07-31,EDLDB.CDM.CUSTOMER_AGGREGATE_SNAPSHOT,EDLDB.MRCH_SANDBOX.CBSA_ZIPCODE_MAPPING,EDLDB.MRCH_SANDBOX.MEDIAN_HOUSEHOLD_INCOME_ZIPCODE,EDLDB.MRCH_SANDBOX.CLINIC_PROFILE,EDLDB.MRCH_SANDBOX.CBSA_POPULATION,"active_customer_yoy_growth, active_customers_per_1000_households, clinic_orders_per_clinic, clinics_per_10000_households, corporate_clinic_share, practice_hub_clinic_share, veterinarians_per_10000_households",Hypothesis,True,market-attractiveness-synthetic-v1,1.0,SYNTHETIC_COMPLETE,prototype_ready,synthetic_prototype_only
proto:42f18fea61,,"Ithaca, NY","Ithaca, NY",metropolitan,2026-07-31,2025-07-31,10050,11180.0,-0.101073,0.096543,52915.0,52915.0,189.92724180289142,146513.0,146513.0,55882.4375,55882.4375,52.0,52.0,129.0,129.0,9.8270811679108,24.37872058962487,0.0,0.0,0.0,12.0,12.0,0.23076923076923078,69972.0,69972.0,1345.6153846153845,2012-11-06,2012-11-06,2023-10-29,2023-10-29,16.0,16.0,2026-07-31,2026-07-31,EDLDB.CDM.CUSTOMER_AGGREGATE_SNAPSHOT,EDLDB.MRCH_SANDBOX.CBSA_ZIPCODE_MAPPING,EDLDB.MRCH_SANDBOX.MEDIAN_HOUSEHOLD_INCOME_ZIPCODE,EDLDB.MRCH_SANDBOX.CLINIC_PROFILE,EDLDB.MRCH_SANDBOX.CBSA_POPULATION,"active_customer_yoy_growth, active_customers_per_1000_households, clinic_orders_per_clinic, clinics_per_10000_households, corporate_clinic_share, practice_hub_clinic_share, veterinarians_per_10000_households",Hypothesis,True,market-attractiveness-synthetic-v1,1.0,SYNTHETIC_COMPLETE,prototype_ready,synthetic_prototype_only
proto:a2774e153f,,"Blacksburg-Christiansburg, VA","Blacksburg-Christiansburg, VA",metropolitan,2026-07-31,2025-07-31,10024,11344.0,-0.116361,0.049068,65128.0,65128.0,153.9122957867584,181756.0,181756.0,46195.84,46195.84,44.0,44.0,127.0,127.0,6.7559267903206,19.500061417516275,0.0,0.0,0.0,13.0,13.0,0.29545454545454547,67867.0,67867.0,1542.4318181818182,2012-11-09,2012-11-09,2023-08-20,2023-08-20,25.0,25.0,2026-07-31,2026-07-31,EDLDB.CDM.CUSTOMER_AGGREGATE_SNAPSHOT,EDLDB.MRCH_SANDBOX.CBSA_ZIPCODE_MAPPING,EDLDB.MRCH_SANDBOX.MEDIAN_HOUSEHOLD_INCOME_ZIPCODE,EDLDB.MRCH_SANDBOX.CLINIC_PROFILE,EDLDB.MRCH_SANDBOX.CBSA_POPULATION,"active_customer_yoy_growth, active_customers_per_1000_households, clinic_orders_per_clinic, clinics_per_10000_households, corporate_clinic_share, practice_hub_clinic_share, veterinarians_per_10000_households",Hypothesis,True,market-attractiveness-synthetic-v1,1.0,SYNTHETIC_COMPLETE,prototype_ready,synthetic_prototype_only
proto:c49ec5c597,,"Lewiston-Auburn, ME","Lewiston-Auburn, ME",metropolitan,2026-07-31,2025-07-31,10007,11328.0,-0.116614,0.048126,51730.0,51730.0,193.4467427024937,111175.0,111175.0,61799.052632,61799.052632,11.0,11.0,26.0,26.0,2.1264256717572008,5.026097042335202,0.0,0.0,0.0,3.0,3.0,0.2727272727272727,38908.0,38908.0,3537.090909090909,2012-11-02,2012-11-02,2021-11-07,2021-11-07,19.0,19.0,2026-07-31,2026-07-31,EDLDB.CDM.CUSTOMER_AGGREGATE_SNAPSHOT,EDLDB.MRCH_SANDBOX.CBSA_ZIPCODE_MAPPING,EDLDB.MRCH_SANDBOX.MEDIAN_HOUSEHOLD_INCOME_ZIPCODE,EDLDB.MRCH_SANDBOX.CLINIC_PROFILE,EDLDB.MRCH_SANDBOX.CBSA_POPULATION,"active_customer_yoy_growth, active_customers_per_1000_households, clinic_orders_per_clinic, clinics_per_10000_households, corporate_clinic_share, practice_hub_clinic_share, veterinarians_per_10000_households",Hypothesis,True,market-attractiveness-synthetic-v1,1.0,SYNTHETIC_COMPLETE,prototype_ready,synthetic_prototype_only
proto:1804b8e555,,"The Villages, FL","The Villages, FL",metropolitan,2026-07-31,2025-07-31,9885,11631.0,-0.150116,-0.009042,58809.0,58809.0,168.08651736979033,,148204.0,46971.222222,46971.222222,18.0,18.0,42.0,42.0,3.060756006733663,7.14176401571188,1.0,1.0,0.05555555555555555,10.0,10.0,0.5555555555555556,50843.0,50843.0,2824.6111111111113,2012-11-01,2012-11-01,2023-05-01,2023-05-01,9.0,9.0,2026-07-31,2026-07-31,EDLDB.CDM.CUSTOMER_AGGREGATE_SNAPSHOT,EDLDB.MRCH_SANDBOX.CBSA_ZIPCODE_MAPPING,EDLDB.MRCH_SANDBOX.MEDIAN_HOUSEHOLD_INCOME_ZIPCODE,EDLDB.MRCH_SANDBOX.CLINIC_PROFILE,EDLDB.MRCH_SANDBOX.CBSA_POPULATION,"active_customer_yoy_growth, active_customers_per_1000_households, clinic_orders_per_clinic, clinics_per_10000_households, corporate_clinic_share, practice_hub_clinic_share, total_population, veterinarians_per_10000_households",Hypothesis,True,market-attractiveness-synthetic-v1,1.0,SYNTHETIC_COMPLETE,prototype_ready,synthetic_prototype_only
proto:ea933a2d16,,"Augusta-Waterville, ME","Augusta-Waterville, ME",micropolitan,2026-07-31,2025-07-31,9884,11193.0,-0.116948,0.055672,49610.0,49610.0,199.23402539810522,124712.0,124712.0,57370.172414,57370.172414,25.0,25.0,59.0,59.0,5.0393065914130215,11.892763555734732,0.0,0.0,0.0,6.0,6.0,0.24,51472.0,51472.0,2058.88,2013-01-04,2013-01-04,2023-05-20,2023-05-20,29.0,29.0,2026-07-31,2026-07-31,EDLDB.CDM.CUSTOMER_AGGREGATE_SNAPSHOT,EDLDB.MRCH_SANDBOX.CBSA_ZIPCODE_MAPPING,EDLDB.MRCH_SANDBOX.MEDIAN_HOUSEHOLD_INCOME_ZIPCODE,EDLDB.MRCH_SANDBOX.CLINIC_PROFILE,EDLDB.MRCH_SANDBOX.CBSA_POPULATION,"active_customer_yoy_growth, active_customers_per_1000_households, clinic_orders_per_clinic, clinics_per_10000_households, corporate_clinic_share, practice_hub_clinic_share, veterinarians_per_10000_households",Hypothesis,True,market-attractiveness-synthetic-v1,1.0,SYNTHETIC_COMPLETE,prototype_ready,synthetic_prototype_only
proto:615634b65d,,"Chico, CA","Chico, CA",metropolitan,2026-07-31,2025-07-31,9818,11260.0,-0.128064,0.025264,84029.0,84029.0,116.84061454973877,210151.0,210151.0,48616.277778,48616.277778,43.0,43.0,80.0,80.0,5.117280938723536,9.52052267669495,0.0,0.0,0.0,10.0,10.0,0.23255813953488372,51306.0,51306.0,1193.1627906976744,2012-11-19,2012-11-19,2022-07-31,2022-07-31,18.0,18.0,2026-07-31,2026-07-31,EDLDB.CDM.CUSTOMER_AGGREGATE_SNAPSHOT,EDLDB.MRCH_SANDBOX.CBSA_ZIPCODE_MAPPING,EDLDB.MRCH_SANDBOX.MEDIAN_HOUSEHOLD_INCOME_ZIPCODE,EDLDB.MRCH_SANDBOX.CLINIC_PROFILE,EDLDB.MRCH_SANDBOX.CBSA_POPULATION,"active_customer_yoy_growth, active_customers_per_1000_households, clinic_orders_per_clinic, clinics_per_10000_households, corporate_clinic_share, practice_hub_clinic_share, veterinarians_per_10000_households",Hypothesis,True,market-attractiveness-synthetic-v1,1.0,SYNTHETIC_COMPLETE,prototype_ready,synthetic_prototype_only
proto:1ea46bb2f2,,"Billings, MT","Billings, MT",metropolitan,2026-07-31,2025-07-31,9745,11106.0,-0.122546,0.036778,78089.0,78089.0,124.79350484703352,184726.0,184726.0,61642.382353,61642.382353,42.0,42.0,84.0,84.0,5.378478402848033,10.756956805696065,0.0,0.0,0.0,11.0,11.0,0.2619047619047619,47754.0,47754.0,1137.0,2012-10-28,2012-10-28,2023-02-05,2023-02-05,34.0,34.0,2026-07-31,2026-07-31,EDLDB.CDM.CUSTOMER_AGGREGATE_SNAPSHOT,EDLDB.MRCH_SANDBOX.CBSA_ZIPCODE_MAPPING,EDLDB.MRCH_SANDBOX.MEDIAN_HOUSEHOLD_INCOME_ZIPCODE,EDLDB.MRCH_SANDBOX.CLINIC_PROFILE,EDLDB.MRCH_SANDBOX.CBSA_POPULATION,"active_customer_yoy_growth, active_customers_per_1000_households, clinic_orders_per_clinic, clinics_per_10000_households, corporate_clinic_share, practice_hub_clinic_share, veterinarians_per_10000_households",Hypothesis,True,market-attractiveness-synthetic-v1,1.0,SYNTHETIC_COMPLETE,prototype_ready,synthetic_prototype_only
proto:eb97109b11,,"Monroe, MI","Monroe, MI",metropolitan,2026-07-31,2025-07-31,9717,11209.0,-0.133107,0.016223,62820.0,62820.0,154.6800382043935,154896.0,154896.0,68423.2,68423.2,19.0,19.0,46.0,46.0,3.0245144858325372,7.322508755173511,0.0,0.0,0.0,4.0,4.0,0.21052631578947367,52945.0,52945.0,2786.5789473684213,2012-10-26,2012-10-26,2022-07-13,2022-07-13,20.0,20.0,2026-07-31,2026-07-31,EDLDB.CDM.CUSTOMER_AGGREGATE_SNAPSHOT,EDLDB.MRCH_SANDBOX.CBSA_ZIPCODE_MAPPING,EDLDB.MRCH_SANDBOX.MEDIAN_HOUSEHOLD_INCOME_ZIPCODE,EDLDB.MRCH_SANDBOX.CLINIC_PROFILE,EDLDB.MRCH_SANDBOX.CBSA_POPULATION,"active_customer_yoy_growth, active_customers_per_1000_households, clinic_orders_per_clinic, clinics_per_10000_households, corporate_clinic_share, practice_hub_clinic_share, veterinarians_per_10000_households",Hypothesis,True,market-attractiveness-synthetic-v1,1.0,SYNTHETIC_COMPLETE,prototype_ready,synthetic_prototype_only
proto:9e5d1b9ed4,,"Beaumont-Port Arthur, TX","Beaumont-Port Arthur, TX",metropolitan,2026-07-31,2025-07-31,9687,11435.0,-0.152864,-0.014262,148257.0,148257.0,65.33924199194642,397237.0,397237.0,53312.967742,53312.967742,32.0,32.0,39.0,39.0,2.1584141052361776,2.6305671907565915,1.0,1.0,0.03125,7.0,7.0,0.21875,38075.0,38075.0,1189.84375,2013-07-29,2013-07-29,2022-02-23,2022-02-23,31.0,31.0,2026-07-31,2026-07-31,EDLDB.CDM.CUSTOMER_AGGREGATE_SNAPSHOT,EDLDB.MRCH_SANDBOX.CBSA_ZIPCODE_MAPPING,EDLDB.MRCH_SANDBOX.MEDIAN_HOUSEHOLD_INCOME_ZIPCODE,EDLDB.MRCH_SANDBOX.CLINIC_PROFILE,EDLDB.MRCH_SANDBOX.CBSA_POPULATION,"active_customer_yoy_growth, active_customers_per_1000_households, clinic_orders_per_clinic, clinics_per_10000_households, corporate_clinic_share, practice_hub_clinic_share, veterinarians_per_10000_households",Hypothesis,True,market-attractiveness-synthetic-v1,1.0,SYNTHETIC_COMPLETE,prototype_ready,synthetic_prototype_only
proto:9e80abf30c,,"Johnstown, PA","Johnstown, PA",metropolitan,2026-07-31,2025-07-31,9573,10896.0,-0.121421,0.039282,63803.0,63803.0,150.0399667727223,133211.0,133211.0,48877.5,48877.5,7.0,7.0,8.0,8.0,1.0971270943372569,1.2538595363854363,0.0,0.0,0.0,1.0,1.0,0.14285714285714285,23978.0,23978.0,3425.4285714285716,2013-09-16,2013-09-16,2023-04-18,2023-04-18,50.0,50.0,2026-07-31,2026-07-31,EDLDB.CDM.CUSTOMER_AGGREGATE_SNAPSHOT,EDLDB.MRCH_SANDBOX.CBSA_ZIPCODE_MAPPING,EDLDB.MRCH_SANDBOX.MEDIAN_HOUSEHOLD_INCOME_ZIPCODE,EDLDB.MRCH_SANDBOX.CLINIC_PROFILE,EDLDB.MRCH_SANDBOX.CBSA_POPULATION,"active_customer_yoy_growth, active_customers_per_1000_households, clinic_orders_per_clinic, clinics_per_10000_households, corporate_clinic_share, practice_hub_clinic_share, veterinarians_per_10000_households",Hypothesis,True,market-attractiveness-synthetic-v1,1.0,SYNTHETIC_COMPLETE,prototype_ready,synthetic_prototype_only
proto:a986bad642,,"Tyler, TX","Tyler, TX",metropolitan,2026-07-31,2025-07-31,9559,11333.0,-0.156534,-0.021271,88360.0,88360.0,108.18243549117247,234199.0,234199.0,58300.0,58300.0,40.0,40.0,57.0,57.0,4.526935264825713,6.450882752376641,0.0,0.0,0.0,12.0,12.0,0.3,50917.0,50917.0,1272.925,2012-11-17,2012-11-17,2022-12-26,2022-12-26,19.0,19.0,2026-07-31,2026-07-31,EDLDB.CDM.CUSTOMER_AGGREGATE_SNAPSHOT,EDLDB.MRCH_SANDBOX.CBSA_ZIPCODE_MAPPING,EDLDB.MRCH_SANDBOX.MEDIAN_HOUSEHOLD_INCOME_ZIPCODE,EDLDB.MRCH_SANDBOX.CLINIC_PROFILE,EDLDB.MRCH_SANDBOX.CBSA_POPULATION,"active_customer_yoy_growth, active_customers_per_1000_households, clinic_orders_per_clinic, clinics_per_10000_households, corporate_clinic_share, practice_hub_clinic_share, veterinarians_per_10000_households",Hypothesis,True,market-attractiveness-synthetic-v1,1.0,SYNTHETIC_COMPLETE,prototype_ready,synthetic_prototype_only
proto:7abe0d4a28,,"Staunton, VA","Staunton, VA",metropolitan,2026-07-31,2025-07-31,9443,10612.0,-0.110158,0.066457,49890.0,49890.0,189.2764080978152,125665.0,125665.0,58373.181818,58373.181818,23.0,23.0,58.0,58.0,4.6101423130887955,11.625576267789135,0.0,0.0,0.0,7.0,7.0,0.30434782608695654,55217.0,55217.0,2400.7391304347825,2012-10-19,2012-10-19,2022-03-20,2022-03-20,22.0,22.0,2026-07-31,2026-07-31,EDLDB.CDM.CUSTOMER_AGGREGATE_SNAPSHOT,EDLDB.MRCH_SANDBOX.CBSA_ZIPCODE_MAPPING,EDLDB.MRCH_SANDBOX.MEDIAN_HOUSEHOLD_INCOME_ZIPCODE,EDLDB.MRCH_SANDBOX.CLINIC_PROFILE,EDLDB.MRCH_SANDBOX.CBSA_POPULATION,"active_customer_yoy_growth, active_customers_per_1000_households, clinic_orders_per_clinic, clinics_per_10000_households, corporate_clinic_share, practice_hub_clinic_share, veterinarians_per_10000_households",Hypothesis,True,market-attractiveness-synthetic-v1,1.0,SYNTHETIC_COMPLETE,prototype_ready,synthetic_prototype_only
proto:0092e05136,,"Niles, MI","Niles, MI",metropolitan,2026-07-31,2025-07-31,9362,10669.0,-0.122504,0.037053,68376.0,68376.0,136.91938691938694,154197.0,154197.0,55650.541667,55650.541667,20.0,20.0,38.0,38.0,2.925002925002925,5.557505557505557,0.0,0.0,0.0,5.0,5.0,0.25,36811.0,36811.0,1840.55,2012-11-11,2012-11-11,2023-09-30,2023-09-30,24.0,24.0,2026-07-31,2026-07-31,EDLDB.CDM.CUSTOMER_AGGREGATE_SNAPSHOT,EDLDB.MRCH_SANDBOX.CBSA_ZIPCODE_MAPPING,EDLDB.MRCH_SANDBOX.MEDIAN_HOUSEHOLD_INCOME_ZIPCODE,EDLDB.MRCH_SANDBOX.CLINIC_PROFILE,EDLDB.MRCH_SANDBOX.CBSA_POPULATION,"active_customer_yoy_growth, active_customers_per_1000_households, clinic_orders_per_clinic, clinics_per_10000_households, corporate_clinic_share, practice_hub_clinic_share, veterinarians_per_10000_households",Hypothesis,True,market-attractiveness-synthetic-v1,1.0,SYNTHETIC_COMPLETE,prototype_ready,synthetic_prototype_only
proto:7d4c9d554b,,"Saginaw, MI","Saginaw, MI",metropolitan,2026-07-31,2025-07-31,9334,10896.0,-0.143355,0.000932,84284.0,84284.0,110.74462531441317,189882.0,189882.0,53719.318182,53719.318182,21.0,21.0,38.0,38.0,2.491576099852878,4.508566275924256,1.0,1.0,0.047619047619047616,7.0,7.0,0.3333333333333333,31819.0,31819.0,1515.1904761904761,2012-12-20,2012-12-20,2023-01-17,2023-01-17,22.0,22.0,2026-07-31,2026-07-31,EDLDB.CDM.CUSTOMER_AGGREGATE_SNAPSHOT,EDLDB.MRCH_SANDBOX.CBSA_ZIPCODE_MAPPING,EDLDB.MRCH_SANDBOX.MEDIAN_HOUSEHOLD_INCOME_ZIPCODE,EDLDB.MRCH_SANDBOX.CLINIC_PROFILE,EDLDB.MRCH_SANDBOX.CBSA_POPULATION,"active_customer_yoy_growth, active_customers_per_1000_households, clinic_orders_per_clinic, clinics_per_10000_households, corporate_clinic_share, practice_hub_clinic_share, veterinarians_per_10000_households",Hypothesis,True,market-attractiveness-synthetic-v1,1.0,SYNTHETIC_COMPLETE,prototype_ready,synthetic_prototype_only
proto:b3ae9b7d00,,"Wheeling, WV-OH","Wheeling, WV-OH",metropolitan,2026-07-31,2025-07-31,9285,10514.0,-0.116892,0.047197,58434.0,58434.0,158.89721737344698,139127.0,139127.0,47310.615385,47310.615385,24.0,24.0,37.0,37.0,4.1071978642571105,6.331930040729712,0.0,0.0,0.0,8.0,8.0,0.3333333333333333,55296.0,55296.0,2304.0,2013-03-25,2013-03-25,2022-09-03,2022-09-03,39.0,39.0,2026-07-31,2026-07-31,EDLDB.CDM.CUSTOMER_AGGREGATE_SNAPSHOT,EDLDB.MRCH_SANDBOX.CBSA_ZIPCODE_MAPPING,EDLDB.MRCH_SANDBOX.MEDIAN_HOUSEHOLD_INCOME_ZIPCODE,EDLDB.MRCH_SANDBOX.CLINIC_PROFILE,EDLDB.MRCH_SANDBOX.CBSA_POPULATION,"active_customer_yoy_growth, active_customers_per_1000_households, clinic_orders_per_clinic, clinics_per_10000_households, corporate_clinic_share, practice_hub_clinic_share, veterinarians_per_10000_households",Hypothesis,True,market-attractiveness-synthetic-v1,1.0,SYNTHETIC_COMPLETE,prototype_ready,synthetic_prototype_only
proto:42f4c7ee82,,"Waco, TX","Waco, TX",metropolitan,2026-07-31,2025-07-31,9125,10696.0,-0.146877,-0.004693,103573.0,103573.0,88.10211155416953,296405.0,296405.0,52216.527778,52216.527778,36.0,36.0,90.0,90.0,3.475809332548058,8.689523331370145,1.0,1.0,0.027777777777777776,9.0,9.0,0.25,52354.0,52354.0,1454.2777777777778,2012-10-18,2012-10-18,2023-09-29,2023-09-29,36.0,36.0,2026-07-31,2026-07-31,EDLDB.CDM.CUSTOMER_AGGREGATE_SNAPSHOT,EDLDB.MRCH_SANDBOX.CBSA_ZIPCODE_MAPPING,EDLDB.MRCH_SANDBOX.MEDIAN_HOUSEHOLD_INCOME_ZIPCODE,EDLDB.MRCH_SANDBOX.CLINIC_PROFILE,EDLDB.MRCH_SANDBOX.CBSA_POPULATION,"active_customer_yoy_growth, active_customers_per_1000_households, clinic_orders_per_clinic, clinics_per_10000_households, corporate_clinic_share, practice_hub_clinic_share, veterinarians_per_10000_households",Hypothesis,True,market-attractiveness-synthetic-v1,1.0,SYNTHETIC_COMPLETE,prototype_ready,synthetic_prototype_only
proto:411718e479,,"Dover, DE","Dover, DE",metropolitan,2026-07-31,2025-07-31,9009,10377.0,-0.13183,0.017838,63787.0,63787.0,141.23567498079544,182315.0,182315.0,52186.9375,52186.9375,25.0,25.0,61.0,61.0,3.919293900010974,9.563077116026777,0.0,0.0,0.0,6.0,6.0,0.24,45849.0,45849.0,1833.96,2012-11-07,2012-11-07,2023-08-31,2023-08-31,16.0,16.0,2026-07-31,2026-07-31,EDLDB.CDM.CUSTOMER_AGGREGATE_SNAPSHOT,EDLDB.MRCH_SANDBOX.CBSA_ZIPCODE_MAPPING,EDLDB.MRCH_SANDBOX.MEDIAN_HOUSEHOLD_INCOME_ZIPCODE,EDLDB.MRCH_SANDBOX.CLINIC_PROFILE,EDLDB.MRCH_SANDBOX.CBSA_POPULATION,"active_customer_yoy_growth, active_customers_per_1000_households, clinic_orders_per_clinic, clinics_per_10000_households, corporate_clinic_share, practice_hub_clinic_share, veterinarians_per_10000_households",Hypothesis,True,market-attractiveness-synthetic-v1,1.0,SYNTHETIC_COMPLETE,prototype_ready,synthetic_prototype_only
proto:5b87fb901a,,"Grand Junction, CO","Grand Junction, CO",metropolitan,2026-07-31,2025-07-31,9008,10365.0,-0.130921,0.019441,62456.0,62456.0,144.2295375944665,156011.0,156011.0,61063.894737,61063.894737,32.0,32.0,66.0,66.0,5.123607019341616,10.567439477392085,0.0,0.0,0.0,20.0,20.0,0.625,51758.0,51758.0,1617.4375,2013-09-17,2013-09-17,2023-08-17,2023-08-17,19.0,19.0,2026-07-31,2026-07-31,EDLDB.CDM.CUSTOMER_AGGREGATE_SNAPSHOT,EDLDB.MRCH_SANDBOX.CBSA_ZIPCODE_MAPPING,EDLDB.MRCH_SANDBOX.MEDIAN_HOUSEHOLD_INCOME_ZIPCODE,EDLDB.MRCH_SANDBOX.CLINIC_PROFILE,EDLDB.MRCH_SANDBOX.CBSA_POPULATION,"active_customer_yoy_growth, active_customers_per_1000_households, clinic_orders_per_clinic, clinics_per_10000_households, corporate_clinic_share, practice_hub_clinic_share, veterinarians_per_10000_households",Hypothesis,True,market-attractiveness-synthetic-v1,1.0,SYNTHETIC_COMPLETE,prototype_ready,synthetic_prototype_only
proto:b625ce795a,,"Burlington, NC","Burlington, NC",metropolitan,2026-07-31,2025-07-31,8917,10206.0,-0.126298,0.028964,68196.0,68196.0,130.75546952900464,171960.0,171960.0,51074.0,51074.0,27.0,27.0,54.0,54.0,3.9591764912898118,7.9183529825796235,0.0,0.0,0.0,9.0,9.0,0.3333333333333333,48663.0,48663.0,1802.3333333333333,2012-11-03,2012-11-03,2023-06-21,2023-06-21,9.0,9.0,2026-07-31,2026-07-31,EDLDB.CDM.CUSTOMER_AGGREGATE_SNAPSHOT,EDLDB.MRCH_SANDBOX.CBSA_ZIPCODE_MAPPING,EDLDB.MRCH_SANDBOX.MEDIAN_HOUSEHOLD_INCOME_ZIPCODE,EDLDB.MRCH_SANDBOX.CLINIC_PROFILE,EDLDB.MRCH_SANDBOX.CBSA_POPULATION,"active_customer_yoy_growth, active_customers_per_1000_households, clinic_orders_per_clinic, clinics_per_10000_households, corporate_clinic_share, practice_hub_clinic_share, veterinarians_per_10000_households",Hypothesis,True,market-attractiveness-synthetic-v1,1.0,SYNTHETIC_COMPLETE,prototype_ready,synthetic_prototype_only
proto:2269024d9c,,"Bowling Green, KY","Bowling Green, KY",metropolitan,2026-07-31,2025-07-31,8849,10323.0,-0.142788,0.001247,97679.0,97679.0,90.59265553496658,180070.0,180070.0,46926.34375,46926.34375,20.0,20.0,32.0,32.0,2.047523009039814,3.276036814463702,0.0,0.0,0.0,7.0,7.0,0.35,24562.0,24562.0,1228.1,2012-11-06,2012-11-06,2022-10-11,2022-10-11,32.0,32.0,2026-07-31,2026-07-31,EDLDB.CDM.CUSTOMER_AGGREGATE_SNAPSHOT,EDLDB.MRCH_SANDBOX.CBSA_ZIPCODE_MAPPING,EDLDB.MRCH_SANDBOX.MEDIAN_HOUSEHOLD_INCOME_ZIPCODE,EDLDB.MRCH_SANDBOX.CLINIC_PROFILE,EDLDB.MRCH_SANDBOX.CBSA_POPULATION,"active_customer_yoy_growth, active_customers_per_1000_households, clinic_orders_per_clinic, clinics_per_10000_households, corporate_clinic_share, practice_hub_clinic_share, veterinarians_per_10000_households",Hypothesis,True,market-attractiveness-synthetic-v1,1.0,SYNTHETIC_COMPLETE,prototype_ready,synthetic_prototype_only
proto:b79209c6f4,,"Jackson, MI","Jackson, MI",metropolitan,2026-07-31,2025-07-31,8845,10133.0,-0.127109,0.027376,68486.0,68486.0,129.15048331045762,160231.0,160231.0,56314.863636,56314.863636,20.0,20.0,32.0,32.0,2.9203048798294544,4.672487807727126,0.0,0.0,0.0,6.0,6.0,0.3,31460.0,31460.0,1573.0,2012-11-07,2012-11-07,2022-08-10,2022-08-10,22.0,22.0,2026-07-31,2026-07-31,EDLDB.CDM.CUSTOMER_AGGREGATE_SNAPSHOT,EDLDB.MRCH_SANDBOX.CBSA_ZIPCODE_MAPPING,EDLDB.MRCH_SANDBOX.MEDIAN_HOUSEHOLD_INCOME_ZIPCODE,EDLDB.MRCH_SANDBOX.CLINIC_PROFILE,EDLDB.MRCH_SANDBOX.CBSA_POPULATION,"active_customer_yoy_growth, active_customers_per_1000_households, clinic_orders_per_clinic, clinics_per_10000_households, corporate_clinic_share, practice_hub_clinic_share, veterinarians_per_10000_households",Hypothesis,True,market-attractiveness-synthetic-v1,1.0,SYNTHETIC_COMPLETE,prototype_ready,synthetic_prototype_only
proto:1b63ac1ef9,,"Greenville, NC","Greenville, NC",metropolitan,2026-07-31,2025-07-31,8801,10080.0,-0.126885,0.027905,89333.0,89333.0,98.51902432471762,215084.0,215084.0,51899.625,51899.625,19.0,19.0,52.0,52.0,2.1268736077373425,5.820917242228516,1.0,1.0,0.05263157894736842,8.0,8.0,0.42105263157894735,50141.0,50141.0,2639.0,2012-10-26,2012-10-26,2023-03-27,2023-03-27,16.0,16.0,2026-07-31,2026-07-31,EDLDB.CDM.CUSTOMER_AGGREGATE_SNAPSHOT,EDLDB.MRCH_SANDBOX.CBSA_ZIPCODE_MAPPING,EDLDB.MRCH_SANDBOX.MEDIAN_HOUSEHOLD_INCOME_ZIPCODE,EDLDB.MRCH_SANDBOX.CLINIC_PROFILE,EDLDB.MRCH_SANDBOX.CBSA_POPULATION,"active_customer_yoy_growth, active_customers_per_1000_households, clinic_orders_per_clinic, clinics_per_10000_households, corporate_clinic_share, practice_hub_clinic_share, veterinarians_per_10000_households",Hypothesis,True,market-attractiveness-synthetic-v1,1.0,SYNTHETIC_COMPLETE,prototype_ready,synthetic_prototype_only
proto:73d8f11fe8,,"Altoona, PA","Altoona, PA",metropolitan,2026-07-31,2025-07-31,8738,9817.0,-0.109911,0.068307,54213.0,54213.0,161.17905299466918,122666.0,122666.0,46365.875,46365.875,18.0,18.0,20.0,20.0,3.3202368435615073,3.689152048401675,0.0,0.0,0.0,2.0,2.0,0.1111111111111111,26627.0,26627.0,1479.2777777777778,2012-12-19,2012-12-19,2022-06-09,2022-06-09,16.0,16.0,2026-07-31,2026-07-31,EDLDB.CDM.CUSTOMER_AGGREGATE_SNAPSHOT,EDLDB.MRCH_SANDBOX.CBSA_ZIPCODE_MAPPING,EDLDB.MRCH_SANDBOX.MEDIAN_HOUSEHOLD_INCOME_ZIPCODE,EDLDB.MRCH_SANDBOX.CLINIC_PROFILE,EDLDB.MRCH_SANDBOX.CBSA_POPULATION,"active_customer_yoy_growth, active_customers_per_1000_households, clinic_orders_per_clinic, clinics_per_10000_households, corporate_clinic_share, practice_hub_clinic_share, veterinarians_per_10000_households",Hypothesis,True,market-attractiveness-synthetic-v1,1.0,SYNTHETIC_COMPLETE,prototype_ready,synthetic_prototype_only
proto:d400e7cef9,,"Muskegon, MI","Muskegon, MI",metropolitan,2026-07-31,2025-07-31,8615,10044.0,-0.142274,0.002185,74411.0,74411.0,115.77589334910161,174784.0,174784.0,55705.4,55705.4,17.0,17.0,32.0,32.0,2.2846084584268453,4.300439451156415,1.0,1.0,0.058823529411764705,3.0,3.0,0.17647058823529413,23013.0,23013.0,1353.7058823529412,2012-11-08,2012-11-08,2023-07-01,2023-07-01,15.0,15.0,2026-07-31,2026-07-31,EDLDB.CDM.CUSTOMER_AGGREGATE_SNAPSHOT,EDLDB.MRCH_SANDBOX.CBSA_ZIPCODE_MAPPING,EDLDB.MRCH_SANDBOX.MEDIAN_HOUSEHOLD_INCOME_ZIPCODE,EDLDB.MRCH_SANDBOX.CLINIC_PROFILE,EDLDB.MRCH_SANDBOX.CBSA_POPULATION,"active_customer_yoy_growth, active_customers_per_1000_households, clinic_orders_per_clinic, clinics_per_10000_households, corporate_clinic_share, practice_hub_clinic_share, veterinarians_per_10000_households",Hypothesis,True,market-attractiveness-synthetic-v1,1.0,SYNTHETIC_COMPLETE,prototype_ready,synthetic_prototype_only
proto:f9a7e8011a,,"St. Cloud, MN","St, Cloud, MN",metropolitan,2026-07-31,2025-07-31,8566,9602.0,-0.107894,0.073949,79843.0,79843.0,107.28554788772966,,201212.0,,57717.1,26.0,26.0,57.0,57.0,3.256390666683366,7.139010307728918,0.0,0.0,0.0,11.0,11.0,0.4230769230769231,36092.0,36092.0,1388.1538461538462,2012-10-27,2012-10-27,2023-06-07,2023-06-07,,20.0,2026-07-31,2026-07-31,EDLDB.CDM.CUSTOMER_AGGREGATE_SNAPSHOT,EDLDB.MRCH_SANDBOX.CBSA_ZIPCODE_MAPPING,EDLDB.MRCH_SANDBOX.MEDIAN_HOUSEHOLD_INCOME_ZIPCODE,EDLDB.MRCH_SANDBOX.CLINIC_PROFILE,EDLDB.MRCH_SANDBOX.CBSA_POPULATION,"active_customer_yoy_growth, active_customers_per_1000_households, avg_zip_median_household_income, clinic_orders_per_clinic, clinics_per_10000_households, corporate_clinic_share, practice_hub_clinic_share, total_population, veterinarians_per_10000_households, zips_represented_within_cbsa",Hypothesis,True,market-attractiveness-synthetic-v1,1.0,SYNTHETIC_COMPLETE,prototype_ready,synthetic_prototype_only
proto:4d0f7fecb5,,"La Crosse-Onalaska, WI-MN","La Crosse-Onalaska, WI-MN",metropolitan,2026-07-31,2025-07-31,8482,9559.0,-0.112669,0.060977,69263.0,69263.0,122.46076548806722,170466.0,170466.0,61952.428571,61952.428571,13.0,13.0,28.0,28.0,1.8769039747051095,4.042562407057159,1.0,1.0,0.07692307692307693,2.0,2.0,0.15384615384615385,23320.0,23320.0,1793.8461538461538,2013-07-12,2013-07-12,2023-05-17,2023-05-17,21.0,21.0,2026-07-31,2026-07-31,EDLDB.CDM.CUSTOMER_AGGREGATE_SNAPSHOT,EDLDB.MRCH_SANDBOX.CBSA_ZIPCODE_MAPPING,EDLDB.MRCH_SANDBOX.MEDIAN_HOUSEHOLD_INCOME_ZIPCODE,EDLDB.MRCH_SANDBOX.CLINIC_PROFILE,EDLDB.MRCH_SANDBOX.CBSA_POPULATION,"active_customer_yoy_growth, active_customers_per_1000_households, clinic_orders_per_clinic, clinics_per_10000_households, corporate_clinic_share, practice_hub_clinic_share, veterinarians_per_10000_households",Hypothesis,True,market-attractiveness-synthetic-v1,1.0,SYNTHETIC_COMPLETE,prototype_ready,synthetic_prototype_only
proto:3d3f960d84,,"Macon-Bibb County, GA","Macon-Bibb County, GA",metropolitan,2026-07-31,2025-07-31,8451,9956.0,-0.151165,-0.010584,107322.0,107322.0,78.7443394644155,277400.0,277400.0,45252.04,45252.04,26.0,26.0,40.0,40.0,2.4226160526266747,3.7271016194256537,0.0,0.0,0.0,10.0,10.0,0.38461538461538464,45675.0,45675.0,1756.7307692307693,2012-12-02,2012-12-02,2023-04-30,2023-04-30,25.0,25.0,2026-07-31,2026-07-31,EDLDB.CDM.CUSTOMER_AGGREGATE_SNAPSHOT,EDLDB.MRCH_SANDBOX.CBSA_ZIPCODE_MAPPING,EDLDB.MRCH_SANDBOX.MEDIAN_HOUSEHOLD_INCOME_ZIPCODE,EDLDB.MRCH_SANDBOX.CLINIC_PROFILE,EDLDB.MRCH_SANDBOX.CBSA_POPULATION,"active_customer_yoy_growth, active_customers_per_1000_households, clinic_orders_per_clinic, clinics_per_10000_households, corporate_clinic_share, practice_hub_clinic_share, veterinarians_per_10000_households",Hypothesis,True,market-attractiveness-synthetic-v1,1.0,SYNTHETIC_COMPLETE,prototype_ready,synthetic_prototype_only
proto:2179c48180,,"Rapid City, SD","Rapid City, SD",metropolitan,2026-07-31,2025-07-31,8361,9426.0,-0.112985,0.060193,63110.0,63110.0,132.48296624940582,147800.0,147800.0,56327.483871,56327.483871,22.0,22.0,42.0,42.0,3.4859768657898904,6.655046743780701,0.0,0.0,0.0,9.0,9.0,0.4090909090909091,32237.0,32237.0,1465.3181818181818,2013-05-20,2013-05-20,2023-07-14,2023-07-14,31.0,31.0,2026-07-31,2026-07-31,EDLDB.CDM.CUSTOMER_AGGREGATE_SNAPSHOT,EDLDB.MRCH_SANDBOX.CBSA_ZIPCODE_MAPPING,EDLDB.MRCH_SANDBOX.MEDIAN_HOUSEHOLD_INCOME_ZIPCODE,EDLDB.MRCH_SANDBOX.CLINIC_PROFILE,EDLDB.MRCH_SANDBOX.CBSA_POPULATION,"active_customer_yoy_growth, active_customers_per_1000_households, clinic_orders_per_clinic, clinics_per_10000_households, corporate_clinic_share, practice_hub_clinic_share, veterinarians_per_10000_households",Hypothesis,True,market-attractiveness-synthetic-v1,1.0,SYNTHETIC_COMPLETE,prototype_ready,synthetic_prototype_only
proto:95d87b45b5,,"Bozeman, MT","Bozeman, MT",micropolitan,2026-07-31,2025-07-31,8346,9378.0,-0.110045,0.066314,46234.0,46234.0,180.51650300644548,119597.0,119597.0,67816.3,67816.3,43.0,43.0,92.0,92.0,9.300514772678115,19.89877579270667,0.0,0.0,0.0,15.0,15.0,0.3488372093023256,42867.0,42867.0,996.9069767441861,2013-03-19,2013-03-19,2023-08-26,2023-08-26,10.0,10.0,2026-07-31,2026-07-31,EDLDB.CDM.CUSTOMER_AGGREGATE_SNAPSHOT,EDLDB.MRCH_SANDBOX.CBSA_ZIPCODE_MAPPING,EDLDB.MRCH_SANDBOX.MEDIAN_HOUSEHOLD_INCOME_ZIPCODE,EDLDB.MRCH_SANDBOX.CLINIC_PROFILE,EDLDB.MRCH_SANDBOX.CBSA_POPULATION,"active_customer_yoy_growth, active_customers_per_1000_households, clinic_orders_per_clinic, clinics_per_10000_households, corporate_clinic_share, practice_hub_clinic_share, veterinarians_per_10000_households",Hypothesis,True,market-attractiveness-synthetic-v1,1.0,SYNTHETIC_COMPLETE,prototype_ready,synthetic_prototype_only
proto:689f213784,,"Harrisonburg, VA","Harrisonburg, VA",metropolitan,2026-07-31,2025-07-31,8300,9425.0,-0.119363,0.043004,53111.0,53111.0,156.27647756585264,135480.0,135480.0,57723.863636,57723.863636,25.0,25.0,45.0,45.0,4.707122818248574,8.472821072847433,2.0,2.0,0.08,9.0,9.0,0.36,52107.0,52107.0,2084.28,2012-11-09,2012-11-09,2023-01-26,2023-01-26,22.0,22.0,2026-07-31,2026-07-31,EDLDB.CDM.CUSTOMER_AGGREGATE_SNAPSHOT,EDLDB.MRCH_SANDBOX.CBSA_ZIPCODE_MAPPING,EDLDB.MRCH_SANDBOX.MEDIAN_HOUSEHOLD_INCOME_ZIPCODE,EDLDB.MRCH_SANDBOX.CLINIC_PROFILE,EDLDB.MRCH_SANDBOX.CBSA_POPULATION,"active_customer_yoy_growth, active_customers_per_1000_households, clinic_orders_per_clinic, clinics_per_10000_households, corporate_clinic_share, practice_hub_clinic_share, veterinarians_per_10000_households",Hypothesis,True,market-attractiveness-synthetic-v1,1.0,SYNTHETIC_COMPLETE,prototype_ready,synthetic_prototype_only
proto:78181242a4,,"Warner Robins, GA","Warner Robins, GA",metropolitan,2026-07-31,2025-07-31,8221,9671.0,-0.149933,-0.00755,76276.0,76276.0,107.77964235146048,192392.0,192392.0,66238.307692,66238.307692,25.0,25.0,51.0,51.0,3.2775709266348527,6.686244690335099,0.0,0.0,0.0,8.0,8.0,0.32,57445.0,57445.0,2297.8,2012-11-14,2012-11-14,2023-06-22,2023-06-22,13.0,13.0,2026-07-31,2026-07-31,EDLDB.CDM.CUSTOMER_AGGREGATE_SNAPSHOT,EDLDB.MRCH_SANDBOX.CBSA_ZIPCODE_MAPPING,EDLDB.MRCH_SANDBOX.MEDIAN_HOUSEHOLD_INCOME_ZIPCODE,EDLDB.MRCH_SANDBOX.CLINIC_PROFILE,EDLDB.MRCH_SANDBOX.CBSA_POPULATION,"active_customer_yoy_growth, active_customers_per_1000_households, clinic_orders_per_clinic, clinics_per_10000_households, corporate_clinic_share, practice_hub_clinic_share, veterinarians_per_10000_households",Hypothesis,True,market-attractiveness-synthetic-v1,1.0,SYNTHETIC_COMPLETE,prototype_ready,synthetic_prototype_only
proto:e3b6802219,,"Mansfield, OH","Mansfield, OH",metropolitan,2026-07-31,2025-07-31,8216,9446.0,-0.130214,0.020505,68362.0,68362.0,120.18372780199526,177436.0,177436.0,49518.117647,49518.117647,13.0,13.0,19.0,19.0,1.9016412626897985,2.7793218454697053,0.0,0.0,0.0,1.0,1.0,0.07692307692307693,11917.0,11917.0,916.6923076923077,2013-01-15,2013-01-15,2023-10-02,2023-10-02,17.0,17.0,2026-07-31,2026-07-31,EDLDB.CDM.CUSTOMER_AGGREGATE_SNAPSHOT,EDLDB.MRCH_SANDBOX.CBSA_ZIPCODE_MAPPING,EDLDB.MRCH_SANDBOX.MEDIAN_HOUSEHOLD_INCOME_ZIPCODE,EDLDB.MRCH_SANDBOX.CLINIC_PROFILE,EDLDB.MRCH_SANDBOX.CBSA_POPULATION,"active_customer_yoy_growth, active_customers_per_1000_households, clinic_orders_per_clinic, clinics_per_10000_households, corporate_clinic_share, practice_hub_clinic_share, veterinarians_per_10000_households",Hypothesis,True,market-attractiveness-synthetic-v1,1.0,SYNTHETIC_COMPLETE,prototype_ready,synthetic_prototype_only
proto:fe70960509,,"Ocean City, NJ","Ocean City, NJ",metropolitan,2026-07-31,2025-07-31,8191,9502.0,-0.137971,0.010154,40944.0,40944.0,200.0537319265338,,103183.0,70431.733333,70431.733333,16.0,16.0,47.0,47.0,3.9077764751856194,11.479093395857756,0.0,0.0,0.0,6.0,6.0,0.375,72329.0,72329.0,4520.5625,2012-11-05,2012-11-05,2023-03-11,2023-03-11,15.0,15.0,2026-07-31,2026-07-31,EDLDB.CDM.CUSTOMER_AGGREGATE_SNAPSHOT,EDLDB.MRCH_SANDBOX.CBSA_ZIPCODE_MAPPING,EDLDB.MRCH_SANDBOX.MEDIAN_HOUSEHOLD_INCOME_ZIPCODE,EDLDB.MRCH_SANDBOX.CLINIC_PROFILE,EDLDB.MRCH_SANDBOX.CBSA_POPULATION,"active_customer_yoy_growth, active_customers_per_1000_households, clinic_orders_per_clinic, clinics_per_10000_households, corporate_clinic_share, practice_hub_clinic_share, total_population, veterinarians_per_10000_households",Hypothesis,True,market-attractiveness-synthetic-v1,1.0,SYNTHETIC_COMPLETE,prototype_ready,synthetic_prototype_only
proto:afd8dcf10c,,"Watertown-Fort Drum, NY","Watertown-Fort Drum, NY",metropolitan,2026-07-31,2025-07-31,8171,9281.0,-0.119599,0.042133,49290.0,49290.0,165.7739906674782,116069.0,116069.0,53394.475,53394.475,16.0,16.0,40.0,40.0,3.246094542503551,8.115236356258876,0.0,0.0,0.0,4.0,4.0,0.25,23292.0,23292.0,1455.75,2012-10-19,2012-10-19,2023-08-27,2023-08-27,40.0,40.0,2026-07-31,2026-07-31,EDLDB.CDM.CUSTOMER_AGGREGATE_SNAPSHOT,EDLDB.MRCH_SANDBOX.CBSA_ZIPCODE_MAPPING,EDLDB.MRCH_SANDBOX.MEDIAN_HOUSEHOLD_INCOME_ZIPCODE,EDLDB.MRCH_SANDBOX.CLINIC_PROFILE,EDLDB.MRCH_SANDBOX.CBSA_POPULATION,"active_customer_yoy_growth, active_customers_per_1000_households, clinic_orders_per_clinic, clinics_per_10000_households, corporate_clinic_share, practice_hub_clinic_share, veterinarians_per_10000_households",Hypothesis,True,market-attractiveness-synthetic-v1,1.0,SYNTHETIC_COMPLETE,prototype_ready,synthetic_prototype_only
proto:6ece14509e,,"Napa, CA","Napa, CA",metropolitan,2026-07-31,2025-07-31,8170,9115.0,-0.103675,0.088833,49940.0,49940.0,163.59631557869446,137459.0,137459.0,68846.090909,68846.090909,23.0,23.0,50.0,50.0,4.60552663195835,10.012014417300762,0.0,0.0,0.0,5.0,5.0,0.21739130434782608,64904.0,64904.0,2821.913043478261,2013-07-24,2013-07-24,2022-10-15,2022-10-15,11.0,11.0,2026-07-31,2026-07-31,EDLDB.CDM.CUSTOMER_AGGREGATE_SNAPSHOT,EDLDB.MRCH_SANDBOX.CBSA_ZIPCODE_MAPPING,EDLDB.MRCH_SANDBOX.MEDIAN_HOUSEHOLD_INCOME_ZIPCODE,EDLDB.MRCH_SANDBOX.CLINIC_PROFILE,EDLDB.MRCH_SANDBOX.CBSA_POPULATION,"active_customer_yoy_growth, active_customers_per_1000_households, clinic_orders_per_clinic, clinics_per_10000_households, corporate_clinic_share, practice_hub_clinic_share, veterinarians_per_10000_households",Hypothesis,True,market-attractiveness-synthetic-v1,1.0,SYNTHETIC_COMPLETE,prototype_ready,synthetic_prototype_only
proto:25d1328ffb,,"Missoula, MT","Missoula, MT",metropolitan,2026-07-31,2025-07-31,8169,9248.0,-0.116674,0.047815,52708.0,52708.0,154.98596038552023,122915.0,122915.0,56137.5,56137.5,30.0,30.0,55.0,55.0,5.691735599908933,10.434848599833042,0.0,0.0,0.0,8.0,8.0,0.26666666666666666,43137.0,43137.0,1437.9,2013-02-18,2013-02-18,2023-09-19,2023-09-19,16.0,16.0,2026-07-31,2026-07-31,EDLDB.CDM.CUSTOMER_AGGREGATE_SNAPSHOT,EDLDB.MRCH_SANDBOX.CBSA_ZIPCODE_MAPPING,EDLDB.MRCH_SANDBOX.MEDIAN_HOUSEHOLD_INCOME_ZIPCODE,EDLDB.MRCH_SANDBOX.CLINIC_PROFILE,EDLDB.MRCH_SANDBOX.CBSA_POPULATION,"active_customer_yoy_growth, active_customers_per_1000_households, clinic_orders_per_clinic, clinics_per_10000_households, corporate_clinic_share, practice_hub_clinic_share, veterinarians_per_10000_households",Hypothesis,True,market-attractiveness-synthetic-v1,1.0,SYNTHETIC_COMPLETE,prototype_ready,synthetic_prototype_only
proto:54f8d734f4,,"Visalia, CA","Visalia, CA",metropolitan,2026-07-31,2025-07-31,8158,9653.0,-0.154874,-0.019758,137825.0,137825.0,59.19100308362054,473914.0,473914.0,39989.424242,39989.424242,36.0,36.0,58.0,58.0,2.612007981135498,4.208235080718302,0.0,0.0,0.0,10.0,10.0,0.2777777777777778,39361.0,39361.0,1093.361111111111,2013-09-12,2013-09-12,2023-12-11,2023-12-11,33.0,33.0,2026-07-31,2026-07-31,EDLDB.CDM.CUSTOMER_AGGREGATE_SNAPSHOT,EDLDB.MRCH_SANDBOX.CBSA_ZIPCODE_MAPPING,EDLDB.MRCH_SANDBOX.MEDIAN_HOUSEHOLD_INCOME_ZIPCODE,EDLDB.MRCH_SANDBOX.CLINIC_PROFILE,EDLDB.MRCH_SANDBOX.CBSA_POPULATION,"active_customer_yoy_growth, active_customers_per_1000_households, clinic_orders_per_clinic, clinics_per_10000_households, corporate_clinic_share, practice_hub_clinic_share, veterinarians_per_10000_households",Hypothesis,True,market-attractiveness-synthetic-v1,1.0,SYNTHETIC_COMPLETE,prototype_ready,synthetic_prototype_only
proto:8e70a750b3,,"Gettysburg, PA","Gettysburg, PA",metropolitan,2026-07-31,2025-07-31,8145,9058.0,-0.100795,0.097889,35963.0,35963.0,226.48277396212774,103798.0,103798.0,65440.153846,65440.153846,14.0,14.0,27.0,27.0,3.8928899146344857,7.507716263937936,0.0,0.0,0.0,4.0,4.0,0.2857142857142857,34329.0,34329.0,2452.0714285714284,2013-08-13,2013-08-13,2023-03-27,2023-03-27,13.0,13.0,2026-07-31,2026-07-31,EDLDB.CDM.CUSTOMER_AGGREGATE_SNAPSHOT,EDLDB.MRCH_SANDBOX.CBSA_ZIPCODE_MAPPING,EDLDB.MRCH_SANDBOX.MEDIAN_HOUSEHOLD_INCOME_ZIPCODE,EDLDB.MRCH_SANDBOX.CLINIC_PROFILE,EDLDB.MRCH_SANDBOX.CBSA_POPULATION,"active_customer_yoy_growth, active_customers_per_1000_households, clinic_orders_per_clinic, clinics_per_10000_households, corporate_clinic_share, practice_hub_clinic_share, veterinarians_per_10000_households",Hypothesis,True,market-attractiveness-synthetic-v1,1.0,SYNTHETIC_COMPLETE,prototype_ready,synthetic_prototype_only
proto:43c33531d8,,"Pottsville, PA","Pottsville, PA",micropolitan,2026-07-31,2025-07-31,8095,9192.0,-0.119343,0.052038,42702.0,42702.0,189.56957519554118,142963.0,142963.0,52784.765957,52784.765957,18.0,18.0,30.0,30.0,4.215259238443164,7.02543206407194,0.0,0.0,0.0,6.0,6.0,0.3333333333333333,60086.0,60086.0,3338.1111111111113,2012-11-03,2012-11-03,2022-11-30,2022-11-30,47.0,47.0,2026-07-31,2026-07-31,EDLDB.CDM.CUSTOMER_AGGREGATE_SNAPSHOT,EDLDB.MRCH_SANDBOX.CBSA_ZIPCODE_MAPPING,EDLDB.MRCH_SANDBOX.MEDIAN_HOUSEHOLD_INCOME_ZIPCODE,EDLDB.MRCH_SANDBOX.CLINIC_PROFILE,EDLDB.MRCH_SANDBOX.CBSA_POPULATION,"active_customer_yoy_growth, active_customers_per_1000_households, clinic_orders_per_clinic, clinics_per_10000_households, corporate_clinic_share, practice_hub_clinic_share, veterinarians_per_10000_households",Hypothesis,True,market-attractiveness-synthetic-v1,1.0,SYNTHETIC_COMPLETE,prototype_ready,synthetic_prototype_only
proto:f92b97c97f,,"Midland, MI","Midland, MI",metropolitan,2026-07-31,2025-07-31,8067,9173.0,-0.120571,0.040413,61636.0,61636.0,130.88130313453178,147996.0,147996.0,51290.75,51290.75,14.0,14.0,28.0,28.0,2.2713998312674413,4.5427996625348825,0.0,0.0,0.0,5.0,5.0,0.35714285714285715,27152.0,27152.0,1939.4285714285713,2013-03-18,2013-03-18,2022-08-08,2022-08-08,12.0,12.0,2026-07-31,2026-07-31,EDLDB.CDM.CUSTOMER_AGGREGATE_SNAPSHOT,EDLDB.MRCH_SANDBOX.CBSA_ZIPCODE_MAPPING,EDLDB.MRCH_SANDBOX.MEDIAN_HOUSEHOLD_INCOME_ZIPCODE,EDLDB.MRCH_SANDBOX.CLINIC_PROFILE,EDLDB.MRCH_SANDBOX.CBSA_POPULATION,"active_customer_yoy_growth, active_customers_per_1000_households, clinic_orders_per_clinic, clinics_per_10000_households, corporate_clinic_share, practice_hub_clinic_share, veterinarians_per_10000_households",Hypothesis,True,market-attractiveness-synthetic-v1,1.0,SYNTHETIC_COMPLETE,prototype_ready,synthetic_prototype_only
proto:d5057054ff,,"Terre Haute, IN","Terre Haute, IN",metropolitan,2026-07-31,2025-07-31,8024,9679.0,-0.170989,-0.046543,76858.0,76858.0,104.40032267298135,168778.0,168778.0,48722.08,48722.08,17.0,17.0,37.0,37.0,2.2118712430716387,4.814072705508861,0.0,0.0,0.0,4.0,4.0,0.23529411764705882,32021.0,32021.0,1883.5882352941176,2012-11-26,2012-11-26,2020-06-27,2020-06-27,50.0,50.0,2026-07-31,2026-07-31,EDLDB.CDM.CUSTOMER_AGGREGATE_SNAPSHOT,EDLDB.MRCH_SANDBOX.CBSA_ZIPCODE_MAPPING,EDLDB.MRCH_SANDBOX.MEDIAN_HOUSEHOLD_INCOME_ZIPCODE,EDLDB.MRCH_SANDBOX.CLINIC_PROFILE,EDLDB.MRCH_SANDBOX.CBSA_POPULATION,"active_customer_yoy_growth, active_customers_per_1000_households, clinic_orders_per_clinic, clinics_per_10000_households, corporate_clinic_share, practice_hub_clinic_share, veterinarians_per_10000_households",Hypothesis,True,market-attractiveness-synthetic-v1,1.0,SYNTHETIC_COMPLETE,prototype_ready,synthetic_prototype_only
proto:1001005eed,,"New Bern, NC","New Bern, NC",metropolitan,2026-07-31,2025-07-31,7989,9363.0,-0.146748,-0.004346,68454.0,68454.0,116.7061092120256,176802.0,176802.0,36989.391304,36989.391304,19.0,19.0,37.0,37.0,2.7755865252578373,5.4050895491863145,1.0,1.0,0.05263157894736842,4.0,4.0,0.21052631578947367,33245.0,33245.0,1749.7368421052631,2012-12-08,2012-12-08,2022-08-17,2022-08-17,23.0,23.0,2026-07-31,2026-07-31,EDLDB.CDM.CUSTOMER_AGGREGATE_SNAPSHOT,EDLDB.MRCH_SANDBOX.CBSA_ZIPCODE_MAPPING,EDLDB.MRCH_SANDBOX.MEDIAN_HOUSEHOLD_INCOME_ZIPCODE,EDLDB.MRCH_SANDBOX.CLINIC_PROFILE,EDLDB.MRCH_SANDBOX.CBSA_POPULATION,"active_customer_yoy_growth, active_customers_per_1000_households, clinic_orders_per_clinic, clinics_per_10000_households, corporate_clinic_share, practice_hub_clinic_share, veterinarians_per_10000_households",Hypothesis,True,market-attractiveness-synthetic-v1,1.0,SYNTHETIC_COMPLETE,prototype_ready,synthetic_prototype_only
proto:6fab5a4ec1,,"Amarillo, TX","Amarillo, TX",metropolitan,2026-07-31,2025-07-31,7837,9269.0,-0.154493,-0.017836,107988.0,107988.0,72.57287846797793,291050.0,291050.0,51979.823529,51979.823529,34.0,34.0,49.0,49.0,3.1484979812571767,4.537541208282402,0.0,0.0,0.0,0.0,0.0,0.0,17527.0,17527.0,515.5,2013-07-04,2013-07-04,2023-10-03,2023-10-03,34.0,34.0,2026-07-31,2026-07-31,EDLDB.CDM.CUSTOMER_AGGREGATE_SNAPSHOT,EDLDB.MRCH_SANDBOX.CBSA_ZIPCODE_MAPPING,EDLDB.MRCH_SANDBOX.MEDIAN_HOUSEHOLD_INCOME_ZIPCODE,EDLDB.MRCH_SANDBOX.CLINIC_PROFILE,EDLDB.MRCH_SANDBOX.CBSA_POPULATION,"active_customer_yoy_growth, active_customers_per_1000_households, clinic_orders_per_clinic, clinics_per_10000_households, corporate_clinic_share, practice_hub_clinic_share, veterinarians_per_10000_households",Hypothesis,True,market-attractiveness-synthetic-v1,1.0,SYNTHETIC_COMPLETE,prototype_ready,synthetic_prototype_only
proto:989eda054b,,"Elkhart-Goshen, IN","Elkhart-Goshen, IN",metropolitan,2026-07-31,2025-07-31,7803,8999.0,-0.132904,0.016763,82814.0,82814.0,94.22319897601855,206991.0,206991.0,67207.4,67207.4,21.0,21.0,39.0,39.0,2.53580312507547,4.709348660854444,0.0,0.0,0.0,3.0,3.0,0.14285714285714285,26631.0,26631.0,1268.142857142857,2012-10-22,2012-10-22,2023-04-14,2023-04-14,15.0,15.0,2026-07-31,2026-07-31,EDLDB.CDM.CUSTOMER_AGGREGATE_SNAPSHOT,EDLDB.MRCH_SANDBOX.CBSA_ZIPCODE_MAPPING,EDLDB.MRCH_SANDBOX.MEDIAN_HOUSEHOLD_INCOME_ZIPCODE,EDLDB.MRCH_SANDBOX.CLINIC_PROFILE,EDLDB.MRCH_SANDBOX.CBSA_POPULATION,"active_customer_yoy_growth, active_customers_per_1000_households, clinic_orders_per_clinic, clinics_per_10000_households, corporate_clinic_share, practice_hub_clinic_share, veterinarians_per_10000_households",Hypothesis,True,market-attractiveness-synthetic-v1,1.0,SYNTHETIC_COMPLETE,prototype_ready,synthetic_prototype_only
proto:447fdc2510,,"Springfield, OH","Springfield, OH",metropolitan,2026-07-31,2025-07-31,7786,8953.0,-0.130347,0.020239,64762.0,64762.0,120.22482319878941,174630.0,174630.0,55172.5625,55172.5625,16.0,16.0,41.0,41.0,2.4705846020814675,6.33087304283376,0.0,0.0,0.0,5.0,5.0,0.3125,25840.0,25840.0,1615.0,2012-11-01,2012-11-01,2023-06-27,2023-06-27,16.0,16.0,2026-07-31,2026-07-31,EDLDB.CDM.CUSTOMER_AGGREGATE_SNAPSHOT,EDLDB.MRCH_SANDBOX.CBSA_ZIPCODE_MAPPING,EDLDB.MRCH_SANDBOX.MEDIAN_HOUSEHOLD_INCOME_ZIPCODE,EDLDB.MRCH_SANDBOX.CLINIC_PROFILE,EDLDB.MRCH_SANDBOX.CBSA_POPULATION,"active_customer_yoy_growth, active_customers_per_1000_households, clinic_orders_per_clinic, clinics_per_10000_households, corporate_clinic_share, practice_hub_clinic_share, veterinarians_per_10000_households",Hypothesis,True,market-attractiveness-synthetic-v1,1.0,SYNTHETIC_COMPLETE,prototype_ready,synthetic_prototype_only
proto:5e7889d553,,"Elizabethtown-Fort Knox, KY","Elizabethtown-Fort Knox, KY",metropolitan,2026-07-31,2025-07-31,7784,8996.0,-0.134727,0.014047,73925.0,73925.0,105.29590801487996,162834.0,162834.0,50489.71875,50489.71875,13.0,13.0,26.0,26.0,1.758539059857964,3.517078119715928,0.0,0.0,0.0,1.0,1.0,0.07692307692307693,15740.0,15740.0,1210.7692307692307,2012-10-30,2012-10-30,2021-11-01,2021-11-01,32.0,32.0,2026-07-31,2026-07-31,EDLDB.CDM.CUSTOMER_AGGREGATE_SNAPSHOT,EDLDB.MRCH_SANDBOX.CBSA_ZIPCODE_MAPPING,EDLDB.MRCH_SANDBOX.MEDIAN_HOUSEHOLD_INCOME_ZIPCODE,EDLDB.MRCH_SANDBOX.CLINIC_PROFILE,EDLDB.MRCH_SANDBOX.CBSA_POPULATION,"active_customer_yoy_growth, active_customers_per_1000_households, clinic_orders_per_clinic, clinics_per_10000_households, corporate_clinic_share, practice_hub_clinic_share, veterinarians_per_10000_households",Hypothesis,True,market-attractiveness-synthetic-v1,1.0,SYNTHETIC_COMPLETE,prototype_ready,synthetic_prototype_only
proto:d51f03695d,,"Tuscaloosa, AL","Tuscaloosa, AL",metropolitan,2026-07-31,2025-07-31,7682,9016.0,-0.147959,-0.005041,107121.0,107121.0,71.7132961790872,272988.0,272988.0,41612.809524,41612.809524,26.0,26.0,45.0,45.0,2.427161807675432,4.200856974822864,1.0,1.0,0.038461538461538464,7.0,7.0,0.2692307692307692,28314.0,28314.0,1089.0,2012-10-16,2012-10-16,2021-11-18,2021-11-18,42.0,42.0,2026-07-31,2026-07-31,EDLDB.CDM.CUSTOMER_AGGREGATE_SNAPSHOT,EDLDB.MRCH_SANDBOX.CBSA_ZIPCODE_MAPPING,EDLDB.MRCH_SANDBOX.MEDIAN_HOUSEHOLD_INCOME_ZIPCODE,EDLDB.MRCH_SANDBOX.CLINIC_PROFILE,EDLDB.MRCH_SANDBOX.CBSA_POPULATION,"active_customer_yoy_growth, active_customers_per_1000_households, clinic_orders_per_clinic, clinics_per_10000_households, corporate_clinic_share, practice_hub_clinic_share, veterinarians_per_10000_households",Hypothesis,True,market-attractiveness-synthetic-v1,1.0,SYNTHETIC_COMPLETE,prototype_ready,synthetic_prototype_only
proto:8adad9c9d3,,"Sherman-Denison, TX","Sherman-Denison, TX",metropolitan,2026-07-31,2025-07-31,7681,9260.0,-0.170518,-0.042927,63229.0,63229.0,121.47906814910878,177847.0,177847.0,66303.55,66303.55,29.0,29.0,43.0,43.0,4.586503028673552,6.800676904584922,0.0,0.0,0.0,12.0,12.0,0.41379310344827586,25383.0,25383.0,875.2758620689655,2013-09-18,2013-09-18,2023-06-21,2023-06-21,20.0,20.0,2026-07-31,2026-07-31,EDLDB.CDM.CUSTOMER_AGGREGATE_SNAPSHOT,EDLDB.MRCH_SANDBOX.CBSA_ZIPCODE_MAPPING,EDLDB.MRCH_SANDBOX.MEDIAN_HOUSEHOLD_INCOME_ZIPCODE,EDLDB.MRCH_SANDBOX.CLINIC_PROFILE,EDLDB.MRCH_SANDBOX.CBSA_POPULATION,"active_customer_yoy_growth, active_customers_per_1000_households, clinic_orders_per_clinic, clinics_per_10000_households, corporate_clinic_share, practice_hub_clinic_share, veterinarians_per_10000_households",Hypothesis,True,market-attractiveness-synthetic-v1,1.0,SYNTHETIC_COMPLETE,prototype_ready,synthetic_prototype_only
proto:a5becb1c38,,"Elmira, NY","Elmira, NY",metropolitan,2026-07-31,2025-07-31,7621,8657.0,-0.119672,0.041844,44161.0,44161.0,172.57308484862207,83668.0,83668.0,60599.0,60599.0,13.0,13.0,24.0,24.0,2.9437739181630853,5.434659541224157,0.0,0.0,0.0,7.0,7.0,0.5384615384615384,22534.0,22534.0,1733.3846153846155,2013-04-01,2013-04-01,2023-04-26,2023-04-26,19.0,19.0,2026-07-31,2026-07-31,EDLDB.CDM.CUSTOMER_AGGREGATE_SNAPSHOT,EDLDB.MRCH_SANDBOX.CBSA_ZIPCODE_MAPPING,EDLDB.MRCH_SANDBOX.MEDIAN_HOUSEHOLD_INCOME_ZIPCODE,EDLDB.MRCH_SANDBOX.CLINIC_PROFILE,EDLDB.MRCH_SANDBOX.CBSA_POPULATION,"active_customer_yoy_growth, active_customers_per_1000_households, clinic_orders_per_clinic, clinics_per_10000_households, corporate_clinic_share, practice_hub_clinic_share, veterinarians_per_10000_households",Hypothesis,True,market-attractiveness-synthetic-v1,1.0,SYNTHETIC_COMPLETE,prototype_ready,synthetic_prototype_only
proto:880dd79bb0,,"Waterloo-Cedar Falls, IA","Waterloo-Cedar Falls, IA",metropolitan,2026-07-31,2025-07-31,7566,8684.0,-0.128743,0.022888,80108.0,80108.0,94.44749588056123,168388.0,168388.0,64561.714286,64561.714286,24.0,24.0,47.0,47.0,2.9959554601288265,5.867079442752284,0.0,0.0,0.0,9.0,9.0,0.375,27155.0,27155.0,1131.4583333333333,2012-10-22,2012-10-22,2022-07-01,2022-07-01,42.0,42.0,2026-07-31,2026-07-31,EDLDB.CDM.CUSTOMER_AGGREGATE_SNAPSHOT,EDLDB.MRCH_SANDBOX.CBSA_ZIPCODE_MAPPING,EDLDB.MRCH_SANDBOX.MEDIAN_HOUSEHOLD_INCOME_ZIPCODE,EDLDB.MRCH_SANDBOX.CLINIC_PROFILE,EDLDB.MRCH_SANDBOX.CBSA_POPULATION,"active_customer_yoy_growth, active_customers_per_1000_households, clinic_orders_per_clinic, clinics_per_10000_households, corporate_clinic_share, practice_hub_clinic_share, veterinarians_per_10000_households",Hypothesis,True,market-attractiveness-synthetic-v1,1.0,SYNTHETIC_COMPLETE,prototype_ready,synthetic_prototype_only
proto:c651e65f8d,,"Albany-Lebanon, OR","Albany-Lebanon, OR",metropolitan,2026-07-31,2025-07-31,7476,8538.0,-0.124385,0.033507,51061.0,51061.0,146.41311372671902,128981.0,128981.0,57858.071429,57858.071429,20.0,20.0,42.0,42.0,3.916883727306555,8.225455827343765,0.0,0.0,0.0,7.0,7.0,0.35,37900.0,37900.0,1895.0,2013-10-13,2013-10-13,2023-05-31,2023-05-31,14.0,14.0,2026-07-31,2026-07-31,EDLDB.CDM.CUSTOMER_AGGREGATE_SNAPSHOT,EDLDB.MRCH_SANDBOX.CBSA_ZIPCODE_MAPPING,EDLDB.MRCH_SANDBOX.MEDIAN_HOUSEHOLD_INCOME_ZIPCODE,EDLDB.MRCH_SANDBOX.CLINIC_PROFILE,EDLDB.MRCH_SANDBOX.CBSA_POPULATION,"active_customer_yoy_growth, active_customers_per_1000_households, clinic_orders_per_clinic, clinics_per_10000_households, corporate_clinic_share, practice_hub_clinic_share, veterinarians_per_10000_households",Hypothesis,True,market-attractiveness-synthetic-v1,1.0,SYNTHETIC_COMPLETE,prototype_ready,synthetic_prototype_only
proto:3543415183,,"Carbondale-Marion, IL","Carbondale-Marion, IL",metropolitan,2026-07-31,2025-07-31,7452,8614.0,-0.134897,0.013772,71062.0,71062.0,104.86617320086684,52891.0,179083.0,51135.666667,51135.666667,21.0,21.0,47.0,47.0,2.9551659114576005,6.613942754214629,0.0,0.0,0.0,5.0,5.0,0.23809523809523808,31923.0,31923.0,1520.142857142857,2012-10-22,2012-10-22,2022-09-08,2022-09-08,45.0,45.0,2026-07-31,2026-07-31,EDLDB.CDM.CUSTOMER_AGGREGATE_SNAPSHOT,EDLDB.MRCH_SANDBOX.CBSA_ZIPCODE_MAPPING,EDLDB.MRCH_SANDBOX.MEDIAN_HOUSEHOLD_INCOME_ZIPCODE,EDLDB.MRCH_SANDBOX.CLINIC_PROFILE,EDLDB.MRCH_SANDBOX.CBSA_POPULATION,"active_customer_yoy_growth, active_customers_per_1000_households, clinic_orders_per_clinic, clinics_per_10000_households, corporate_clinic_share, practice_hub_clinic_share, total_population, veterinarians_per_10000_households",Hypothesis,True,market-attractiveness-synthetic-v1,1.0,SYNTHETIC_COMPLETE,prototype_ready,synthetic_prototype_only
proto:5eac8ea0ba,,"Pueblo, CO","Pueblo, CO",metropolitan,2026-07-31,2025-07-31,7377,8560.0,-0.138201,0.009303,66800.0,66800.0,110.43413173652694,168337.0,168337.0,55675.266667,55675.266667,25.0,25.0,41.0,41.0,3.7425149700598803,6.137724550898204,0.0,0.0,0.0,8.0,8.0,0.32,28526.0,28526.0,1141.04,2013-10-02,2013-10-02,2023-09-01,2023-09-01,15.0,15.0,2026-07-31,2026-07-31,EDLDB.CDM.CUSTOMER_AGGREGATE_SNAPSHOT,EDLDB.MRCH_SANDBOX.CBSA_ZIPCODE_MAPPING,EDLDB.MRCH_SANDBOX.MEDIAN_HOUSEHOLD_INCOME_ZIPCODE,EDLDB.MRCH_SANDBOX.CLINIC_PROFILE,EDLDB.MRCH_SANDBOX.CBSA_POPULATION,"active_customer_yoy_growth, active_customers_per_1000_households, clinic_orders_per_clinic, clinics_per_10000_households, corporate_clinic_share, practice_hub_clinic_share, veterinarians_per_10000_households",Hypothesis,True,market-attractiveness-synthetic-v1,1.0,SYNTHETIC_COMPLETE,prototype_ready,synthetic_prototype_only
proto:0af81fc7de,,"Weirton-Steubenville, WV-OH","Weirton-Steubenville, WV-OH",metropolitan,2026-07-31,2025-07-31,7274,8220.0,-0.115085,0.052646,53398.0,53398.0,136.22233042436048,116692.0,116692.0,45914.529412,45914.529412,14.0,14.0,20.0,20.0,2.6218210419865913,3.745458631409416,0.0,0.0,0.0,6.0,6.0,0.42857142857142855,22879.0,22879.0,1634.2142857142858,2013-04-12,2013-04-12,2023-08-09,2023-08-09,34.0,34.0,2026-07-31,2026-07-31,EDLDB.CDM.CUSTOMER_AGGREGATE_SNAPSHOT,EDLDB.MRCH_SANDBOX.CBSA_ZIPCODE_MAPPING,EDLDB.MRCH_SANDBOX.MEDIAN_HOUSEHOLD_INCOME_ZIPCODE,EDLDB.MRCH_SANDBOX.CLINIC_PROFILE,EDLDB.MRCH_SANDBOX.CBSA_POPULATION,"active_customer_yoy_growth, active_customers_per_1000_households, clinic_orders_per_clinic, clinics_per_10000_households, corporate_clinic_share, practice_hub_clinic_share, veterinarians_per_10000_households",Hypothesis,True,market-attractiveness-synthetic-v1,1.0,SYNTHETIC_COMPLETE,prototype_ready,synthetic_prototype_only
proto:0e2c9be934,,"Las Cruces, NM","Las Cruces, NM",metropolitan,2026-07-31,2025-07-31,7218,8255.0,-0.125621,0.031627,81255.0,81255.0,88.83145652575226,220060.0,220060.0,29904.5,29904.5,27.0,27.0,47.0,47.0,3.3228724386191617,5.784259430188912,0.0,0.0,0.0,5.0,5.0,0.18518518518518517,49732.0,49732.0,1841.9259259259259,2013-06-29,2013-06-29,2022-10-10,2022-10-10,26.0,26.0,2026-07-31,2026-07-31,EDLDB.CDM.CUSTOMER_AGGREGATE_SNAPSHOT,EDLDB.MRCH_SANDBOX.CBSA_ZIPCODE_MAPPING,EDLDB.MRCH_SANDBOX.MEDIAN_HOUSEHOLD_INCOME_ZIPCODE,EDLDB.MRCH_SANDBOX.CLINIC_PROFILE,EDLDB.MRCH_SANDBOX.CBSA_POPULATION,"active_customer_yoy_growth, active_customers_per_1000_households, clinic_orders_per_clinic, clinics_per_10000_households, corporate_clinic_share, practice_hub_clinic_share, veterinarians_per_10000_households",Hypothesis,True,market-attractiveness-synthetic-v1,1.0,SYNTHETIC_COMPLETE,prototype_ready,synthetic_prototype_only
proto:7705390802,,"Auburn-Opelika, AL","Auburn-Opelika, AL",metropolitan,2026-07-31,2025-07-31,7214,8346.0,-0.135634,0.01267,68861.0,68861.0,104.76176645706569,194218.0,194218.0,51603.0,51603.0,43.0,43.0,88.0,88.0,6.244463484410624,12.77936713088686,0.0,0.0,0.0,12.0,12.0,0.27906976744186046,41119.0,41119.0,956.2558139534884,2012-12-13,2012-12-13,2023-11-28,2023-11-28,14.0,14.0,2026-07-31,2026-07-31,EDLDB.CDM.CUSTOMER_AGGREGATE_SNAPSHOT,EDLDB.MRCH_SANDBOX.CBSA_ZIPCODE_MAPPING,EDLDB.MRCH_SANDBOX.MEDIAN_HOUSEHOLD_INCOME_ZIPCODE,EDLDB.MRCH_SANDBOX.CLINIC_PROFILE,EDLDB.MRCH_SANDBOX.CBSA_POPULATION,"active_customer_yoy_growth, active_customers_per_1000_households, clinic_orders_per_clinic, clinics_per_10000_households, corporate_clinic_share, practice_hub_clinic_share, veterinarians_per_10000_households",Hypothesis,True,market-attractiveness-synthetic-v1,1.0,SYNTHETIC_COMPLETE,prototype_ready,synthetic_prototype_only
proto:36dba7a2d0,,"Mount Vernon-Anacortes, WA","Mount Vernon-Anacortes, WA",metropolitan,2026-07-31,2025-07-31,7176,8179.0,-0.122631,0.036502,50036.0,50036.0,143.416739947238,129902.0,129902.0,55388.357143,55388.357143,22.0,22.0,57.0,57.0,4.396834279318891,11.391797905508033,0.0,0.0,0.0,9.0,9.0,0.4090909090909091,60431.0,60431.0,2746.8636363636365,2012-12-24,2012-12-24,2023-02-20,2023-02-20,14.0,14.0,2026-07-31,2026-07-31,EDLDB.CDM.CUSTOMER_AGGREGATE_SNAPSHOT,EDLDB.MRCH_SANDBOX.CBSA_ZIPCODE_MAPPING,EDLDB.MRCH_SANDBOX.MEDIAN_HOUSEHOLD_INCOME_ZIPCODE,EDLDB.MRCH_SANDBOX.CLINIC_PROFILE,EDLDB.MRCH_SANDBOX.CBSA_POPULATION,"active_customer_yoy_growth, active_customers_per_1000_households, clinic_orders_per_clinic, clinics_per_10000_households, corporate_clinic_share, practice_hub_clinic_share, veterinarians_per_10000_households",Hypothesis,True,market-attractiveness-synthetic-v1,1.0,SYNTHETIC_COMPLETE,prototype_ready,synthetic_prototype_only
proto:d688f41873,,"Jackson, TN","Jackson, TN",metropolitan,2026-07-31,2025-07-31,7169,8644.0,-0.170639,-0.045273,88784.0,88784.0,80.74653090646963,180559.0,180559.0,45797.333333,45797.333333,26.0,26.0,39.0,39.0,2.928455577581546,4.392683366372319,0.0,0.0,0.0,8.0,8.0,0.3076923076923077,33722.0,33722.0,1297.0,2012-12-03,2012-12-03,2022-10-05,2022-10-05,39.0,39.0,2026-07-31,2026-07-31,EDLDB.CDM.CUSTOMER_AGGREGATE_SNAPSHOT,EDLDB.MRCH_SANDBOX.CBSA_ZIPCODE_MAPPING,EDLDB.MRCH_SANDBOX.MEDIAN_HOUSEHOLD_INCOME_ZIPCODE,EDLDB.MRCH_SANDBOX.CLINIC_PROFILE,EDLDB.MRCH_SANDBOX.CBSA_POPULATION,"active_customer_yoy_growth, active_customers_per_1000_households, clinic_orders_per_clinic, clinics_per_10000_households, corporate_clinic_share, practice_hub_clinic_share, veterinarians_per_10000_households",Hypothesis,True,market-attractiveness-synthetic-v1,1.0,SYNTHETIC_COMPLETE,prototype_ready,synthetic_prototype_only
proto:0e5371d23a,,"California-Lexington Park, MD","California-Lexington Park, MD",metropolitan,2026-07-31,2025-07-31,7149,8045.0,-0.111374,0.063001,40695.0,40695.0,175.67268706229265,,102555.0,80466.72,80466.72,14.0,14.0,40.0,40.0,3.4402260719990174,9.829217348568621,0.0,0.0,0.0,1.0,1.0,0.07142857142857142,42648.0,42648.0,3046.285714285714,2012-10-18,2012-10-18,2023-08-03,2023-08-03,25.0,25.0,2026-07-31,2026-07-31,EDLDB.CDM.CUSTOMER_AGGREGATE_SNAPSHOT,EDLDB.MRCH_SANDBOX.CBSA_ZIPCODE_MAPPING,EDLDB.MRCH_SANDBOX.MEDIAN_HOUSEHOLD_INCOME_ZIPCODE,EDLDB.MRCH_SANDBOX.CLINIC_PROFILE,EDLDB.MRCH_SANDBOX.CBSA_POPULATION,"active_customer_yoy_growth, active_customers_per_1000_households, clinic_orders_per_clinic, clinics_per_10000_households, corporate_clinic_share, practice_hub_clinic_share, total_population, veterinarians_per_10000_households",Hypothesis,True,market-attractiveness-synthetic-v1,1.0,SYNTHETIC_COMPLETE,prototype_ready,synthetic_prototype_only
proto:1a78e4f246,,"St. George, UT","St, George, UT",metropolitan,2026-07-31,2025-07-31,7147,8638.0,-0.172609,-0.05086,67245.0,67245.0,106.28299501821698,,169464.0,,57717.1,18.0,18.0,24.0,24.0,2.676778942672318,3.569038590229757,0.0,0.0,0.0,6.0,6.0,0.3333333333333333,19489.0,19489.0,1082.7222222222222,2013-06-11,2013-06-11,2023-07-03,2023-07-03,,17.0,2026-07-31,2026-07-31,EDLDB.CDM.CUSTOMER_AGGREGATE_SNAPSHOT,EDLDB.MRCH_SANDBOX.CBSA_ZIPCODE_MAPPING,EDLDB.MRCH_SANDBOX.MEDIAN_HOUSEHOLD_INCOME_ZIPCODE,EDLDB.MRCH_SANDBOX.CLINIC_PROFILE,EDLDB.MRCH_SANDBOX.CBSA_POPULATION,"active_customer_yoy_growth, active_customers_per_1000_households, avg_zip_median_household_income, clinic_orders_per_clinic, clinics_per_10000_households, corporate_clinic_share, practice_hub_clinic_share, total_population, veterinarians_per_10000_households, zips_represented_within_cbsa",Hypothesis,True,market-attractiveness-synthetic-v1,1.0,SYNTHETIC_COMPLETE,prototype_ready,synthetic_prototype_only
proto:abec2c2d53,,"Flagstaff, AZ","Flagstaff, AZ",metropolitan,2026-07-31,2025-07-31,7113,8027.0,-0.113866,0.05646,51818.0,51818.0,137.2689026979042,145192.0,145192.0,40308.16,40308.16,26.0,26.0,54.0,54.0,5.017561465127947,10.421089196804198,0.0,0.0,0.0,8.0,8.0,0.3076923076923077,39058.0,39058.0,1502.2307692307693,2012-12-10,2012-12-10,2023-11-09,2023-11-09,25.0,25.0,2026-07-31,2026-07-31,EDLDB.CDM.CUSTOMER_AGGREGATE_SNAPSHOT,EDLDB.MRCH_SANDBOX.CBSA_ZIPCODE_MAPPING,EDLDB.MRCH_SANDBOX.MEDIAN_HOUSEHOLD_INCOME_ZIPCODE,EDLDB.MRCH_SANDBOX.CLINIC_PROFILE,EDLDB.MRCH_SANDBOX.CBSA_POPULATION,"active_customer_yoy_growth, active_customers_per_1000_households, clinic_orders_per_clinic, clinics_per_10000_households, corporate_clinic_share, practice_hub_clinic_share, veterinarians_per_10000_households",Hypothesis,True,market-attractiveness-synthetic-v1,1.0,SYNTHETIC_COMPLETE,prototype_ready,synthetic_prototype_only
proto:ebcc1aa1b7,,"Jefferson City, MO","Jefferson City, MO",metropolitan,2026-07-31,2025-07-31,7103,8357.0,-0.150054,-0.008665,78370.0,78370.0,90.63417123899451,174218.0,174218.0,54592.148936,54592.148936,25.0,25.0,41.0,41.0,3.1899961720045935,5.231593722087533,0.0,0.0,0.0,4.0,4.0,0.16,17731.0,17731.0,709.24,2012-11-29,2012-11-29,2022-11-10,2022-11-10,47.0,47.0,2026-07-31,2026-07-31,EDLDB.CDM.CUSTOMER_AGGREGATE_SNAPSHOT,EDLDB.MRCH_SANDBOX.CBSA_ZIPCODE_MAPPING,EDLDB.MRCH_SANDBOX.MEDIAN_HOUSEHOLD_INCOME_ZIPCODE,EDLDB.MRCH_SANDBOX.CLINIC_PROFILE,EDLDB.MRCH_SANDBOX.CBSA_POPULATION,"active_customer_yoy_growth, active_customers_per_1000_households, clinic_orders_per_clinic, clinics_per_10000_households, corporate_clinic_share, practice_hub_clinic_share, veterinarians_per_10000_households",Hypothesis,True,market-attractiveness-synthetic-v1,1.0,SYNTHETIC_COMPLETE,prototype_ready,synthetic_prototype_only
proto:e4b82d4a53,,"Kalispell, MT","Kalispell, MT",micropolitan,2026-07-31,2025-07-31,7048,7971.0,-0.115795,0.057456,41792.0,41792.0,168.6447166921899,104876.0,104876.0,48043.5625,48043.5625,25.0,25.0,55.0,55.0,5.982006125574272,13.1604134762634,0.0,0.0,0.0,9.0,9.0,0.36,43356.0,43356.0,1734.24,2013-01-09,2013-01-09,2023-05-04,2023-05-04,16.0,16.0,2026-07-31,2026-07-31,EDLDB.CDM.CUSTOMER_AGGREGATE_SNAPSHOT,EDLDB.MRCH_SANDBOX.CBSA_ZIPCODE_MAPPING,EDLDB.MRCH_SANDBOX.MEDIAN_HOUSEHOLD_INCOME_ZIPCODE,EDLDB.MRCH_SANDBOX.CLINIC_PROFILE,EDLDB.MRCH_SANDBOX.CBSA_POPULATION,"active_customer_yoy_growth, active_customers_per_1000_households, clinic_orders_per_clinic, clinics_per_10000_households, corporate_clinic_share, practice_hub_clinic_share, veterinarians_per_10000_households",Hypothesis,True,market-attractiveness-synthetic-v1,1.0,SYNTHETIC_COMPLETE,prototype_ready,synthetic_prototype_only
proto:36dece0b93,,"McAllen-Edinburg-Mission, TX","McAllen-Edinburg-Mission, TX",metropolitan,2026-07-31,2025-07-31,7011,8804.0,-0.203657,-0.068054,256190.0,256190.0,27.36640774425231,938723.0,938723.0,40362.586207,40362.586207,20.0,20.0,38.0,38.0,0.7806705960420001,1.4832741324798002,0.0,0.0,0.0,5.0,5.0,0.25,28767.0,28767.0,1438.35,2012-10-23,2012-10-23,2023-10-15,2023-10-15,29.0,29.0,2026-07-31,2026-07-31,EDLDB.CDM.CUSTOMER_AGGREGATE_SNAPSHOT,EDLDB.MRCH_SANDBOX.CBSA_ZIPCODE_MAPPING,EDLDB.MRCH_SANDBOX.MEDIAN_HOUSEHOLD_INCOME_ZIPCODE,EDLDB.MRCH_SANDBOX.CLINIC_PROFILE,EDLDB.MRCH_SANDBOX.CBSA_POPULATION,"active_customer_yoy_growth, active_customers_per_1000_households, clinic_orders_per_clinic, clinics_per_10000_households, corporate_clinic_share, practice_hub_clinic_share, veterinarians_per_10000_households",Hypothesis,True,market-attractiveness-synthetic-v1,1.0,SYNTHETIC_COMPLETE,prototype_ready,synthetic_prototype_only
proto:61e0236033,,"Eureka-Arcata, CA","Eureka-Arcata, CA",micropolitan,2026-07-31,2025-07-31,6875,7812.0,-0.119944,0.051571,54270.0,54270.0,126.68140777593514,136262.0,136262.0,41742.972973,41742.972973,21.0,21.0,52.0,52.0,3.869541182974019,9.581721024507095,0.0,0.0,0.0,4.0,4.0,0.19047619047619047,34631.0,34631.0,1649.095238095238,2012-12-05,2012-12-05,2022-10-05,2022-10-05,37.0,37.0,2026-07-31,2026-07-31,EDLDB.CDM.CUSTOMER_AGGREGATE_SNAPSHOT,EDLDB.MRCH_SANDBOX.CBSA_ZIPCODE_MAPPING,EDLDB.MRCH_SANDBOX.MEDIAN_HOUSEHOLD_INCOME_ZIPCODE,EDLDB.MRCH_SANDBOX.CLINIC_PROFILE,EDLDB.MRCH_SANDBOX.CBSA_POPULATION,"active_customer_yoy_growth, active_customers_per_1000_households, clinic_orders_per_clinic, clinics_per_10000_households, corporate_clinic_share, practice_hub_clinic_share, veterinarians_per_10000_households",Hypothesis,True,market-attractiveness-synthetic-v1,1.0,SYNTHETIC_COMPLETE,prototype_ready,synthetic_prototype_only
proto:7ff085a05f,,"Sierra Vista-Douglas, AZ","Sierra Vista-Douglas, AZ",metropolitan,2026-07-31,2025-07-31,6821,7778.0,-0.123039,0.035407,52072.0,52072.0,130.99170379474572,125527.0,125527.0,44188.347826,44188.347826,29.0,29.0,47.0,47.0,5.569211860500845,9.025964049777231,0.0,0.0,0.0,5.0,5.0,0.1724137931034483,44837.0,44837.0,1546.103448275862,2013-01-07,2013-01-07,2023-09-29,2023-09-29,23.0,23.0,2026-07-31,2026-07-31,EDLDB.CDM.CUSTOMER_AGGREGATE_SNAPSHOT,EDLDB.MRCH_SANDBOX.CBSA_ZIPCODE_MAPPING,EDLDB.MRCH_SANDBOX.MEDIAN_HOUSEHOLD_INCOME_ZIPCODE,EDLDB.MRCH_SANDBOX.CLINIC_PROFILE,EDLDB.MRCH_SANDBOX.CBSA_POPULATION,"active_customer_yoy_growth, active_customers_per_1000_households, clinic_orders_per_clinic, clinics_per_10000_households, corporate_clinic_share, practice_hub_clinic_share, veterinarians_per_10000_households",Hypothesis,True,market-attractiveness-synthetic-v1,1.0,SYNTHETIC_COMPLETE,prototype_ready,synthetic_prototype_only
proto:e4113debe7,,"Key West, FL","Key West, FL",micropolitan,2026-07-31,2025-07-31,6816,7617.0,-0.10516,0.073695,32780.0,32780.0,207.93166564978645,82847.0,82847.0,71610.666667,71610.666667,26.0,26.0,34.0,34.0,7.9316656497864555,10.372178157413057,0.0,0.0,0.0,9.0,9.0,0.34615384615384615,45331.0,45331.0,1743.5,2012-10-21,2012-10-21,2023-05-26,2023-05-26,9.0,9.0,2026-07-31,2026-07-31,EDLDB.CDM.CUSTOMER_AGGREGATE_SNAPSHOT,EDLDB.MRCH_SANDBOX.CBSA_ZIPCODE_MAPPING,EDLDB.MRCH_SANDBOX.MEDIAN_HOUSEHOLD_INCOME_ZIPCODE,EDLDB.MRCH_SANDBOX.CLINIC_PROFILE,EDLDB.MRCH_SANDBOX.CBSA_POPULATION,"active_customer_yoy_growth, active_customers_per_1000_households, clinic_orders_per_clinic, clinics_per_10000_households, corporate_clinic_share, practice_hub_clinic_share, veterinarians_per_10000_households",Hypothesis,True,market-attractiveness-synthetic-v1,1.0,SYNTHETIC_COMPLETE,prototype_ready,synthetic_prototype_only
proto:5c4231dffb,,"Wenatchee, WA","Wenatchee, WA",metropolitan,2026-07-31,2025-07-31,6736,7744.0,-0.130165,0.02077,56154.0,56154.0,119.95583573743633,122267.0,122267.0,58176.37037,58176.37037,18.0,18.0,52.0,52.0,3.20547066994337,9.260248602058624,0.0,0.0,0.0,6.0,6.0,0.3333333333333333,39101.0,39101.0,2172.277777777778,2012-12-06,2012-12-06,2023-07-26,2023-07-26,27.0,27.0,2026-07-31,2026-07-31,EDLDB.CDM.CUSTOMER_AGGREGATE_SNAPSHOT,EDLDB.MRCH_SANDBOX.CBSA_ZIPCODE_MAPPING,EDLDB.MRCH_SANDBOX.MEDIAN_HOUSEHOLD_INCOME_ZIPCODE,EDLDB.MRCH_SANDBOX.CLINIC_PROFILE,EDLDB.MRCH_SANDBOX.CBSA_POPULATION,"active_customer_yoy_growth, active_customers_per_1000_households, clinic_orders_per_clinic, clinics_per_10000_households, corporate_clinic_share, practice_hub_clinic_share, veterinarians_per_10000_households",Hypothesis,True,market-attractiveness-synthetic-v1,1.0,SYNTHETIC_COMPLETE,prototype_ready,synthetic_prototype_only
proto:8fd497e258,,"Fort Smith, AR-OK","Fort Smith, AR-OK",metropolitan,2026-07-31,2025-07-31,6696,8156.0,-0.179009,-0.056299,106057.0,106057.0,63.13586090498506,227207.0,227207.0,41418.756098,41418.756098,33.0,33.0,48.0,48.0,3.1115343635969337,4.525868165231904,0.0,0.0,0.0,13.0,13.0,0.3939393939393939,19631.0,19631.0,594.8787878787879,2012-10-19,2012-10-19,2023-01-27,2023-01-27,41.0,41.0,2026-07-31,2026-07-31,EDLDB.CDM.CUSTOMER_AGGREGATE_SNAPSHOT,EDLDB.MRCH_SANDBOX.CBSA_ZIPCODE_MAPPING,EDLDB.MRCH_SANDBOX.MEDIAN_HOUSEHOLD_INCOME_ZIPCODE,EDLDB.MRCH_SANDBOX.CLINIC_PROFILE,EDLDB.MRCH_SANDBOX.CBSA_POPULATION,"active_customer_yoy_growth, active_customers_per_1000_households, clinic_orders_per_clinic, clinics_per_10000_households, corporate_clinic_share, practice_hub_clinic_share, veterinarians_per_10000_households",Hypothesis,True,market-attractiveness-synthetic-v1,1.0,SYNTHETIC_COMPLETE,prototype_ready,synthetic_prototype_only
proto:b472a86973,,"Pinehurst-Southern Pines, NC","Pinehurst-Southern Pines, NC",micropolitan,2026-07-31,2025-07-31,6678,7538.0,-0.114089,0.060399,33811.0,33811.0,197.50968619679986,100296.0,100296.0,54711.636364,54711.636364,35.0,35.0,65.0,65.0,10.351660702138357,19.224512732542664,0.0,0.0,0.0,14.0,14.0,0.4,59011.0,59011.0,1686.0285714285715,2012-11-05,2012-11-05,2023-08-24,2023-08-24,11.0,11.0,2026-07-31,2026-07-31,EDLDB.CDM.CUSTOMER_AGGREGATE_SNAPSHOT,EDLDB.MRCH_SANDBOX.CBSA_ZIPCODE_MAPPING,EDLDB.MRCH_SANDBOX.MEDIAN_HOUSEHOLD_INCOME_ZIPCODE,EDLDB.MRCH_SANDBOX.CLINIC_PROFILE,EDLDB.MRCH_SANDBOX.CBSA_POPULATION,"active_customer_yoy_growth, active_customers_per_1000_households, clinic_orders_per_clinic, clinics_per_10000_households, corporate_clinic_share, practice_hub_clinic_share, veterinarians_per_10000_households",Hypothesis,True,market-attractiveness-synthetic-v1,1.0,SYNTHETIC_COMPLETE,prototype_ready,synthetic_prototype_only
proto:42d6fc0513,,"Joplin, MO","Joplin, MO",metropolitan,2026-07-31,2025-07-31,6608,7721.0,-0.144152,-0.000994,73812.0,73812.0,89.5247385249011,200908.0,200908.0,49740.322581,49740.322581,22.0,22.0,37.0,37.0,2.98054516880724,5.012735056630358,0.0,0.0,0.0,4.0,4.0,0.18181818181818182,23643.0,23643.0,1074.6818181818182,2012-11-15,2012-11-15,2023-12-01,2023-12-01,31.0,31.0,2026-07-31,2026-07-31,EDLDB.CDM.CUSTOMER_AGGREGATE_SNAPSHOT,EDLDB.MRCH_SANDBOX.CBSA_ZIPCODE_MAPPING,EDLDB.MRCH_SANDBOX.MEDIAN_HOUSEHOLD_INCOME_ZIPCODE,EDLDB.MRCH_SANDBOX.CLINIC_PROFILE,EDLDB.MRCH_SANDBOX.CBSA_POPULATION,"active_customer_yoy_growth, active_customers_per_1000_households, clinic_orders_per_clinic, clinics_per_10000_households, corporate_clinic_share, practice_hub_clinic_share, veterinarians_per_10000_households",Hypothesis,True,market-attractiveness-synthetic-v1,1.0,SYNTHETIC_COMPLETE,prototype_ready,synthetic_prototype_only
proto:871bb6f668,,"Brunswick, GA","Brunswick, GA",metropolitan,2026-07-31,2025-07-31,6558,7660.0,-0.143864,-2.4e-05,58969.0,58969.0,111.21097525818651,113511.0,113511.0,38978.263158,38978.263158,18.0,18.0,35.0,35.0,3.0524512879648626,5.935321948820567,0.0,0.0,0.0,8.0,8.0,0.4444444444444444,38184.0,38184.0,2121.3333333333335,2012-11-21,2012-11-21,2023-07-14,2023-07-14,19.0,19.0,2026-07-31,2026-07-31,EDLDB.CDM.CUSTOMER_AGGREGATE_SNAPSHOT,EDLDB.MRCH_SANDBOX.CBSA_ZIPCODE_MAPPING,EDLDB.MRCH_SANDBOX.MEDIAN_HOUSEHOLD_INCOME_ZIPCODE,EDLDB.MRCH_SANDBOX.CLINIC_PROFILE,EDLDB.MRCH_SANDBOX.CBSA_POPULATION,"active_customer_yoy_growth, active_customers_per_1000_households, clinic_orders_per_clinic, clinics_per_10000_households, corporate_clinic_share, practice_hub_clinic_share, veterinarians_per_10000_households",Hypothesis,True,market-attractiveness-synthetic-v1,1.0,SYNTHETIC_COMPLETE,prototype_ready,synthetic_prototype_only
proto:e3ec26afbd,,"Jamestown-Dunkirk-Fredonia, NY","Jamestown-Dunkirk-Fredonia, NY",micropolitan,2026-07-31,2025-07-31,6525,7584.0,-0.139636,0.028084,53174.0,53174.0,122.71034716214692,127376.0,127376.0,50365.59375,50365.59375,16.0,16.0,21.0,21.0,3.008989355700154,3.9492985293564526,0.0,0.0,0.0,4.0,4.0,0.25,23669.0,23669.0,1479.3125,2012-12-17,2012-12-17,2022-06-04,2022-06-04,32.0,32.0,2026-07-31,2026-07-31,EDLDB.CDM.CUSTOMER_AGGREGATE_SNAPSHOT,EDLDB.MRCH_SANDBOX.CBSA_ZIPCODE_MAPPING,EDLDB.MRCH_SANDBOX.MEDIAN_HOUSEHOLD_INCOME_ZIPCODE,EDLDB.MRCH_SANDBOX.CLINIC_PROFILE,EDLDB.MRCH_SANDBOX.CBSA_POPULATION,"active_customer_yoy_growth, active_customers_per_1000_households, clinic_orders_per_clinic, clinics_per_10000_households, corporate_clinic_share, practice_hub_clinic_share, veterinarians_per_10000_households",Hypothesis,True,market-attractiveness-synthetic-v1,1.0,SYNTHETIC_COMPLETE,prototype_ready,synthetic_prototype_only
proto:69f27e5f4c,,"Ogdensburg-Massena, NY","Ogdensburg-Massena, NY",micropolitan,2026-07-31,2025-07-31,6506,7238.0,-0.101133,0.078782,37175.0,37175.0,175.0100874243443,,92919.0,41914.634146,41914.634146,17.0,17.0,26.0,26.0,4.572965702757229,6.993947545393409,0.0,0.0,0.0,7.0,7.0,0.4117647058823529,31734.0,31734.0,1866.7058823529412,2012-11-02,2012-11-02,2023-12-14,2023-12-14,41.0,41.0,2026-07-31,2026-07-31,EDLDB.CDM.CUSTOMER_AGGREGATE_SNAPSHOT,EDLDB.MRCH_SANDBOX.CBSA_ZIPCODE_MAPPING,EDLDB.MRCH_SANDBOX.MEDIAN_HOUSEHOLD_INCOME_ZIPCODE,EDLDB.MRCH_SANDBOX.CLINIC_PROFILE,EDLDB.MRCH_SANDBOX.CBSA_POPULATION,"active_customer_yoy_growth, active_customers_per_1000_households, clinic_orders_per_clinic, clinics_per_10000_households, corporate_clinic_share, practice_hub_clinic_share, total_population, veterinarians_per_10000_households",Hypothesis,True,market-attractiveness-synthetic-v1,1.0,SYNTHETIC_COMPLETE,prototype_ready,synthetic_prototype_only
proto:d4a82d84bf,,"Vineland-Bridgeton, NJ","Vineland-Bridgeton, NJ",metropolitan,2026-07-31,2025-07-31,6486,7499.0,-0.135085,0.013222,52217.0,52217.0,124.21242124212421,153719.0,153719.0,56331.277778,56331.277778,15.0,15.0,19.0,19.0,2.8726276883007453,3.6386617385142768,0.0,0.0,0.0,6.0,6.0,0.4,34075.0,34075.0,2271.6666666666665,2012-10-23,2012-10-23,2022-11-21,2022-11-21,18.0,18.0,2026-07-31,2026-07-31,EDLDB.CDM.CUSTOMER_AGGREGATE_SNAPSHOT,EDLDB.MRCH_SANDBOX.CBSA_ZIPCODE_MAPPING,EDLDB.MRCH_SANDBOX.MEDIAN_HOUSEHOLD_INCOME_ZIPCODE,EDLDB.MRCH_SANDBOX.CLINIC_PROFILE,EDLDB.MRCH_SANDBOX.CBSA_POPULATION,"active_customer_yoy_growth, active_customers_per_1000_households, clinic_orders_per_clinic, clinics_per_10000_households, corporate_clinic_share, practice_hub_clinic_share, veterinarians_per_10000_households",Hypothesis,True,market-attractiveness-synthetic-v1,1.0,SYNTHETIC_COMPLETE,prototype_ready,synthetic_prototype_only
proto:4431eacd89,,"Yuba City, CA","Yuba City, CA",metropolitan,2026-07-31,2025-07-31,6448,7368.0,-0.124864,0.032968,59882.0,59882.0,107.67843425403294,181437.0,181437.0,54258.227273,54258.227273,21.0,21.0,43.0,43.0,3.5068968972312216,7.180788884806787,0.0,0.0,0.0,3.0,3.0,0.14285714285714285,27292.0,27292.0,1299.6190476190477,2013-06-13,2013-06-13,2023-10-02,2023-10-02,22.0,22.0,2026-07-31,2026-07-31,EDLDB.CDM.CUSTOMER_AGGREGATE_SNAPSHOT,EDLDB.MRCH_SANDBOX.CBSA_ZIPCODE_MAPPING,EDLDB.MRCH_SANDBOX.MEDIAN_HOUSEHOLD_INCOME_ZIPCODE,EDLDB.MRCH_SANDBOX.CLINIC_PROFILE,EDLDB.MRCH_SANDBOX.CBSA_POPULATION,"active_customer_yoy_growth, active_customers_per_1000_households, clinic_orders_per_clinic, clinics_per_10000_households, corporate_clinic_share, practice_hub_clinic_share, veterinarians_per_10000_households",Hypothesis,True,market-attractiveness-synthetic-v1,1.0,SYNTHETIC_COMPLETE,prototype_ready,synthetic_prototype_only
proto:dc1a568d3d,,"Lima, OH","Lima, OH",metropolitan,2026-07-31,2025-07-31,6441,7519.0,-0.14337,0.000615,61701.0,61701.0,104.39052851655565,102125.0,102125.0,59171.363636,59171.363636,14.0,14.0,24.0,24.0,2.2690069853000763,3.8897262605144163,0.0,0.0,0.0,4.0,4.0,0.2857142857142857,18156.0,18156.0,1296.857142857143,2013-01-11,2013-01-11,2022-10-17,2022-10-17,22.0,22.0,2026-07-31,2026-07-31,EDLDB.CDM.CUSTOMER_AGGREGATE_SNAPSHOT,EDLDB.MRCH_SANDBOX.CBSA_ZIPCODE_MAPPING,EDLDB.MRCH_SANDBOX.MEDIAN_HOUSEHOLD_INCOME_ZIPCODE,EDLDB.MRCH_SANDBOX.CLINIC_PROFILE,EDLDB.MRCH_SANDBOX.CBSA_POPULATION,"active_customer_yoy_growth, active_customers_per_1000_households, clinic_orders_per_clinic, clinics_per_10000_households, corporate_clinic_share, practice_hub_clinic_share, veterinarians_per_10000_households",Hypothesis,True,market-attractiveness-synthetic-v1,1.0,SYNTHETIC_COMPLETE,prototype_ready,synthetic_prototype_only
proto:97173b9f21,,"Truckee-Grass Valley, CA","Truckee-Grass Valley, CA",micropolitan,2026-07-31,2025-07-31,6388,7193.0,-0.111914,0.062376,31878.0,31878.0,200.38898299767865,102265.0,102265.0,62399.375,62399.375,34.0,34.0,66.0,66.0,10.665662839575882,20.70393374741201,0.0,0.0,0.0,13.0,13.0,0.38235294117647056,54222.0,54222.0,1594.764705882353,2012-11-24,2012-11-24,2023-11-02,2023-11-02,8.0,8.0,2026-07-31,2026-07-31,EDLDB.CDM.CUSTOMER_AGGREGATE_SNAPSHOT,EDLDB.MRCH_SANDBOX.CBSA_ZIPCODE_MAPPING,EDLDB.MRCH_SANDBOX.MEDIAN_HOUSEHOLD_INCOME_ZIPCODE,EDLDB.MRCH_SANDBOX.CLINIC_PROFILE,EDLDB.MRCH_SANDBOX.CBSA_POPULATION,"active_customer_yoy_growth, active_customers_per_1000_households, clinic_orders_per_clinic, clinics_per_10000_households, corporate_clinic_share, practice_hub_clinic_share, veterinarians_per_10000_households",Hypothesis,True,market-attractiveness-synthetic-v1,1.0,SYNTHETIC_COMPLETE,prototype_ready,synthetic_prototype_only
proto:6f4b55da8a,,"Lawrence, KS","Lawrence, KS",metropolitan,2026-07-31,2025-07-31,6386,7209.0,-0.114163,0.055041,48083.0,48083.0,132.81201256161222,118784.0,118784.0,60195.375,60195.375,28.0,28.0,42.0,42.0,5.823263939438055,8.734895909157082,0.0,0.0,0.0,8.0,8.0,0.2857142857142857,34018.0,34018.0,1214.9285714285713,2012-11-01,2012-11-01,2023-12-20,2023-12-20,8.0,8.0,2026-07-31,2026-07-31,EDLDB.CDM.CUSTOMER_AGGREGATE_SNAPSHOT,EDLDB.MRCH_SANDBOX.CBSA_ZIPCODE_MAPPING,EDLDB.MRCH_SANDBOX.MEDIAN_HOUSEHOLD_INCOME_ZIPCODE,EDLDB.MRCH_SANDBOX.CLINIC_PROFILE,EDLDB.MRCH_SANDBOX.CBSA_POPULATION,"active_customer_yoy_growth, active_customers_per_1000_households, clinic_orders_per_clinic, clinics_per_10000_households, corporate_clinic_share, practice_hub_clinic_share, veterinarians_per_10000_households",Hypothesis,True,market-attractiveness-synthetic-v1,1.0,SYNTHETIC_COMPLETE,prototype_ready,synthetic_prototype_only
proto:308913ca9c,,"Brainerd, MN","Brainerd, MN",micropolitan,2026-07-31,2025-07-31,6365,7163.0,-0.111406,0.062958,52612.0,52612.0,120.98000456169696,96445.0,96445.0,56139.096774,56139.096774,15.0,15.0,24.0,24.0,2.8510605945411696,4.561696951265871,0.0,0.0,0.0,7.0,7.0,0.4666666666666667,17112.0,17112.0,1140.8,2012-11-01,2012-11-01,2023-05-14,2023-05-14,31.0,31.0,2026-07-31,2026-07-31,EDLDB.CDM.CUSTOMER_AGGREGATE_SNAPSHOT,EDLDB.MRCH_SANDBOX.CBSA_ZIPCODE_MAPPING,EDLDB.MRCH_SANDBOX.MEDIAN_HOUSEHOLD_INCOME_ZIPCODE,EDLDB.MRCH_SANDBOX.CLINIC_PROFILE,EDLDB.MRCH_SANDBOX.CBSA_POPULATION,"active_customer_yoy_growth, active_customers_per_1000_households, clinic_orders_per_clinic, clinics_per_10000_households, corporate_clinic_share, practice_hub_clinic_share, veterinarians_per_10000_households",Hypothesis,True,market-attractiveness-synthetic-v1,1.0,SYNTHETIC_COMPLETE,prototype_ready,synthetic_prototype_only
proto:8adbeb0871,,"Keene, NH","Keene, NH",micropolitan,2026-07-31,2025-07-31,6361,7129.0,-0.107729,0.071792,28456.0,28456.0,223.53809389935338,76547.0,76547.0,76713.958333,76713.958333,11.0,11.0,27.0,27.0,3.8656170930559464,9.488332864773685,0.0,0.0,0.0,6.0,6.0,0.5454545454545454,36336.0,36336.0,3303.2727272727275,2012-10-23,2012-10-23,2022-05-28,2022-05-28,24.0,24.0,2026-07-31,2026-07-31,EDLDB.CDM.CUSTOMER_AGGREGATE_SNAPSHOT,EDLDB.MRCH_SANDBOX.CBSA_ZIPCODE_MAPPING,EDLDB.MRCH_SANDBOX.MEDIAN_HOUSEHOLD_INCOME_ZIPCODE,EDLDB.MRCH_SANDBOX.CLINIC_PROFILE,EDLDB.MRCH_SANDBOX.CBSA_POPULATION,"active_customer_yoy_growth, active_customers_per_1000_households, clinic_orders_per_clinic, clinics_per_10000_households, corporate_clinic_share, practice_hub_clinic_share, veterinarians_per_10000_households",Hypothesis,True,market-attractiveness-synthetic-v1,1.0,SYNTHETIC_COMPLETE,prototype_ready,synthetic_prototype_only
proto:db9b5a1924,,"Longview, WA","Longview, WA",metropolitan,2026-07-31,2025-07-31,6324,7368.0,-0.141694,0.00311,43590.0,43590.0,145.07914659325533,111014.0,111014.0,63332.5,63332.5,10.0,10.0,28.0,28.0,2.2941041523285155,6.423491626519844,0.0,0.0,0.0,5.0,5.0,0.5,35211.0,35211.0,3521.1,2014-02-16,2014-02-16,2022-10-12,2022-10-12,10.0,10.0,2026-07-31,2026-07-31,EDLDB.CDM.CUSTOMER_AGGREGATE_SNAPSHOT,EDLDB.MRCH_SANDBOX.CBSA_ZIPCODE_MAPPING,EDLDB.MRCH_SANDBOX.MEDIAN_HOUSEHOLD_INCOME_ZIPCODE,EDLDB.MRCH_SANDBOX.CLINIC_PROFILE,EDLDB.MRCH_SANDBOX.CBSA_POPULATION,"active_customer_yoy_growth, active_customers_per_1000_households, clinic_orders_per_clinic, clinics_per_10000_households, corporate_clinic_share, practice_hub_clinic_share, veterinarians_per_10000_households",Hypothesis,True,market-attractiveness-synthetic-v1,1.0,SYNTHETIC_COMPLETE,prototype_ready,synthetic_prototype_only
proto:d470c12724,,"Yakima, WA","Yakima, WA",metropolitan,2026-07-31,2025-07-31,6288,7380.0,-0.147967,-0.005392,84359.0,84359.0,74.53857916760512,256733.0,256733.0,50631.545455,50631.545455,22.0,22.0,36.0,36.0,2.607901942886947,4.267475906542278,0.0,0.0,0.0,7.0,7.0,0.3181818181818182,32762.0,32762.0,1489.1818181818182,2013-01-22,2013-01-22,2023-08-30,2023-08-30,22.0,22.0,2026-07-31,2026-07-31,EDLDB.CDM.CUSTOMER_AGGREGATE_SNAPSHOT,EDLDB.MRCH_SANDBOX.CBSA_ZIPCODE_MAPPING,EDLDB.MRCH_SANDBOX.MEDIAN_HOUSEHOLD_INCOME_ZIPCODE,EDLDB.MRCH_SANDBOX.CLINIC_PROFILE,EDLDB.MRCH_SANDBOX.CBSA_POPULATION,"active_customer_yoy_growth, active_customers_per_1000_households, clinic_orders_per_clinic, clinics_per_10000_households, corporate_clinic_share, practice_hub_clinic_share, veterinarians_per_10000_households",Hypothesis,True,market-attractiveness-synthetic-v1,1.0,SYNTHETIC_COMPLETE,prototype_ready,synthetic_prototype_only
proto:5deb383ab1,,"Manhattan, KS","Manhattan, KS",metropolitan,2026-07-31,2025-07-31,6271,7086.0,-0.115016,0.052982,55133.0,55133.0,113.7431302486714,134187.0,134187.0,55495.172414,55495.172414,38.0,38.0,97.0,97.0,6.892423775234433,17.59381858415105,0.0,0.0,0.0,10.0,10.0,0.2631578947368421,29743.0,29743.0,782.7105263157895,2012-11-27,2012-11-27,2023-05-15,2023-05-15,29.0,29.0,2026-07-31,2026-07-31,EDLDB.CDM.CUSTOMER_AGGREGATE_SNAPSHOT,EDLDB.MRCH_SANDBOX.CBSA_ZIPCODE_MAPPING,EDLDB.MRCH_SANDBOX.MEDIAN_HOUSEHOLD_INCOME_ZIPCODE,EDLDB.MRCH_SANDBOX.CLINIC_PROFILE,EDLDB.MRCH_SANDBOX.CBSA_POPULATION,"active_customer_yoy_growth, active_customers_per_1000_households, clinic_orders_per_clinic, clinics_per_10000_households, corporate_clinic_share, practice_hub_clinic_share, veterinarians_per_10000_households",Hypothesis,True,market-attractiveness-synthetic-v1,1.0,SYNTHETIC_COMPLETE,prototype_ready,synthetic_prototype_only
proto:eb82e18807,,"Fond du Lac, WI","Fond du Lac, WI",metropolitan,2026-07-31,2025-07-31,6227,7181.0,-0.132851,0.017032,48897.0,48897.0,127.34932613452769,104169.0,104169.0,72236.0,72236.0,13.0,13.0,24.0,24.0,2.6586498149170708,4.908276581385361,0.0,0.0,0.0,6.0,6.0,0.46153846153846156,25438.0,25438.0,1956.7692307692307,2013-01-17,2013-01-17,2022-10-17,2022-10-17,18.0,18.0,2026-07-31,2026-07-31,EDLDB.CDM.CUSTOMER_AGGREGATE_SNAPSHOT,EDLDB.MRCH_SANDBOX.CBSA_ZIPCODE_MAPPING,EDLDB.MRCH_SANDBOX.MEDIAN_HOUSEHOLD_INCOME_ZIPCODE,EDLDB.MRCH_SANDBOX.CLINIC_PROFILE,EDLDB.MRCH_SANDBOX.CBSA_POPULATION,"active_customer_yoy_growth, active_customers_per_1000_households, clinic_orders_per_clinic, clinics_per_10000_households, corporate_clinic_share, practice_hub_clinic_share, veterinarians_per_10000_households",Hypothesis,True,market-attractiveness-synthetic-v1,1.0,SYNTHETIC_COMPLETE,prototype_ready,synthetic_prototype_only
proto:f3ab133256,,"Idaho Falls, ID","Idaho Falls, ID",metropolitan,2026-07-31,2025-07-31,6168,7155.0,-0.137945,0.010436,54191.0,54191.0,113.81963794726062,158401.0,158401.0,59469.666667,59469.666667,16.0,16.0,28.0,28.0,2.952519791109225,5.166909634441143,0.0,0.0,0.0,6.0,6.0,0.375,17016.0,17016.0,1063.5,2013-04-08,2013-04-08,2022-12-14,2022-12-14,21.0,21.0,2026-07-31,2026-07-31,EDLDB.CDM.CUSTOMER_AGGREGATE_SNAPSHOT,EDLDB.MRCH_SANDBOX.CBSA_ZIPCODE_MAPPING,EDLDB.MRCH_SANDBOX.MEDIAN_HOUSEHOLD_INCOME_ZIPCODE,EDLDB.MRCH_SANDBOX.CLINIC_PROFILE,EDLDB.MRCH_SANDBOX.CBSA_POPULATION,"active_customer_yoy_growth, active_customers_per_1000_households, clinic_orders_per_clinic, clinics_per_10000_households, corporate_clinic_share, practice_hub_clinic_share, veterinarians_per_10000_households",Hypothesis,True,market-attractiveness-synthetic-v1,1.0,SYNTHETIC_COMPLETE,prototype_ready,synthetic_prototype_only
proto:4e43af60c1,,"Ottawa, IL","Ottawa, IL",micropolitan,2026-07-31,2025-07-31,6164,7193.0,-0.143056,0.022103,52751.0,52751.0,116.85086538643817,148231.0,148231.0,63215.428571,63215.428571,24.0,24.0,39.0,39.0,4.549676783378514,7.393224772990085,0.0,0.0,0.0,6.0,6.0,0.25,26205.0,26205.0,1091.875,2013-01-02,2013-01-02,2023-06-12,2023-06-12,42.0,42.0,2026-07-31,2026-07-31,EDLDB.CDM.CUSTOMER_AGGREGATE_SNAPSHOT,EDLDB.MRCH_SANDBOX.CBSA_ZIPCODE_MAPPING,EDLDB.MRCH_SANDBOX.MEDIAN_HOUSEHOLD_INCOME_ZIPCODE,EDLDB.MRCH_SANDBOX.CLINIC_PROFILE,EDLDB.MRCH_SANDBOX.CBSA_POPULATION,"active_customer_yoy_growth, active_customers_per_1000_households, clinic_orders_per_clinic, clinics_per_10000_households, corporate_clinic_share, practice_hub_clinic_share, veterinarians_per_10000_households",Hypothesis,True,market-attractiveness-synthetic-v1,1.0,SYNTHETIC_COMPLETE,prototype_ready,synthetic_prototype_only
proto:60c8fa73a0,,"Cleveland, TN","Cleveland, TN",metropolitan,2026-07-31,2025-07-31,6129,7231.0,-0.152399,-0.013001,56563.0,56563.0,108.35705319731981,126394.0,126394.0,45903.333333,45903.333333,20.0,20.0,44.0,44.0,3.535880345809098,7.778936760780015,0.0,0.0,0.0,7.0,7.0,0.35,35130.0,35130.0,1756.5,2012-10-19,2012-10-19,2023-08-18,2023-08-18,18.0,18.0,2026-07-31,2026-07-31,EDLDB.CDM.CUSTOMER_AGGREGATE_SNAPSHOT,EDLDB.MRCH_SANDBOX.CBSA_ZIPCODE_MAPPING,EDLDB.MRCH_SANDBOX.MEDIAN_HOUSEHOLD_INCOME_ZIPCODE,EDLDB.MRCH_SANDBOX.CLINIC_PROFILE,EDLDB.MRCH_SANDBOX.CBSA_POPULATION,"active_customer_yoy_growth, active_customers_per_1000_households, clinic_orders_per_clinic, clinics_per_10000_households, corporate_clinic_share, practice_hub_clinic_share, veterinarians_per_10000_households",Hypothesis,True,market-attractiveness-synthetic-v1,1.0,SYNTHETIC_COMPLETE,prototype_ready,synthetic_prototype_only
proto:1b118b9a2e,,"Plattsburgh, NY","Plattsburgh, NY",micropolitan,2026-07-31,2025-07-31,6116,6968.0,-0.122273,0.047732,33255.0,33255.0,183.91219365508945,79699.0,79699.0,60397.481481,60397.481481,13.0,13.0,28.0,28.0,3.909186588482935,8.419786498270938,1.0,1.0,0.07692307692307693,7.0,7.0,0.5384615384615384,33766.0,33766.0,2597.3846153846152,2012-10-20,2012-10-20,2022-09-25,2022-09-25,27.0,27.0,2026-07-31,2026-07-31,EDLDB.CDM.CUSTOMER_AGGREGATE_SNAPSHOT,EDLDB.MRCH_SANDBOX.CBSA_ZIPCODE_MAPPING,EDLDB.MRCH_SANDBOX.MEDIAN_HOUSEHOLD_INCOME_ZIPCODE,EDLDB.MRCH_SANDBOX.CLINIC_PROFILE,EDLDB.MRCH_SANDBOX.CBSA_POPULATION,"active_customer_yoy_growth, active_customers_per_1000_households, clinic_orders_per_clinic, clinics_per_10000_households, corporate_clinic_share, practice_hub_clinic_share, veterinarians_per_10000_households",Hypothesis,True,market-attractiveness-synthetic-v1,1.0,SYNTHETIC_COMPLETE,prototype_ready,synthetic_prototype_only
proto:689f53ba6d,,"Ames, IA","Ames, IA",metropolitan,2026-07-31,2025-07-31,6103,6845.0,-0.1084,0.072317,53250.0,53250.0,114.61032863849765,125347.0,125347.0,64048.0625,64048.0625,51.0,51.0,97.0,97.0,9.577464788732394,18.215962441314556,0.0,0.0,0.0,7.0,7.0,0.13725490196078433,29687.0,29687.0,582.0980392156863,2013-09-30,2013-09-30,2023-10-19,2023-10-19,32.0,32.0,2026-07-31,2026-07-31,EDLDB.CDM.CUSTOMER_AGGREGATE_SNAPSHOT,EDLDB.MRCH_SANDBOX.CBSA_ZIPCODE_MAPPING,EDLDB.MRCH_SANDBOX.MEDIAN_HOUSEHOLD_INCOME_ZIPCODE,EDLDB.MRCH_SANDBOX.CLINIC_PROFILE,EDLDB.MRCH_SANDBOX.CBSA_POPULATION,"active_customer_yoy_growth, active_customers_per_1000_households, clinic_orders_per_clinic, clinics_per_10000_households, corporate_clinic_share, practice_hub_clinic_share, veterinarians_per_10000_households",Hypothesis,True,market-attractiveness-synthetic-v1,1.0,SYNTHETIC_COMPLETE,prototype_ready,synthetic_prototype_only
proto:ea398816e7,,"Bismarck, ND","Bismarck, ND",metropolitan,2026-07-31,2025-07-31,6042,6638.0,-0.089786,0.118054,57901.0,57901.0,104.35052935182466,133785.0,133785.0,61745.307692,61745.307692,17.0,17.0,52.0,52.0,2.936046009568056,8.980846617502289,0.0,0.0,0.0,3.0,3.0,0.17647058823529413,19669.0,19669.0,1157.0,2012-12-13,2012-12-13,2023-06-14,2023-06-14,26.0,26.0,2026-07-31,2026-07-31,EDLDB.CDM.CUSTOMER_AGGREGATE_SNAPSHOT,EDLDB.MRCH_SANDBOX.CBSA_ZIPCODE_MAPPING,EDLDB.MRCH_SANDBOX.MEDIAN_HOUSEHOLD_INCOME_ZIPCODE,EDLDB.MRCH_SANDBOX.CLINIC_PROFILE,EDLDB.MRCH_SANDBOX.CBSA_POPULATION,"active_customer_yoy_growth, active_customers_per_1000_households, clinic_orders_per_clinic, clinics_per_10000_households, corporate_clinic_share, practice_hub_clinic_share, veterinarians_per_10000_households",Hypothesis,True,market-attractiveness-synthetic-v1,1.0,SYNTHETIC_COMPLETE,prototype_ready,synthetic_prototype_only
proto:86881e8cff,,"Glenwood Springs, CO","Glenwood Springs, CO",micropolitan,2026-07-31,2025-07-31,5974,6596.0,-0.0943,0.087329,31209.0,31209.0,191.41914191419144,,78007.0,64081.538462,64081.538462,32.0,32.0,42.0,42.0,10.25345252971899,13.457656445256177,0.0,0.0,0.0,10.0,10.0,0.3125,29741.0,29741.0,929.40625,2013-07-31,2013-07-31,2023-11-30,2023-11-30,13.0,13.0,2026-07-31,2026-07-31,EDLDB.CDM.CUSTOMER_AGGREGATE_SNAPSHOT,EDLDB.MRCH_SANDBOX.CBSA_ZIPCODE_MAPPING,EDLDB.MRCH_SANDBOX.MEDIAN_HOUSEHOLD_INCOME_ZIPCODE,EDLDB.MRCH_SANDBOX.CLINIC_PROFILE,EDLDB.MRCH_SANDBOX.CBSA_POPULATION,"active_customer_yoy_growth, active_customers_per_1000_households, clinic_orders_per_clinic, clinics_per_10000_households, corporate_clinic_share, practice_hub_clinic_share, total_population, veterinarians_per_10000_households",Hypothesis,True,market-attractiveness-synthetic-v1,1.0,SYNTHETIC_COMPLETE,prototype_ready,synthetic_prototype_only
proto:07ac210a95,,"Clarksburg, WV","Clarksburg, WV",micropolitan,2026-07-31,2025-07-31,5955,6737.0,-0.116075,0.05694,37774.0,37774.0,157.64811775295175,90315.0,90315.0,43933.533333,43933.533333,7.0,7.0,16.0,16.0,1.8531264891195003,4.235717689416,0.0,0.0,0.0,6.0,6.0,0.8571428571428571,20150.0,20150.0,2878.5714285714284,2013-01-04,2013-01-04,2020-09-25,2020-09-25,30.0,30.0,2026-07-31,2026-07-31,EDLDB.CDM.CUSTOMER_AGGREGATE_SNAPSHOT,EDLDB.MRCH_SANDBOX.CBSA_ZIPCODE_MAPPING,EDLDB.MRCH_SANDBOX.MEDIAN_HOUSEHOLD_INCOME_ZIPCODE,EDLDB.MRCH_SANDBOX.CLINIC_PROFILE,EDLDB.MRCH_SANDBOX.CBSA_POPULATION,"active_customer_yoy_growth, active_customers_per_1000_households, clinic_orders_per_clinic, clinics_per_10000_households, corporate_clinic_share, practice_hub_clinic_share, veterinarians_per_10000_households",Hypothesis,True,market-attractiveness-synthetic-v1,1.0,SYNTHETIC_COMPLETE,prototype_ready,synthetic_prototype_only
proto:85105dbc50,,"Battle Creek, MI","Battle Creek, MI",metropolitan,2026-07-31,2025-07-31,5943,6998.0,-0.150757,-0.009807,55832.0,55832.0,106.44433299899698,134200.0,134200.0,56705.846154,56705.846154,24.0,24.0,36.0,36.0,4.298610116062473,6.44791517409371,0.0,0.0,0.0,6.0,6.0,0.25,24281.0,24281.0,1011.7083333333334,2013-05-17,2013-05-17,2023-08-16,2023-08-16,13.0,13.0,2026-07-31,2026-07-31,EDLDB.CDM.CUSTOMER_AGGREGATE_SNAPSHOT,EDLDB.MRCH_SANDBOX.CBSA_ZIPCODE_MAPPING,EDLDB.MRCH_SANDBOX.MEDIAN_HOUSEHOLD_INCOME_ZIPCODE,EDLDB.MRCH_SANDBOX.CLINIC_PROFILE,EDLDB.MRCH_SANDBOX.CBSA_POPULATION,"active_customer_yoy_growth, active_customers_per_1000_households, clinic_orders_per_clinic, clinics_per_10000_households, corporate_clinic_share, practice_hub_clinic_share, veterinarians_per_10000_households",Hypothesis,True,market-attractiveness-synthetic-v1,1.0,SYNTHETIC_COMPLETE,prototype_ready,synthetic_prototype_only
proto:8640fdfe20,,"Florence, SC","Florence, SC",metropolitan,2026-07-31,2025-07-31,5890,7101.0,-0.170539,-0.04407,86081.0,86081.0,68.4239263019714,199665.0,199665.0,38354.263158,38354.263158,18.0,18.0,40.0,40.0,2.091053774932912,4.6467861665175825,0.0,0.0,0.0,3.0,3.0,0.16666666666666666,34929.0,34929.0,1940.5,2012-11-06,2012-11-06,2023-04-17,2023-04-17,19.0,19.0,2026-07-31,2026-07-31,EDLDB.CDM.CUSTOMER_AGGREGATE_SNAPSHOT,EDLDB.MRCH_SANDBOX.CBSA_ZIPCODE_MAPPING,EDLDB.MRCH_SANDBOX.MEDIAN_HOUSEHOLD_INCOME_ZIPCODE,EDLDB.MRCH_SANDBOX.CLINIC_PROFILE,EDLDB.MRCH_SANDBOX.CBSA_POPULATION,"active_customer_yoy_growth, active_customers_per_1000_households, clinic_orders_per_clinic, clinics_per_10000_households, corporate_clinic_share, practice_hub_clinic_share, veterinarians_per_10000_households",Hypothesis,True,market-attractiveness-synthetic-v1,1.0,SYNTHETIC_COMPLETE,prototype_ready,synthetic_prototype_only
proto:2e386da0eb,,"Sheboygan, WI","Sheboygan, WI",metropolitan,2026-07-31,2025-07-31,5822,6566.0,-0.113311,0.059042,48858.0,48858.0,119.16165213475786,118053.0,118053.0,67496.133333,67496.133333,14.0,14.0,33.0,33.0,2.8654468050268123,6.754267468991772,0.0,0.0,0.0,3.0,3.0,0.21428571428571427,28369.0,28369.0,2026.357142857143,2013-04-05,2013-04-05,2023-09-22,2023-09-22,15.0,15.0,2026-07-31,2026-07-31,EDLDB.CDM.CUSTOMER_AGGREGATE_SNAPSHOT,EDLDB.MRCH_SANDBOX.CBSA_ZIPCODE_MAPPING,EDLDB.MRCH_SANDBOX.MEDIAN_HOUSEHOLD_INCOME_ZIPCODE,EDLDB.MRCH_SANDBOX.CLINIC_PROFILE,EDLDB.MRCH_SANDBOX.CBSA_POPULATION,"active_customer_yoy_growth, active_customers_per_1000_households, clinic_orders_per_clinic, clinics_per_10000_households, corporate_clinic_share, practice_hub_clinic_share, veterinarians_per_10000_households",Hypothesis,True,market-attractiveness-synthetic-v1,1.0,SYNTHETIC_COMPLETE,prototype_ready,synthetic_prototype_only
proto:4b4a9f8b08,,"Rome, GA","Rome, GA",metropolitan,2026-07-31,2025-07-31,5819,6925.0,-0.159711,-0.025668,60692.0,60692.0,95.87754564028208,199229.0,199229.0,51594.416667,51594.416667,14.0,14.0,28.0,28.0,2.306729058195479,4.613458116390958,0.0,0.0,0.0,4.0,4.0,0.2857142857142857,23763.0,23763.0,1697.357142857143,2012-12-20,2012-12-20,2023-07-02,2023-07-02,12.0,12.0,2026-07-31,2026-07-31,EDLDB.CDM.CUSTOMER_AGGREGATE_SNAPSHOT,EDLDB.MRCH_SANDBOX.CBSA_ZIPCODE_MAPPING,EDLDB.MRCH_SANDBOX.MEDIAN_HOUSEHOLD_INCOME_ZIPCODE,EDLDB.MRCH_SANDBOX.CLINIC_PROFILE,EDLDB.MRCH_SANDBOX.CBSA_POPULATION,"active_customer_yoy_growth, active_customers_per_1000_households, clinic_orders_per_clinic, clinics_per_10000_households, corporate_clinic_share, practice_hub_clinic_share, veterinarians_per_10000_households",Hypothesis,True,market-attractiveness-synthetic-v1,1.0,SYNTHETIC_COMPLETE,prototype_ready,synthetic_prototype_only
proto:5811d3f0e5,,"Roseburg, OR","Roseburg, OR",micropolitan,2026-07-31,2025-07-31,5808,6669.0,-0.129105,0.040806,46259.0,46259.0,125.55394625910635,111295.0,111295.0,49647.68,49647.68,20.0,20.0,46.0,46.0,4.323482997903111,9.944010895177156,0.0,0.0,0.0,3.0,3.0,0.15,27544.0,27544.0,1377.2,2013-04-10,2013-04-10,2023-03-30,2023-03-30,25.0,25.0,2026-07-31,2026-07-31,EDLDB.CDM.CUSTOMER_AGGREGATE_SNAPSHOT,EDLDB.MRCH_SANDBOX.CBSA_ZIPCODE_MAPPING,EDLDB.MRCH_SANDBOX.MEDIAN_HOUSEHOLD_INCOME_ZIPCODE,EDLDB.MRCH_SANDBOX.CLINIC_PROFILE,EDLDB.MRCH_SANDBOX.CBSA_POPULATION,"active_customer_yoy_growth, active_customers_per_1000_households, clinic_orders_per_clinic, clinics_per_10000_households, corporate_clinic_share, practice_hub_clinic_share, veterinarians_per_10000_households",Hypothesis,True,market-attractiveness-synthetic-v1,1.0,SYNTHETIC_COMPLETE,prototype_ready,synthetic_prototype_only
proto:ee5b612e23,,"Midland, TX","Midland, TX",metropolitan,2026-07-31,2025-07-31,5808,6901.0,-0.158383,-0.024512,61636.0,61636.0,94.2306444285807,175614.0,175614.0,85077.888889,85077.888889,16.0,16.0,27.0,27.0,2.595885521448504,4.380556817444351,1.0,1.0,0.0625,7.0,7.0,0.4375,19794.0,19794.0,1237.125,2012-12-10,2012-12-10,2023-03-23,2023-03-23,9.0,9.0,2026-07-31,2026-07-31,EDLDB.CDM.CUSTOMER_AGGREGATE_SNAPSHOT,EDLDB.MRCH_SANDBOX.CBSA_ZIPCODE_MAPPING,EDLDB.MRCH_SANDBOX.MEDIAN_HOUSEHOLD_INCOME_ZIPCODE,EDLDB.MRCH_SANDBOX.CLINIC_PROFILE,EDLDB.MRCH_SANDBOX.CBSA_POPULATION,"active_customer_yoy_growth, active_customers_per_1000_households, clinic_orders_per_clinic, clinics_per_10000_households, corporate_clinic_share, practice_hub_clinic_share, veterinarians_per_10000_households",Hypothesis,True,market-attractiveness-synthetic-v1,1.0,SYNTHETIC_COMPLETE,prototype_ready,synthetic_prototype_only
proto:474c05a4d8,,"Bay City, MI","Bay City, MI",metropolitan,2026-07-31,2025-07-31,5729,6703.0,-0.145308,-0.002982,47054.0,47054.0,121.75372975730012,103742.0,103742.0,48838.153846,48838.153846,9.0,9.0,25.0,25.0,1.9126960513452629,5.313044587070175,0.0,0.0,0.0,3.0,3.0,0.3333333333333333,18911.0,18911.0,2101.222222222222,2013-04-18,2013-04-18,2022-05-06,2022-05-06,13.0,13.0,2026-07-31,2026-07-31,EDLDB.CDM.CUSTOMER_AGGREGATE_SNAPSHOT,EDLDB.MRCH_SANDBOX.CBSA_ZIPCODE_MAPPING,EDLDB.MRCH_SANDBOX.MEDIAN_HOUSEHOLD_INCOME_ZIPCODE,EDLDB.MRCH_SANDBOX.CLINIC_PROFILE,EDLDB.MRCH_SANDBOX.CBSA_POPULATION,"active_customer_yoy_growth, active_customers_per_1000_households, clinic_orders_per_clinic, clinics_per_10000_households, corporate_clinic_share, practice_hub_clinic_share, veterinarians_per_10000_households",Hypothesis,True,market-attractiveness-synthetic-v1,1.0,SYNTHETIC_COMPLETE,prototype_ready,synthetic_prototype_only
proto:cfc4649e3f,,"Monroe, LA","Monroe, LA",metropolitan,2026-07-31,2025-07-31,5711,6778.0,-0.157421,-0.022317,85835.0,85835.0,66.5346303955263,226694.0,226694.0,42261.52,42261.52,24.0,24.0,33.0,33.0,2.7960622123842254,3.8445855420283097,0.0,0.0,0.0,13.0,13.0,0.5416666666666666,24733.0,24733.0,1030.5416666666667,2012-12-05,2012-12-05,2023-03-31,2023-03-31,25.0,25.0,2026-07-31,2026-07-31,EDLDB.CDM.CUSTOMER_AGGREGATE_SNAPSHOT,EDLDB.MRCH_SANDBOX.CBSA_ZIPCODE_MAPPING,EDLDB.MRCH_SANDBOX.MEDIAN_HOUSEHOLD_INCOME_ZIPCODE,EDLDB.MRCH_SANDBOX.CLINIC_PROFILE,EDLDB.MRCH_SANDBOX.CBSA_POPULATION,"active_customer_yoy_growth, active_customers_per_1000_households, clinic_orders_per_clinic, clinics_per_10000_households, corporate_clinic_share, practice_hub_clinic_share, veterinarians_per_10000_households",Hypothesis,True,market-attractiveness-synthetic-v1,1.0,SYNTHETIC_COMPLETE,prototype_ready,synthetic_prototype_only
proto:e23c2efd9a,,"Sebring-Avon Park, FL","Sebring-Avon Park, FL",metropolitan,2026-07-31,2025-07-31,5682,6750.0,-0.158222,-0.023949,54306.0,54306.0,104.62932272677052,141001.0,141001.0,43602.6,43602.6,10.0,10.0,17.0,17.0,1.8414171546422127,3.1304091628917616,0.0,0.0,0.0,4.0,4.0,0.4,24790.0,24790.0,2479.0,2013-05-11,2013-05-11,2022-07-28,2022-07-28,10.0,10.0,2026-07-31,2026-07-31,EDLDB.CDM.CUSTOMER_AGGREGATE_SNAPSHOT,EDLDB.MRCH_SANDBOX.CBSA_ZIPCODE_MAPPING,EDLDB.MRCH_SANDBOX.MEDIAN_HOUSEHOLD_INCOME_ZIPCODE,EDLDB.MRCH_SANDBOX.CLINIC_PROFILE,EDLDB.MRCH_SANDBOX.CBSA_POPULATION,"active_customer_yoy_growth, active_customers_per_1000_households, clinic_orders_per_clinic, clinics_per_10000_households, corporate_clinic_share, practice_hub_clinic_share, veterinarians_per_10000_households",Hypothesis,True,market-attractiveness-synthetic-v1,1.0,SYNTHETIC_COMPLETE,prototype_ready,synthetic_prototype_only
proto:90062b4922,,"Dothan, AL","Dothan, AL",metropolitan,2026-07-31,2025-07-31,5635,6827.0,-0.174601,-0.052517,72939.0,72939.0,77.25633748748955,151151.0,151151.0,46269.233333,46269.233333,19.0,19.0,25.0,25.0,2.604916437022718,3.427521627661471,0.0,0.0,0.0,5.0,5.0,0.2631578947368421,10602.0,10602.0,558.0,2014-05-27,2014-05-27,2021-04-08,2021-04-08,30.0,30.0,2026-07-31,2026-07-31,EDLDB.CDM.CUSTOMER_AGGREGATE_SNAPSHOT,EDLDB.MRCH_SANDBOX.CBSA_ZIPCODE_MAPPING,EDLDB.MRCH_SANDBOX.MEDIAN_HOUSEHOLD_INCOME_ZIPCODE,EDLDB.MRCH_SANDBOX.CLINIC_PROFILE,EDLDB.MRCH_SANDBOX.CBSA_POPULATION,"active_customer_yoy_growth, active_customers_per_1000_households, clinic_orders_per_clinic, clinics_per_10000_households, corporate_clinic_share, practice_hub_clinic_share, veterinarians_per_10000_households",Hypothesis,True,market-attractiveness-synthetic-v1,1.0,SYNTHETIC_COMPLETE,prototype_ready,synthetic_prototype_only
proto:815f1cd3f3,,"Hudson, NY","Hudson, NY",micropolitan,2026-07-31,2025-07-31,5635,6117.0,-0.078797,0.105301,21913.0,21913.0,257.15328800255554,61414.0,61414.0,63812.142857,63812.142857,19.0,19.0,27.0,27.0,8.67065212430977,12.32145301875599,0.0,0.0,0.0,6.0,6.0,0.3157894736842105,31266.0,31266.0,1645.578947368421,2012-11-07,2012-11-07,2023-06-20,2023-06-20,28.0,28.0,2026-07-31,2026-07-31,EDLDB.CDM.CUSTOMER_AGGREGATE_SNAPSHOT,EDLDB.MRCH_SANDBOX.CBSA_ZIPCODE_MAPPING,EDLDB.MRCH_SANDBOX.MEDIAN_HOUSEHOLD_INCOME_ZIPCODE,EDLDB.MRCH_SANDBOX.CLINIC_PROFILE,EDLDB.MRCH_SANDBOX.CBSA_POPULATION,"active_customer_yoy_growth, active_customers_per_1000_households, clinic_orders_per_clinic, clinics_per_10000_households, corporate_clinic_share, practice_hub_clinic_share, veterinarians_per_10000_households",Hypothesis,True,market-attractiveness-synthetic-v1,1.0,SYNTHETIC_COMPLETE,prototype_ready,synthetic_prototype_only
proto:05e60f4f5e,,"Cumberland, MD-WV","Cumberland, MD-WV",metropolitan,2026-07-31,2025-07-31,5555,6335.0,-0.123125,0.035134,39457.0,39457.0,140.78617228882072,94849.0,94849.0,45246.458333,45246.458333,6.0,6.0,17.0,17.0,1.5206427249917631,4.308487720809995,0.0,0.0,0.0,3.0,3.0,0.5,27998.0,27998.0,4666.333333333333,2012-11-02,2012-11-02,2015-05-08,2015-05-08,24.0,24.0,2026-07-31,2026-07-31,EDLDB.CDM.CUSTOMER_AGGREGATE_SNAPSHOT,EDLDB.MRCH_SANDBOX.CBSA_ZIPCODE_MAPPING,EDLDB.MRCH_SANDBOX.MEDIAN_HOUSEHOLD_INCOME_ZIPCODE,EDLDB.MRCH_SANDBOX.CLINIC_PROFILE,EDLDB.MRCH_SANDBOX.CBSA_POPULATION,"active_customer_yoy_growth, active_customers_per_1000_households, clinic_orders_per_clinic, clinics_per_10000_households, corporate_clinic_share, practice_hub_clinic_share, veterinarians_per_10000_households",Hypothesis,True,market-attractiveness-synthetic-v1,1.0,SYNTHETIC_COMPLETE,prototype_ready,synthetic_prototype_only
proto:827704e994,,"Aberdeen, WA","Aberdeen, WA",micropolitan,2026-07-31,2025-07-31,5551,6390.0,-0.131299,0.03841,29509.0,29509.0,188.1121013927954,75855.0,75855.0,38111.210526,38111.210526,10.0,10.0,16.0,16.0,3.388796638313735,5.4220746213019755,0.0,0.0,0.0,4.0,4.0,0.4,29039.0,29039.0,2903.9,2013-12-31,2013-12-31,2021-12-14,2021-12-14,19.0,19.0,2026-07-31,2026-07-31,EDLDB.CDM.CUSTOMER_AGGREGATE_SNAPSHOT,EDLDB.MRCH_SANDBOX.CBSA_ZIPCODE_MAPPING,EDLDB.MRCH_SANDBOX.MEDIAN_HOUSEHOLD_INCOME_ZIPCODE,EDLDB.MRCH_SANDBOX.CLINIC_PROFILE,EDLDB.MRCH_SANDBOX.CBSA_POPULATION,"active_customer_yoy_growth, active_customers_per_1000_households, clinic_orders_per_clinic, clinics_per_10000_households, corporate_clinic_share, practice_hub_clinic_share, veterinarians_per_10000_households",Hypothesis,True,market-attractiveness-synthetic-v1,1.0,SYNTHETIC_COMPLETE,prototype_ready,synthetic_prototype_only
proto:65703df599,,"Mankato, MN","Mankato, MN",metropolitan,2026-07-31,2025-07-31,5544,6255.0,-0.113669,0.057184,53311.0,53311.0,103.993547297931,129612.0,129612.0,67304.407407,67304.407407,11.0,11.0,26.0,26.0,2.0633640336891075,4.877042261446981,0.0,0.0,0.0,4.0,4.0,0.36363636363636365,24235.0,24235.0,2203.181818181818,2012-11-23,2012-11-23,2020-11-30,2020-11-30,27.0,27.0,2026-07-31,2026-07-31,EDLDB.CDM.CUSTOMER_AGGREGATE_SNAPSHOT,EDLDB.MRCH_SANDBOX.CBSA_ZIPCODE_MAPPING,EDLDB.MRCH_SANDBOX.MEDIAN_HOUSEHOLD_INCOME_ZIPCODE,EDLDB.MRCH_SANDBOX.CLINIC_PROFILE,EDLDB.MRCH_SANDBOX.CBSA_POPULATION,"active_customer_yoy_growth, active_customers_per_1000_households, clinic_orders_per_clinic, clinics_per_10000_households, corporate_clinic_share, practice_hub_clinic_share, veterinarians_per_10000_households",Hypothesis,True,market-attractiveness-synthetic-v1,1.0,SYNTHETIC_COMPLETE,prototype_ready,synthetic_prototype_only
proto:2b9d265e22,,"Kankakee, IL","Kankakee, IL",metropolitan,2026-07-31,2025-07-31,5533,6364.0,-0.130578,0.019707,41279.0,41279.0,134.03909978439398,107264.0,107264.0,62722.058824,62722.058824,12.0,12.0,26.0,26.0,2.907047166840282,6.298602194820611,0.0,0.0,0.0,5.0,5.0,0.4166666666666667,31034.0,31034.0,2586.1666666666665,2013-02-11,2013-02-11,2023-06-05,2023-06-05,17.0,17.0,2026-07-31,2026-07-31,EDLDB.CDM.CUSTOMER_AGGREGATE_SNAPSHOT,EDLDB.MRCH_SANDBOX.CBSA_ZIPCODE_MAPPING,EDLDB.MRCH_SANDBOX.MEDIAN_HOUSEHOLD_INCOME_ZIPCODE,EDLDB.MRCH_SANDBOX.CLINIC_PROFILE,EDLDB.MRCH_SANDBOX.CBSA_POPULATION,"active_customer_yoy_growth, active_customers_per_1000_households, clinic_orders_per_clinic, clinics_per_10000_households, corporate_clinic_share, practice_hub_clinic_share, veterinarians_per_10000_households",Hypothesis,True,market-attractiveness-synthetic-v1,1.0,SYNTHETIC_COMPLETE,prototype_ready,synthetic_prototype_only
proto:96b38ea1bf,,"Decatur, AL","Decatur, AL",metropolitan,2026-07-31,2025-07-31,5482,6439.0,-0.148626,-0.006101,70095.0,70095.0,78.20814608745275,156377.0,156377.0,49395.47619,49395.47619,18.0,18.0,26.0,26.0,2.567943505242885,3.7092517297952776,0.0,0.0,0.0,3.0,3.0,0.16666666666666666,17859.0,17859.0,992.1666666666666,2012-11-22,2012-11-22,2023-10-11,2023-10-11,21.0,21.0,2026-07-31,2026-07-31,EDLDB.CDM.CUSTOMER_AGGREGATE_SNAPSHOT,EDLDB.MRCH_SANDBOX.CBSA_ZIPCODE_MAPPING,EDLDB.MRCH_SANDBOX.MEDIAN_HOUSEHOLD_INCOME_ZIPCODE,EDLDB.MRCH_SANDBOX.CLINIC_PROFILE,EDLDB.MRCH_SANDBOX.CBSA_POPULATION,"active_customer_yoy_growth, active_customers_per_1000_households, clinic_orders_per_clinic, clinics_per_10000_households, corporate_clinic_share, practice_hub_clinic_share, veterinarians_per_10000_households",Hypothesis,True,market-attractiveness-synthetic-v1,1.0,SYNTHETIC_COMPLETE,prototype_ready,synthetic_prototype_only
proto:977cc8f7d6,,"Helena, MT","Helena, MT",micropolitan,2026-07-31,2025-07-31,5472,6202.0,-0.117704,0.054434,33220.0,33220.0,164.72004816375676,90179.0,90179.0,58866.533333,58866.533333,14.0,14.0,30.0,30.0,4.214328717639976,9.030704394942806,0.0,0.0,0.0,8.0,8.0,0.5714285714285714,21579.0,21579.0,1541.357142857143,2013-10-31,2013-10-31,2023-08-15,2023-08-15,15.0,15.0,2026-07-31,2026-07-31,EDLDB.CDM.CUSTOMER_AGGREGATE_SNAPSHOT,EDLDB.MRCH_SANDBOX.CBSA_ZIPCODE_MAPPING,EDLDB.MRCH_SANDBOX.MEDIAN_HOUSEHOLD_INCOME_ZIPCODE,EDLDB.MRCH_SANDBOX.CLINIC_PROFILE,EDLDB.MRCH_SANDBOX.CBSA_POPULATION,"active_customer_yoy_growth, active_customers_per_1000_households, clinic_orders_per_clinic, clinics_per_10000_households, corporate_clinic_share, practice_hub_clinic_share, veterinarians_per_10000_households",Hypothesis,True,market-attractiveness-synthetic-v1,1.0,SYNTHETIC_COMPLETE,prototype_ready,synthetic_prototype_only
proto:1ad6e5bec3,,"Barre, VT","Barre, VT",micropolitan,2026-07-31,2025-07-31,5460,5984.0,-0.087567,0.092946,26039.0,26039.0,209.68547179231155,59757.0,59757.0,64590.541667,64590.541667,18.0,18.0,21.0,21.0,6.9127078612849955,8.064825838165829,0.0,0.0,0.0,7.0,7.0,0.3888888888888889,28409.0,28409.0,1578.2777777777778,2013-02-26,2013-02-26,2022-05-27,2022-05-27,24.0,24.0,2026-07-31,2026-07-31,EDLDB.CDM.CUSTOMER_AGGREGATE_SNAPSHOT,EDLDB.MRCH_SANDBOX.CBSA_ZIPCODE_MAPPING,EDLDB.MRCH_SANDBOX.MEDIAN_HOUSEHOLD_INCOME_ZIPCODE,EDLDB.MRCH_SANDBOX.CLINIC_PROFILE,EDLDB.MRCH_SANDBOX.CBSA_POPULATION,"active_customer_yoy_growth, active_customers_per_1000_households, clinic_orders_per_clinic, clinics_per_10000_households, corporate_clinic_share, practice_hub_clinic_share, veterinarians_per_10000_households",Hypothesis,True,market-attractiveness-synthetic-v1,1.0,SYNTHETIC_COMPLETE,prototype_ready,synthetic_prototype_only
proto:a3a383d029,,"Port Angeles, WA","Port Angeles, WA",micropolitan,2026-07-31,2025-07-31,5452,6190.0,-0.119225,0.052509,33851.0,33851.0,161.05875749608578,77367.0,77367.0,46194.444444,46194.444444,18.0,18.0,36.0,36.0,5.317420460252282,10.634840920504564,0.0,0.0,0.0,8.0,8.0,0.4444444444444444,37425.0,37425.0,2079.1666666666665,2013-06-05,2013-06-05,2023-03-26,2023-03-26,9.0,9.0,2026-07-31,2026-07-31,EDLDB.CDM.CUSTOMER_AGGREGATE_SNAPSHOT,EDLDB.MRCH_SANDBOX.CBSA_ZIPCODE_MAPPING,EDLDB.MRCH_SANDBOX.MEDIAN_HOUSEHOLD_INCOME_ZIPCODE,EDLDB.MRCH_SANDBOX.CLINIC_PROFILE,EDLDB.MRCH_SANDBOX.CBSA_POPULATION,"active_customer_yoy_growth, active_customers_per_1000_households, clinic_orders_per_clinic, clinics_per_10000_households, corporate_clinic_share, practice_hub_clinic_share, veterinarians_per_10000_households",Hypothesis,True,market-attractiveness-synthetic-v1,1.0,SYNTHETIC_COMPLETE,prototype_ready,synthetic_prototype_only
proto:d932e84370,,"Oneonta, NY","Oneonta, NY",micropolitan,2026-07-31,2025-07-31,5423,6004.0,-0.096769,0.084361,29125.0,29125.0,186.19742489270385,58373.0,58373.0,58069.6875,58069.6875,13.0,13.0,22.0,22.0,4.463519313304721,7.553648068669529,0.0,0.0,0.0,3.0,3.0,0.23076923076923078,30306.0,30306.0,2331.230769230769,2013-07-29,2013-07-29,2023-08-07,2023-08-07,32.0,32.0,2026-07-31,2026-07-31,EDLDB.CDM.CUSTOMER_AGGREGATE_SNAPSHOT,EDLDB.MRCH_SANDBOX.CBSA_ZIPCODE_MAPPING,EDLDB.MRCH_SANDBOX.MEDIAN_HOUSEHOLD_INCOME_ZIPCODE,EDLDB.MRCH_SANDBOX.CLINIC_PROFILE,EDLDB.MRCH_SANDBOX.CBSA_POPULATION,"active_customer_yoy_growth, active_customers_per_1000_households, clinic_orders_per_clinic, clinics_per_10000_households, corporate_clinic_share, practice_hub_clinic_share, veterinarians_per_10000_households",Hypothesis,True,market-attractiveness-synthetic-v1,1.0,SYNTHETIC_COMPLETE,prototype_ready,synthetic_prototype_only
proto:0062fa22b6,,"Parkersburg-Vienna, WV","Parkersburg-Vienna, WV",metropolitan,2026-07-31,2025-07-31,5409,6316.0,-0.143604,0.000296,41214.0,41214.0,131.24181103508516,89330.0,89330.0,48902.65,48902.65,6.0,6.0,16.0,16.0,1.4558159848595138,3.8821759596253704,0.0,0.0,0.0,0.0,0.0,0.0,17752.0,17752.0,2958.6666666666665,2013-06-03,2013-06-03,2022-04-13,2022-04-13,20.0,20.0,2026-07-31,2026-07-31,EDLDB.CDM.CUSTOMER_AGGREGATE_SNAPSHOT,EDLDB.MRCH_SANDBOX.CBSA_ZIPCODE_MAPPING,EDLDB.MRCH_SANDBOX.MEDIAN_HOUSEHOLD_INCOME_ZIPCODE,EDLDB.MRCH_SANDBOX.CLINIC_PROFILE,EDLDB.MRCH_SANDBOX.CBSA_POPULATION,"active_customer_yoy_growth, active_customers_per_1000_households, clinic_orders_per_clinic, clinics_per_10000_households, corporate_clinic_share, practice_hub_clinic_share, veterinarians_per_10000_households",Hypothesis,True,market-attractiveness-synthetic-v1,1.0,SYNTHETIC_COMPLETE,prototype_ready,synthetic_prototype_only
proto:f03410d297,,"Laconia, NH","Laconia, NH",micropolitan,2026-07-31,2025-07-31,5399,6100.0,-0.114918,0.058505,24514.0,24514.0,220.24149465611487,63776.0,63776.0,75842.615385,75842.615385,12.0,12.0,25.0,25.0,4.895161948274456,10.198254058905116,0.0,0.0,0.0,5.0,5.0,0.4166666666666667,22048.0,22048.0,1837.3333333333333,2012-11-26,2012-11-26,2020-12-13,2020-12-13,13.0,13.0,2026-07-31,2026-07-31,EDLDB.CDM.CUSTOMER_AGGREGATE_SNAPSHOT,EDLDB.MRCH_SANDBOX.CBSA_ZIPCODE_MAPPING,EDLDB.MRCH_SANDBOX.MEDIAN_HOUSEHOLD_INCOME_ZIPCODE,EDLDB.MRCH_SANDBOX.CLINIC_PROFILE,EDLDB.MRCH_SANDBOX.CBSA_POPULATION,"active_customer_yoy_growth, active_customers_per_1000_households, clinic_orders_per_clinic, clinics_per_10000_households, corporate_clinic_share, practice_hub_clinic_share, veterinarians_per_10000_households",Hypothesis,True,market-attractiveness-synthetic-v1,1.0,SYNTHETIC_COMPLETE,prototype_ready,synthetic_prototype_only
proto:c9b5897556,,"Rutland, VT","Rutland, VT",micropolitan,2026-07-31,2025-07-31,5377,5996.0,-0.103235,0.076135,26598.0,26598.0,202.15805699676667,60484.0,60484.0,59109.777778,59109.777778,14.0,14.0,23.0,23.0,5.263553650650425,8.64726671178284,0.0,0.0,0.0,7.0,7.0,0.5,21504.0,21504.0,1536.0,2012-10-26,2012-10-26,2023-06-27,2023-06-27,27.0,27.0,2026-07-31,2026-07-31,EDLDB.CDM.CUSTOMER_AGGREGATE_SNAPSHOT,EDLDB.MRCH_SANDBOX.CBSA_ZIPCODE_MAPPING,EDLDB.MRCH_SANDBOX.MEDIAN_HOUSEHOLD_INCOME_ZIPCODE,EDLDB.MRCH_SANDBOX.CLINIC_PROFILE,EDLDB.MRCH_SANDBOX.CBSA_POPULATION,"active_customer_yoy_growth, active_customers_per_1000_households, clinic_orders_per_clinic, clinics_per_10000_households, corporate_clinic_share, practice_hub_clinic_share, veterinarians_per_10000_households",Hypothesis,True,market-attractiveness-synthetic-v1,1.0,SYNTHETIC_COMPLETE,prototype_ready,synthetic_prototype_only
proto:756a13e7f6,,"Richmond-Berea, KY","Richmond-Berea, KY",micropolitan,2026-07-31,2025-07-31,5357,6230.0,-0.140128,0.027335,50687.0,50687.0,105.68784895535345,123213.0,123213.0,43471.0,43471.0,13.0,13.0,21.0,21.0,2.5647601949217744,4.143074161027482,0.0,0.0,0.0,7.0,7.0,0.5384615384615384,25395.0,25395.0,1953.4615384615386,2012-11-13,2012-11-13,2022-09-23,2022-09-23,9.0,9.0,2026-07-31,2026-07-31,EDLDB.CDM.CUSTOMER_AGGREGATE_SNAPSHOT,EDLDB.MRCH_SANDBOX.CBSA_ZIPCODE_MAPPING,EDLDB.MRCH_SANDBOX.MEDIAN_HOUSEHOLD_INCOME_ZIPCODE,EDLDB.MRCH_SANDBOX.CLINIC_PROFILE,EDLDB.MRCH_SANDBOX.CBSA_POPULATION,"active_customer_yoy_growth, active_customers_per_1000_households, clinic_orders_per_clinic, clinics_per_10000_households, corporate_clinic_share, practice_hub_clinic_share, veterinarians_per_10000_households",Hypothesis,True,market-attractiveness-synthetic-v1,1.0,SYNTHETIC_COMPLETE,prototype_ready,synthetic_prototype_only
proto:0fbffc3a82,,"DuBois, PA","DuBois, PA",micropolitan,2026-07-31,2025-07-31,5356,6023.0,-0.110742,0.064754,33915.0,33915.0,157.92422232050714,80432.0,80432.0,47986.261905,47986.261905,7.0,7.0,13.0,13.0,2.063983488132095,3.833112192245319,0.0,0.0,0.0,3.0,3.0,0.42857142857142855,13729.0,13729.0,1961.2857142857142,2013-07-06,2013-07-06,2015-02-24,2015-02-24,42.0,42.0,2026-07-31,2026-07-31,EDLDB.CDM.CUSTOMER_AGGREGATE_SNAPSHOT,EDLDB.MRCH_SANDBOX.CBSA_ZIPCODE_MAPPING,EDLDB.MRCH_SANDBOX.MEDIAN_HOUSEHOLD_INCOME_ZIPCODE,EDLDB.MRCH_SANDBOX.CLINIC_PROFILE,EDLDB.MRCH_SANDBOX.CBSA_POPULATION,"active_customer_yoy_growth, active_customers_per_1000_households, clinic_orders_per_clinic, clinics_per_10000_households, corporate_clinic_share, practice_hub_clinic_share, veterinarians_per_10000_households",Hypothesis,True,market-attractiveness-synthetic-v1,1.0,SYNTHETIC_COMPLETE,prototype_ready,synthetic_prototype_only
proto:c8210b1b37,,"Stevens Point, WI","Stevens Point, WI",micropolitan,2026-07-31,2025-07-31,5343,6115.0,-0.126247,0.043467,37262.0,37262.0,143.39004884332564,70405.0,70405.0,65145.642857,65145.642857,9.0,9.0,19.0,19.0,2.415329289893189,5.099028500885621,0.0,0.0,0.0,2.0,2.0,0.2222222222222222,19716.0,19716.0,2190.6666666666665,2012-10-28,2012-10-28,2023-06-05,2023-06-05,14.0,14.0,2026-07-31,2026-07-31,EDLDB.CDM.CUSTOMER_AGGREGATE_SNAPSHOT,EDLDB.MRCH_SANDBOX.CBSA_ZIPCODE_MAPPING,EDLDB.MRCH_SANDBOX.MEDIAN_HOUSEHOLD_INCOME_ZIPCODE,EDLDB.MRCH_SANDBOX.CLINIC_PROFILE,EDLDB.MRCH_SANDBOX.CBSA_POPULATION,"active_customer_yoy_growth, active_customers_per_1000_households, clinic_orders_per_clinic, clinics_per_10000_households, corporate_clinic_share, practice_hub_clinic_share, veterinarians_per_10000_households",Hypothesis,True,market-attractiveness-synthetic-v1,1.0,SYNTHETIC_COMPLETE,prototype_ready,synthetic_prototype_only
proto:987303bf3e,,"Sioux City, IA-NE-SD","Sioux City, IA-NE-SD",metropolitan,2026-07-31,2025-07-31,5309,6173.0,-0.139964,0.006996,65015.0,65015.0,81.6580789048681,144326.0,144326.0,63596.156863,63596.156863,15.0,15.0,24.0,24.0,2.3071598861801124,3.6914558178881793,0.0,0.0,0.0,1.0,1.0,0.06666666666666667,13830.0,13830.0,922.0,2014-02-03,2014-02-03,2023-08-15,2023-08-15,51.0,51.0,2026-07-31,2026-07-31,EDLDB.CDM.CUSTOMER_AGGREGATE_SNAPSHOT,EDLDB.MRCH_SANDBOX.CBSA_ZIPCODE_MAPPING,EDLDB.MRCH_SANDBOX.MEDIAN_HOUSEHOLD_INCOME_ZIPCODE,EDLDB.MRCH_SANDBOX.CLINIC_PROFILE,EDLDB.MRCH_SANDBOX.CBSA_POPULATION,"active_customer_yoy_growth, active_customers_per_1000_households, clinic_orders_per_clinic, clinics_per_10000_households, corporate_clinic_share, practice_hub_clinic_share, veterinarians_per_10000_households",Hypothesis,True,market-attractiveness-synthetic-v1,1.0,SYNTHETIC_COMPLETE,prototype_ready,synthetic_prototype_only
proto:81f8fff60e,,"Abilene, TX","Abilene, TX",metropolitan,2026-07-31,2025-07-31,5284,6260.0,-0.155911,-0.020759,66636.0,66636.0,79.29647637913439,176883.0,176883.0,51229.0,51229.0,27.0,27.0,36.0,36.0,4.051863857374392,5.4024851431658565,0.0,0.0,0.0,8.0,8.0,0.2962962962962963,23214.0,23214.0,859.7777777777778,2012-12-19,2012-12-19,2022-06-20,2022-06-20,31.0,31.0,2026-07-31,2026-07-31,EDLDB.CDM.CUSTOMER_AGGREGATE_SNAPSHOT,EDLDB.MRCH_SANDBOX.CBSA_ZIPCODE_MAPPING,EDLDB.MRCH_SANDBOX.MEDIAN_HOUSEHOLD_INCOME_ZIPCODE,EDLDB.MRCH_SANDBOX.CLINIC_PROFILE,EDLDB.MRCH_SANDBOX.CBSA_POPULATION,"active_customer_yoy_growth, active_customers_per_1000_households, clinic_orders_per_clinic, clinics_per_10000_households, corporate_clinic_share, practice_hub_clinic_share, veterinarians_per_10000_households",Hypothesis,True,market-attractiveness-synthetic-v1,1.0,SYNTHETIC_COMPLETE,prototype_ready,synthetic_prototype_only
proto:b88da6c20e,,"Lake Charles, LA","Lake Charles, LA",metropolitan,2026-07-31,2025-07-31,5282,6204.0,-0.148614,-0.005746,85733.0,85733.0,61.6098818424644,254314.0,254314.0,48909.65,48909.65,24.0,24.0,51.0,51.0,2.7993888001119758,5.948701200237948,0.0,0.0,0.0,8.0,8.0,0.3333333333333333,23749.0,23749.0,989.5416666666666,2013-03-06,2013-03-06,2022-09-17,2022-09-17,20.0,20.0,2026-07-31,2026-07-31,EDLDB.CDM.CUSTOMER_AGGREGATE_SNAPSHOT,EDLDB.MRCH_SANDBOX.CBSA_ZIPCODE_MAPPING,EDLDB.MRCH_SANDBOX.MEDIAN_HOUSEHOLD_INCOME_ZIPCODE,EDLDB.MRCH_SANDBOX.CLINIC_PROFILE,EDLDB.MRCH_SANDBOX.CBSA_POPULATION,"active_customer_yoy_growth, active_customers_per_1000_households, clinic_orders_per_clinic, clinics_per_10000_households, corporate_clinic_share, practice_hub_clinic_share, veterinarians_per_10000_households",Hypothesis,True,market-attractiveness-synthetic-v1,1.0,SYNTHETIC_COMPLETE,prototype_ready,synthetic_prototype_only
proto:5040694e78,,"Brownsville-Harlingen, TX","Brownsville-Harlingen, TX",metropolitan,2026-07-31,2025-07-31,5273,6289.0,-0.161552,-0.028116,126853.0,126853.0,41.567798948389076,421480.0,421480.0,43908.0625,43908.0625,24.0,24.0,39.0,39.0,1.891953678667434,3.07442472783458,0.0,0.0,0.0,7.0,7.0,0.2916666666666667,30877.0,30877.0,1286.5416666666667,2012-11-01,2012-11-01,2023-08-21,2023-08-21,16.0,16.0,2026-07-31,2026-07-31,EDLDB.CDM.CUSTOMER_AGGREGATE_SNAPSHOT,EDLDB.MRCH_SANDBOX.CBSA_ZIPCODE_MAPPING,EDLDB.MRCH_SANDBOX.MEDIAN_HOUSEHOLD_INCOME_ZIPCODE,EDLDB.MRCH_SANDBOX.CLINIC_PROFILE,EDLDB.MRCH_SANDBOX.CBSA_POPULATION,"active_customer_yoy_growth, active_customers_per_1000_households, clinic_orders_per_clinic, clinics_per_10000_households, corporate_clinic_share, practice_hub_clinic_share, veterinarians_per_10000_households",Hypothesis,True,market-attractiveness-synthetic-v1,1.0,SYNTHETIC_COMPLETE,prototype_ready,synthetic_prototype_only
proto:6210c147b7,,"Durango, CO","Durango, CO",micropolitan,2026-07-31,2025-07-31,5266,5843.0,-0.098751,0.080686,23245.0,23245.0,226.54334265433425,55673.0,55673.0,63080.5,63080.5,29.0,29.0,50.0,50.0,12.475801247580124,21.51000215100022,0.0,0.0,0.0,9.0,9.0,0.3103448275862069,34025.0,34025.0,1173.2758620689656,2012-10-29,2012-10-29,2023-11-27,2023-11-27,6.0,6.0,2026-07-31,2026-07-31,EDLDB.CDM.CUSTOMER_AGGREGATE_SNAPSHOT,EDLDB.MRCH_SANDBOX.CBSA_ZIPCODE_MAPPING,EDLDB.MRCH_SANDBOX.MEDIAN_HOUSEHOLD_INCOME_ZIPCODE,EDLDB.MRCH_SANDBOX.CLINIC_PROFILE,EDLDB.MRCH_SANDBOX.CBSA_POPULATION,"active_customer_yoy_growth, active_customers_per_1000_households, clinic_orders_per_clinic, clinics_per_10000_households, corporate_clinic_share, practice_hub_clinic_share, veterinarians_per_10000_households",Hypothesis,True,market-attractiveness-synthetic-v1,1.0,SYNTHETIC_COMPLETE,prototype_ready,synthetic_prototype_only
proto:d48c5bfaa7,,"Hattiesburg, MS","Hattiesburg, MS",metropolitan,2026-07-31,2025-07-31,5248,6375.0,-0.176784,-0.05432,83083.0,83083.0,63.165749912737866,154032.0,154032.0,44437.0,44437.0,13.0,13.0,27.0,27.0,1.5647003598810827,3.249762285906864,0.0,0.0,0.0,7.0,7.0,0.5384615384615384,16681.0,16681.0,1283.1538461538462,2013-12-08,2013-12-08,2023-06-09,2023-06-09,21.0,21.0,2026-07-31,2026-07-31,EDLDB.CDM.CUSTOMER_AGGREGATE_SNAPSHOT,EDLDB.MRCH_SANDBOX.CBSA_ZIPCODE_MAPPING,EDLDB.MRCH_SANDBOX.MEDIAN_HOUSEHOLD_INCOME_ZIPCODE,EDLDB.MRCH_SANDBOX.CLINIC_PROFILE,EDLDB.MRCH_SANDBOX.CBSA_POPULATION,"active_customer_yoy_growth, active_customers_per_1000_households, clinic_orders_per_clinic, clinics_per_10000_households, corporate_clinic_share, practice_hub_clinic_share, veterinarians_per_10000_households",Hypothesis,True,market-attractiveness-synthetic-v1,1.0,SYNTHETIC_COMPLETE,prototype_ready,synthetic_prototype_only
proto:e6d2207ed3,,"Grants Pass, OR","Grants Pass, OR",metropolitan,2026-07-31,2025-07-31,5238,5886.0,-0.110092,0.067371,37253.0,37253.0,140.6061256811532,88238.0,88238.0,39431.4,39431.4,17.0,17.0,32.0,32.0,4.563390867849569,8.589912221834483,0.0,0.0,0.0,2.0,2.0,0.11764705882352941,20866.0,20866.0,1227.4117647058824,2013-11-11,2013-11-11,2022-12-17,2022-12-17,10.0,10.0,2026-07-31,2026-07-31,EDLDB.CDM.CUSTOMER_AGGREGATE_SNAPSHOT,EDLDB.MRCH_SANDBOX.CBSA_ZIPCODE_MAPPING,EDLDB.MRCH_SANDBOX.MEDIAN_HOUSEHOLD_INCOME_ZIPCODE,EDLDB.MRCH_SANDBOX.CLINIC_PROFILE,EDLDB.MRCH_SANDBOX.CBSA_POPULATION,"active_customer_yoy_growth, active_customers_per_1000_households, clinic_orders_per_clinic, clinics_per_10000_households, corporate_clinic_share, practice_hub_clinic_share, veterinarians_per_10000_households",Hypothesis,True,market-attractiveness-synthetic-v1,1.0,SYNTHETIC_COMPLETE,prototype_ready,synthetic_prototype_only
proto:4b2a16abba,,"Corvallis, OR","Corvallis, OR",metropolitan,2026-07-31,2025-07-31,5193,5869.0,-0.115181,0.052312,33364.0,33364.0,155.6468049394557,95214.0,95214.0,53365.714286,53365.714286,29.0,29.0,82.0,82.0,8.692003356911641,24.577388802301883,0.0,0.0,0.0,7.0,7.0,0.2413793103448276,50192.0,50192.0,1730.7586206896551,2012-12-28,2012-12-28,2023-08-02,2023-08-02,7.0,7.0,2026-07-31,2026-07-31,EDLDB.CDM.CUSTOMER_AGGREGATE_SNAPSHOT,EDLDB.MRCH_SANDBOX.CBSA_ZIPCODE_MAPPING,EDLDB.MRCH_SANDBOX.MEDIAN_HOUSEHOLD_INCOME_ZIPCODE,EDLDB.MRCH_SANDBOX.CLINIC_PROFILE,EDLDB.MRCH_SANDBOX.CBSA_POPULATION,"active_customer_yoy_growth, active_customers_per_1000_households, clinic_orders_per_clinic, clinics_per_10000_households, corporate_clinic_share, practice_hub_clinic_share, veterinarians_per_10000_households",Hypothesis,True,market-attractiveness-synthetic-v1,1.0,SYNTHETIC_COMPLETE,prototype_ready,synthetic_prototype_only
proto:0c9b796666,,"Beckley, WV","Beckley, WV",metropolitan,2026-07-31,2025-07-31,5167,6239.0,-0.171822,-0.049323,54727.0,54727.0,94.4140917645769,114822.0,114822.0,29500.607143,29500.607143,10.0,10.0,25.0,25.0,1.8272516308220803,4.568129077055201,0.0,0.0,0.0,0.0,0.0,0.0,20156.0,20156.0,2015.6,2013-02-04,2013-02-04,2022-03-09,2022-03-09,84.0,84.0,2026-07-31,2026-07-31,EDLDB.CDM.CUSTOMER_AGGREGATE_SNAPSHOT,EDLDB.MRCH_SANDBOX.CBSA_ZIPCODE_MAPPING,EDLDB.MRCH_SANDBOX.MEDIAN_HOUSEHOLD_INCOME_ZIPCODE,EDLDB.MRCH_SANDBOX.CLINIC_PROFILE,EDLDB.MRCH_SANDBOX.CBSA_POPULATION,"active_customer_yoy_growth, active_customers_per_1000_households, clinic_orders_per_clinic, clinics_per_10000_households, corporate_clinic_share, practice_hub_clinic_share, veterinarians_per_10000_households",Hypothesis,True,market-attractiveness-synthetic-v1,1.0,SYNTHETIC_COMPLETE,prototype_ready,synthetic_prototype_only
proto:5741345172,,"Valdosta, GA","Valdosta, GA",metropolitan,2026-07-31,2025-07-31,5130,5968.0,-0.140416,0.00582,65449.0,65449.0,78.38164066677872,148338.0,148338.0,36867.5,36867.5,15.0,15.0,27.0,27.0,2.291860838209904,4.125349508777827,0.0,0.0,0.0,4.0,4.0,0.26666666666666666,24251.0,24251.0,1616.7333333333333,2012-12-04,2012-12-04,2023-09-06,2023-09-06,24.0,24.0,2026-07-31,2026-07-31,EDLDB.CDM.CUSTOMER_AGGREGATE_SNAPSHOT,EDLDB.MRCH_SANDBOX.CBSA_ZIPCODE_MAPPING,EDLDB.MRCH_SANDBOX.MEDIAN_HOUSEHOLD_INCOME_ZIPCODE,EDLDB.MRCH_SANDBOX.CLINIC_PROFILE,EDLDB.MRCH_SANDBOX.CBSA_POPULATION,"active_customer_yoy_growth, active_customers_per_1000_households, clinic_orders_per_clinic, clinics_per_10000_households, corporate_clinic_share, practice_hub_clinic_share, veterinarians_per_10000_households",Hypothesis,True,market-attractiveness-synthetic-v1,1.0,SYNTHETIC_COMPLETE,prototype_ready,synthetic_prototype_only
proto:0f6f490371,,"Oak Harbor, WA","Oak Harbor, WA",micropolitan,2026-07-31,2025-07-31,5112,5658.0,-0.096501,0.084928,27982.0,27982.0,182.68887141733973,86998.0,86998.0,66034.714286,66034.714286,15.0,15.0,22.0,22.0,5.36058895003931,7.862197126724323,0.0,0.0,0.0,8.0,8.0,0.5333333333333333,25890.0,25890.0,1726.0,2013-05-06,2013-05-06,2023-02-24,2023-02-24,7.0,7.0,2026-07-31,2026-07-31,EDLDB.CDM.CUSTOMER_AGGREGATE_SNAPSHOT,EDLDB.MRCH_SANDBOX.CBSA_ZIPCODE_MAPPING,EDLDB.MRCH_SANDBOX.MEDIAN_HOUSEHOLD_INCOME_ZIPCODE,EDLDB.MRCH_SANDBOX.CLINIC_PROFILE,EDLDB.MRCH_SANDBOX.CBSA_POPULATION,"active_customer_yoy_growth, active_customers_per_1000_households, clinic_orders_per_clinic, clinics_per_10000_households, corporate_clinic_share, practice_hub_clinic_share, veterinarians_per_10000_households",Hypothesis,True,market-attractiveness-synthetic-v1,1.0,SYNTHETIC_COMPLETE,prototype_ready,synthetic_prototype_only
proto:f12b8d40c6,,"Rocky Mount, NC","Rocky Mount, NC",metropolitan,2026-07-31,2025-07-31,5100,6027.0,-0.153808,-0.016008,72655.0,72655.0,70.19475603881358,222736.0,222736.0,46139.5,46139.5,13.0,13.0,38.0,38.0,1.7892780951070126,5.230197508774345,0.0,0.0,0.0,5.0,5.0,0.38461538461538464,17831.0,17831.0,1371.6153846153845,2013-11-29,2013-11-29,2022-07-25,2022-07-25,20.0,20.0,2026-07-31,2026-07-31,EDLDB.CDM.CUSTOMER_AGGREGATE_SNAPSHOT,EDLDB.MRCH_SANDBOX.CBSA_ZIPCODE_MAPPING,EDLDB.MRCH_SANDBOX.MEDIAN_HOUSEHOLD_INCOME_ZIPCODE,EDLDB.MRCH_SANDBOX.CLINIC_PROFILE,EDLDB.MRCH_SANDBOX.CBSA_POPULATION,"active_customer_yoy_growth, active_customers_per_1000_households, clinic_orders_per_clinic, clinics_per_10000_households, corporate_clinic_share, practice_hub_clinic_share, veterinarians_per_10000_households",Hypothesis,True,market-attractiveness-synthetic-v1,1.0,SYNTHETIC_COMPLETE,prototype_ready,synthetic_prototype_only
proto:fd81dcff09,,"Cheyenne, WY","Cheyenne, WY",metropolitan,2026-07-31,2025-07-31,5085,5871.0,-0.133878,0.015138,40345.0,40345.0,126.03792291485935,100730.0,100730.0,53740.153846,53740.153846,17.0,17.0,33.0,33.0,4.213657206593134,8.179452224563143,0.0,0.0,0.0,7.0,7.0,0.4117647058823529,22087.0,22087.0,1299.235294117647,2013-10-08,2013-10-08,2023-10-13,2023-10-13,13.0,13.0,2026-07-31,2026-07-31,EDLDB.CDM.CUSTOMER_AGGREGATE_SNAPSHOT,EDLDB.MRCH_SANDBOX.CBSA_ZIPCODE_MAPPING,EDLDB.MRCH_SANDBOX.MEDIAN_HOUSEHOLD_INCOME_ZIPCODE,EDLDB.MRCH_SANDBOX.CLINIC_PROFILE,EDLDB.MRCH_SANDBOX.CBSA_POPULATION,"active_customer_yoy_growth, active_customers_per_1000_households, clinic_orders_per_clinic, clinics_per_10000_households, corporate_clinic_share, practice_hub_clinic_share, veterinarians_per_10000_households",Hypothesis,True,market-attractiveness-synthetic-v1,1.0,SYNTHETIC_COMPLETE,prototype_ready,synthetic_prototype_only
proto:b4c1046181,,"Cookeville, TN","Cookeville, TN",micropolitan,2026-07-31,2025-07-31,5072,5881.0,-0.137562,0.031092,49448.0,49448.0,102.57239928814107,141738.0,141738.0,38934.736842,38934.736842,8.0,8.0,12.0,12.0,1.6178611875101117,2.4267917812651674,0.0,0.0,0.0,3.0,3.0,0.375,14079.0,14079.0,1759.875,2013-09-13,2013-09-13,2021-12-31,2021-12-31,19.0,19.0,2026-07-31,2026-07-31,EDLDB.CDM.CUSTOMER_AGGREGATE_SNAPSHOT,EDLDB.MRCH_SANDBOX.CBSA_ZIPCODE_MAPPING,EDLDB.MRCH_SANDBOX.MEDIAN_HOUSEHOLD_INCOME_ZIPCODE,EDLDB.MRCH_SANDBOX.CLINIC_PROFILE,EDLDB.MRCH_SANDBOX.CBSA_POPULATION,"active_customer_yoy_growth, active_customers_per_1000_households, clinic_orders_per_clinic, clinics_per_10000_households, corporate_clinic_share, practice_hub_clinic_share, veterinarians_per_10000_households",Hypothesis,True,market-attractiveness-synthetic-v1,1.0,SYNTHETIC_COMPLETE,prototype_ready,synthetic_prototype_only
proto:b030f5cb69,,"Florence-Muscle Shoals, AL","Florence-Muscle Shoals, AL",metropolitan,2026-07-31,2025-07-31,5032,5861.0,-0.141443,0.003416,68461.0,68461.0,73.5017016987774,151329.0,151329.0,49060.4375,49060.4375,13.0,13.0,23.0,23.0,1.8988913395948057,3.359576985436964,0.0,0.0,0.0,4.0,4.0,0.3076923076923077,18201.0,18201.0,1400.076923076923,2012-10-29,2012-10-29,2023-02-17,2023-02-17,16.0,16.0,2026-07-31,2026-07-31,EDLDB.CDM.CUSTOMER_AGGREGATE_SNAPSHOT,EDLDB.MRCH_SANDBOX.CBSA_ZIPCODE_MAPPING,EDLDB.MRCH_SANDBOX.MEDIAN_HOUSEHOLD_INCOME_ZIPCODE,EDLDB.MRCH_SANDBOX.CLINIC_PROFILE,EDLDB.MRCH_SANDBOX.CBSA_POPULATION,"active_customer_yoy_growth, active_customers_per_1000_households, clinic_orders_per_clinic, clinics_per_10000_households, corporate_clinic_share, practice_hub_clinic_share, veterinarians_per_10000_households",Hypothesis,True,market-attractiveness-synthetic-v1,1.0,SYNTHETIC_COMPLETE,prototype_ready,synthetic_prototype_only
proto:2e28ecaa84,,"Michigan City-La Porte, IN","Michigan City-La Porte, IN",metropolitan,2026-07-31,2025-07-31,5021,5919.0,-0.151715,-0.01218,42864.0,42864.0,117.13792459873088,112270.0,112270.0,62981.416667,62981.416667,16.0,16.0,28.0,28.0,3.732736095558044,6.532288167226577,0.0,0.0,0.0,4.0,4.0,0.25,23240.0,23240.0,1452.5,2013-05-21,2013-05-21,2023-08-22,2023-08-22,12.0,12.0,2026-07-31,2026-07-31,EDLDB.CDM.CUSTOMER_AGGREGATE_SNAPSHOT,EDLDB.MRCH_SANDBOX.CBSA_ZIPCODE_MAPPING,EDLDB.MRCH_SANDBOX.MEDIAN_HOUSEHOLD_INCOME_ZIPCODE,EDLDB.MRCH_SANDBOX.CLINIC_PROFILE,EDLDB.MRCH_SANDBOX.CBSA_POPULATION,"active_customer_yoy_growth, active_customers_per_1000_households, clinic_orders_per_clinic, clinics_per_10000_households, corporate_clinic_share, practice_hub_clinic_share, veterinarians_per_10000_households",Hypothesis,True,market-attractiveness-synthetic-v1,1.0,SYNTHETIC_COMPLETE,prototype_ready,synthetic_prototype_only
proto:14ca8a48ea,,"Muncie, IN","Muncie, IN",metropolitan,2026-07-31,2025-07-31,5013,5926.0,-0.154067,-0.017371,49635.0,49635.0,100.99728014505894,111762.0,111762.0,48121.375,48121.375,13.0,13.0,25.0,25.0,2.6191195728820387,5.036768409388536,0.0,0.0,0.0,3.0,3.0,0.23076923076923078,25040.0,25040.0,1926.1538461538462,2013-10-29,2013-10-29,2023-08-09,2023-08-09,16.0,16.0,2026-07-31,2026-07-31,EDLDB.CDM.CUSTOMER_AGGREGATE_SNAPSHOT,EDLDB.MRCH_SANDBOX.CBSA_ZIPCODE_MAPPING,EDLDB.MRCH_SANDBOX.MEDIAN_HOUSEHOLD_INCOME_ZIPCODE,EDLDB.MRCH_SANDBOX.CLINIC_PROFILE,EDLDB.MRCH_SANDBOX.CBSA_POPULATION,"active_customer_yoy_growth, active_customers_per_1000_households, clinic_orders_per_clinic, clinics_per_10000_households, corporate_clinic_share, practice_hub_clinic_share, veterinarians_per_10000_households",Hypothesis,True,market-attractiveness-synthetic-v1,1.0,SYNTHETIC_COMPLETE,prototype_ready,synthetic_prototype_only
proto:ceef3eeefd,,"Houma-Thibodaux, LA","Houma-Thibodaux, LA",metropolitan,2026-07-31,2025-07-31,5013,5980.0,-0.161706,-0.029418,77115.0,77115.0,65.00680801400506,206859.0,206859.0,52310.666667,52310.666667,16.0,16.0,28.0,28.0,2.0748233158270115,3.6309408026972703,0.0,0.0,0.0,0.0,0.0,0.0,19151.0,19151.0,1196.9375,2013-04-11,2013-04-11,2021-04-08,2021-04-08,21.0,21.0,2026-07-31,2026-07-31,EDLDB.CDM.CUSTOMER_AGGREGATE_SNAPSHOT,EDLDB.MRCH_SANDBOX.CBSA_ZIPCODE_MAPPING,EDLDB.MRCH_SANDBOX.MEDIAN_HOUSEHOLD_INCOME_ZIPCODE,EDLDB.MRCH_SANDBOX.CLINIC_PROFILE,EDLDB.MRCH_SANDBOX.CBSA_POPULATION,"active_customer_yoy_growth, active_customers_per_1000_households, clinic_orders_per_clinic, clinics_per_10000_households, corporate_clinic_share, practice_hub_clinic_share, veterinarians_per_10000_households",Hypothesis,True,market-attractiveness-synthetic-v1,1.0,SYNTHETIC_COMPLETE,prototype_ready,synthetic_prototype_only
proto:797ae04287,,"Yuma, AZ","Yuma, AZ",metropolitan,2026-07-31,2025-07-31,4999,5888.0,-0.150985,-0.010193,74642.0,74642.0,66.97301787197556,205659.0,205659.0,42987.8,42987.8,13.0,13.0,34.0,34.0,1.7416467940301705,4.555076230540446,0.0,0.0,0.0,3.0,3.0,0.23076923076923078,36711.0,36711.0,2823.923076923077,2013-01-14,2013-01-14,2023-10-27,2023-10-27,10.0,10.0,2026-07-31,2026-07-31,EDLDB.CDM.CUSTOMER_AGGREGATE_SNAPSHOT,EDLDB.MRCH_SANDBOX.CBSA_ZIPCODE_MAPPING,EDLDB.MRCH_SANDBOX.MEDIAN_HOUSEHOLD_INCOME_ZIPCODE,EDLDB.MRCH_SANDBOX.CLINIC_PROFILE,EDLDB.MRCH_SANDBOX.CBSA_POPULATION,"active_customer_yoy_growth, active_customers_per_1000_households, clinic_orders_per_clinic, clinics_per_10000_households, corporate_clinic_share, practice_hub_clinic_share, veterinarians_per_10000_households",Hypothesis,True,market-attractiveness-synthetic-v1,1.0,SYNTHETIC_COMPLETE,prototype_ready,synthetic_prototype_only
proto:c1aeb84afd,,"Corning, NY","Corning, NY",micropolitan,2026-07-31,2025-07-31,4923,5588.0,-0.119005,0.053223,30628.0,30628.0,160.73527491184535,93309.0,93309.0,50974.655172,50974.655172,13.0,13.0,17.0,17.0,4.244482173174872,5.550476687997911,0.0,0.0,0.0,5.0,5.0,0.38461538461538464,11489.0,11489.0,883.7692307692307,2012-11-02,2012-11-02,2023-10-25,2023-10-25,29.0,29.0,2026-07-31,2026-07-31,EDLDB.CDM.CUSTOMER_AGGREGATE_SNAPSHOT,EDLDB.MRCH_SANDBOX.CBSA_ZIPCODE_MAPPING,EDLDB.MRCH_SANDBOX.MEDIAN_HOUSEHOLD_INCOME_ZIPCODE,EDLDB.MRCH_SANDBOX.CLINIC_PROFILE,EDLDB.MRCH_SANDBOX.CBSA_POPULATION,"active_customer_yoy_growth, active_customers_per_1000_households, clinic_orders_per_clinic, clinics_per_10000_households, corporate_clinic_share, practice_hub_clinic_share, veterinarians_per_10000_households",Hypothesis,True,market-attractiveness-synthetic-v1,1.0,SYNTHETIC_COMPLETE,prototype_ready,synthetic_prototype_only
proto:5797751731,,"Decatur, IL","Decatur, IL",metropolitan,2026-07-31,2025-07-31,4852,5643.0,-0.140174,0.006115,48115.0,48115.0,100.84173334718903,103752.0,103752.0,59021.791667,59021.791667,13.0,13.0,25.0,25.0,2.7018601267795908,5.19588485919152,0.0,0.0,0.0,4.0,4.0,0.3076923076923077,18089.0,18089.0,1391.4615384615386,2013-01-20,2013-01-20,2020-10-09,2020-10-09,24.0,24.0,2026-07-31,2026-07-31,EDLDB.CDM.CUSTOMER_AGGREGATE_SNAPSHOT,EDLDB.MRCH_SANDBOX.CBSA_ZIPCODE_MAPPING,EDLDB.MRCH_SANDBOX.MEDIAN_HOUSEHOLD_INCOME_ZIPCODE,EDLDB.MRCH_SANDBOX.CLINIC_PROFILE,EDLDB.MRCH_SANDBOX.CBSA_POPULATION,"active_customer_yoy_growth, active_customers_per_1000_households, clinic_orders_per_clinic, clinics_per_10000_households, corporate_clinic_share, practice_hub_clinic_share, veterinarians_per_10000_households",Hypothesis,True,market-attractiveness-synthetic-v1,1.0,SYNTHETIC_COMPLETE,prototype_ready,synthetic_prototype_only
proto:c53b86d37f,,"Olean, NY","Olean, NY",micropolitan,2026-07-31,2025-07-31,4794,5527.0,-0.132622,0.036451,32605.0,32605.0,147.03266370188624,76974.0,76974.0,43042.5,43042.5,11.0,11.0,14.0,14.0,3.373715687777948,4.293819966262843,0.0,0.0,0.0,1.0,1.0,0.09090909090909091,10062.0,10062.0,914.7272727272727,2012-11-17,2012-11-17,2023-07-02,2023-07-02,28.0,28.0,2026-07-31,2026-07-31,EDLDB.CDM.CUSTOMER_AGGREGATE_SNAPSHOT,EDLDB.MRCH_SANDBOX.CBSA_ZIPCODE_MAPPING,EDLDB.MRCH_SANDBOX.MEDIAN_HOUSEHOLD_INCOME_ZIPCODE,EDLDB.MRCH_SANDBOX.CLINIC_PROFILE,EDLDB.MRCH_SANDBOX.CBSA_POPULATION,"active_customer_yoy_growth, active_customers_per_1000_households, clinic_orders_per_clinic, clinics_per_10000_households, corporate_clinic_share, practice_hub_clinic_share, veterinarians_per_10000_households",Hypothesis,True,market-attractiveness-synthetic-v1,1.0,SYNTHETIC_COMPLETE,prototype_ready,synthetic_prototype_only
proto:8a7336d21b,,"Jonesboro, AR","Jonesboro, AR",metropolitan,2026-07-31,2025-07-31,4783,5827.0,-0.179166,-0.0585,73883.0,73883.0,64.73749035637427,180437.0,180437.0,40941.76,40941.76,10.0,10.0,18.0,18.0,1.3534913308880256,2.436284395598446,0.0,0.0,0.0,6.0,6.0,0.6,21525.0,21525.0,2152.5,2012-11-07,2012-11-07,2018-03-06,2018-03-06,25.0,25.0,2026-07-31,2026-07-31,EDLDB.CDM.CUSTOMER_AGGREGATE_SNAPSHOT,EDLDB.MRCH_SANDBOX.CBSA_ZIPCODE_MAPPING,EDLDB.MRCH_SANDBOX.MEDIAN_HOUSEHOLD_INCOME_ZIPCODE,EDLDB.MRCH_SANDBOX.CLINIC_PROFILE,EDLDB.MRCH_SANDBOX.CBSA_POPULATION,"active_customer_yoy_growth, active_customers_per_1000_households, clinic_orders_per_clinic, clinics_per_10000_households, corporate_clinic_share, practice_hub_clinic_share, veterinarians_per_10000_households",Hypothesis,True,market-attractiveness-synthetic-v1,1.0,SYNTHETIC_COMPLETE,prototype_ready,synthetic_prototype_only
proto:5b2cba58a1,,"Wichita Falls, TX","Wichita Falls, TX",metropolitan,2026-07-31,2025-07-31,4756,5714.0,-0.167658,-0.037015,62126.0,62126.0,76.55409973280108,148433.0,148433.0,55845.478261,55845.478261,17.0,17.0,26.0,26.0,2.7363744647973474,4.185043299101825,0.0,0.0,0.0,3.0,3.0,0.17647058823529413,17625.0,17625.0,1036.764705882353,2013-08-29,2013-08-29,2021-02-11,2021-02-11,23.0,23.0,2026-07-31,2026-07-31,EDLDB.CDM.CUSTOMER_AGGREGATE_SNAPSHOT,EDLDB.MRCH_SANDBOX.CBSA_ZIPCODE_MAPPING,EDLDB.MRCH_SANDBOX.MEDIAN_HOUSEHOLD_INCOME_ZIPCODE,EDLDB.MRCH_SANDBOX.CLINIC_PROFILE,EDLDB.MRCH_SANDBOX.CBSA_POPULATION,"active_customer_yoy_growth, active_customers_per_1000_households, clinic_orders_per_clinic, clinics_per_10000_households, corporate_clinic_share, practice_hub_clinic_share, veterinarians_per_10000_households",Hypothesis,True,market-attractiveness-synthetic-v1,1.0,SYNTHETIC_COMPLETE,prototype_ready,synthetic_prototype_only
proto:3b7a194e27,,"Tullahoma-Manchester, TN","Tullahoma-Manchester, TN",micropolitan,2026-07-31,2025-07-31,4748,5609.0,-0.153503,0.006117,49979.0,49979.0,94.99989995798236,64609.0,64609.0,47624.625,47624.625,17.0,17.0,28.0,28.0,3.401428600012005,5.602352988255067,1.0,1.0,0.058823529411764705,4.0,4.0,0.23529411764705882,14315.0,14315.0,842.0588235294117,2013-03-06,2013-03-06,2023-05-31,2023-05-31,16.0,16.0,2026-07-31,2026-07-31,EDLDB.CDM.CUSTOMER_AGGREGATE_SNAPSHOT,EDLDB.MRCH_SANDBOX.CBSA_ZIPCODE_MAPPING,EDLDB.MRCH_SANDBOX.MEDIAN_HOUSEHOLD_INCOME_ZIPCODE,EDLDB.MRCH_SANDBOX.CLINIC_PROFILE,EDLDB.MRCH_SANDBOX.CBSA_POPULATION,"active_customer_yoy_growth, active_customers_per_1000_households, clinic_orders_per_clinic, clinics_per_10000_households, corporate_clinic_share, practice_hub_clinic_share, veterinarians_per_10000_households",Hypothesis,True,market-attractiveness-synthetic-v1,1.0,SYNTHETIC_COMPLETE,prototype_ready,synthetic_prototype_only
proto:1c778d891c,,"Dalton, GA","Dalton, GA",metropolitan,2026-07-31,2025-07-31,4707,5752.0,-0.181676,-0.060988,61411.0,61411.0,76.6475061471072,142796.0,142796.0,49895.75,49895.75,11.0,11.0,20.0,20.0,1.7912100438032272,3.256745534187686,0.0,0.0,0.0,4.0,4.0,0.36363636363636365,15632.0,15632.0,1421.090909090909,2013-03-02,2013-03-02,2021-10-18,2021-10-18,12.0,12.0,2026-07-31,2026-07-31,EDLDB.CDM.CUSTOMER_AGGREGATE_SNAPSHOT,EDLDB.MRCH_SANDBOX.CBSA_ZIPCODE_MAPPING,EDLDB.MRCH_SANDBOX.MEDIAN_HOUSEHOLD_INCOME_ZIPCODE,EDLDB.MRCH_SANDBOX.CLINIC_PROFILE,EDLDB.MRCH_SANDBOX.CBSA_POPULATION,"active_customer_yoy_growth, active_customers_per_1000_households, clinic_orders_per_clinic, clinics_per_10000_households, corporate_clinic_share, practice_hub_clinic_share, veterinarians_per_10000_households",Hypothesis,True,market-attractiveness-synthetic-v1,1.0,SYNTHETIC_COMPLETE,prototype_ready,synthetic_prototype_only
proto:6258123158,,"Carson City, NV","Carson City, NV",metropolitan,2026-07-31,2025-07-31,4673,5279.0,-0.114794,0.05332,30463.0,30463.0,153.399205593671,58686.0,58686.0,55684.333333,55684.333333,6.0,6.0,17.0,17.0,1.9696024685684272,5.580540327610544,0.0,0.0,0.0,2.0,2.0,0.3333333333333333,21785.0,21785.0,3630.8333333333335,2012-11-02,2012-11-02,2021-06-17,2021-06-17,6.0,6.0,2026-07-31,2026-07-31,EDLDB.CDM.CUSTOMER_AGGREGATE_SNAPSHOT,EDLDB.MRCH_SANDBOX.CBSA_ZIPCODE_MAPPING,EDLDB.MRCH_SANDBOX.MEDIAN_HOUSEHOLD_INCOME_ZIPCODE,EDLDB.MRCH_SANDBOX.CLINIC_PROFILE,EDLDB.MRCH_SANDBOX.CBSA_POPULATION,"active_customer_yoy_growth, active_customers_per_1000_households, clinic_orders_per_clinic, clinics_per_10000_households, corporate_clinic_share, practice_hub_clinic_share, veterinarians_per_10000_households",Hypothesis,True,market-attractiveness-synthetic-v1,1.0,SYNTHETIC_COMPLETE,prototype_ready,synthetic_prototype_only
proto:76ee4b2861,,"Sunbury, PA","Sunbury, PA",micropolitan,2026-07-31,2025-07-31,4653,5288.0,-0.120083,0.051107,27637.0,27637.0,168.3612548395267,109676.0,109676.0,46306.736842,46306.736842,7.0,7.0,23.0,23.0,2.5328364149509714,8.322176791981763,0.0,0.0,0.0,3.0,3.0,0.42857142857142855,29718.0,29718.0,4245.428571428572,2012-10-22,2012-10-22,2022-08-20,2022-08-20,19.0,19.0,2026-07-31,2026-07-31,EDLDB.CDM.CUSTOMER_AGGREGATE_SNAPSHOT,EDLDB.MRCH_SANDBOX.CBSA_ZIPCODE_MAPPING,EDLDB.MRCH_SANDBOX.MEDIAN_HOUSEHOLD_INCOME_ZIPCODE,EDLDB.MRCH_SANDBOX.CLINIC_PROFILE,EDLDB.MRCH_SANDBOX.CBSA_POPULATION,"active_customer_yoy_growth, active_customers_per_1000_households, clinic_orders_per_clinic, clinics_per_10000_households, corporate_clinic_share, practice_hub_clinic_share, veterinarians_per_10000_households",Hypothesis,True,market-attractiveness-synthetic-v1,1.0,SYNTHETIC_COMPLETE,prototype_ready,synthetic_prototype_only
proto:7d45bbb387,,"Holland, MI","Holland, MI",micropolitan,2026-07-31,2025-07-31,4646,5409.0,-0.141061,0.025467,31076.0,31076.0,149.50444072596216,120669.0,120669.0,60408.714286,60408.714286,22.0,22.0,31.0,31.0,7.07941820054061,9.975543828034496,1.0,1.0,0.045454545454545456,8.0,8.0,0.36363636363636365,25964.0,25964.0,1180.1818181818182,2012-10-17,2012-10-17,2022-08-10,2022-08-10,14.0,14.0,2026-07-31,2026-07-31,EDLDB.CDM.CUSTOMER_AGGREGATE_SNAPSHOT,EDLDB.MRCH_SANDBOX.CBSA_ZIPCODE_MAPPING,EDLDB.MRCH_SANDBOX.MEDIAN_HOUSEHOLD_INCOME_ZIPCODE,EDLDB.MRCH_SANDBOX.CLINIC_PROFILE,EDLDB.MRCH_SANDBOX.CBSA_POPULATION,"active_customer_yoy_growth, active_customers_per_1000_households, clinic_orders_per_clinic, clinics_per_10000_households, corporate_clinic_share, practice_hub_clinic_share, veterinarians_per_10000_households",Hypothesis,True,market-attractiveness-synthetic-v1,1.0,SYNTHETIC_COMPLETE,prototype_ready,synthetic_prototype_only
proto:0269e7cdf2,,"Ukiah, CA","Ukiah, CA",micropolitan,2026-07-31,2025-07-31,4618,5223.0,-0.115834,0.057197,32976.0,32976.0,140.04124211547793,91367.0,91367.0,45909.958333,45909.958333,20.0,20.0,23.0,23.0,6.065016982047549,6.974769529354682,0.0,0.0,0.0,6.0,6.0,0.3,16586.0,16586.0,829.3,2012-11-19,2012-11-19,2022-10-10,2022-10-10,24.0,24.0,2026-07-31,2026-07-31,EDLDB.CDM.CUSTOMER_AGGREGATE_SNAPSHOT,EDLDB.MRCH_SANDBOX.CBSA_ZIPCODE_MAPPING,EDLDB.MRCH_SANDBOX.MEDIAN_HOUSEHOLD_INCOME_ZIPCODE,EDLDB.MRCH_SANDBOX.CLINIC_PROFILE,EDLDB.MRCH_SANDBOX.CBSA_POPULATION,"active_customer_yoy_growth, active_customers_per_1000_households, clinic_orders_per_clinic, clinics_per_10000_households, corporate_clinic_share, practice_hub_clinic_share, veterinarians_per_10000_households",Hypothesis,True,market-attractiveness-synthetic-v1,1.0,SYNTHETIC_COMPLETE,prototype_ready,synthetic_prototype_only
proto:e508023e09,,"Owensboro, KY","Owensboro, KY",metropolitan,2026-07-31,2025-07-31,4613,5427.0,-0.149991,-0.007919,52451.0,52451.0,87.94875216869077,112541.0,112541.0,51336.055556,51336.055556,12.0,12.0,25.0,25.0,2.2878496120188365,4.766353358372577,0.0,0.0,0.0,4.0,4.0,0.3333333333333333,25039.0,25039.0,2086.5833333333335,2012-10-28,2012-10-28,2023-08-04,2023-08-04,18.0,18.0,2026-07-31,2026-07-31,EDLDB.CDM.CUSTOMER_AGGREGATE_SNAPSHOT,EDLDB.MRCH_SANDBOX.CBSA_ZIPCODE_MAPPING,EDLDB.MRCH_SANDBOX.MEDIAN_HOUSEHOLD_INCOME_ZIPCODE,EDLDB.MRCH_SANDBOX.CLINIC_PROFILE,EDLDB.MRCH_SANDBOX.CBSA_POPULATION,"active_customer_yoy_growth, active_customers_per_1000_households, clinic_orders_per_clinic, clinics_per_10000_households, corporate_clinic_share, practice_hub_clinic_share, veterinarians_per_10000_households",Hypothesis,True,market-attractiveness-synthetic-v1,1.0,SYNTHETIC_COMPLETE,prototype_ready,synthetic_prototype_only
proto:16956b8bbb,,"Paducah, KY-IL","Paducah, KY-IL",micropolitan,2026-07-31,2025-07-31,4604,5428.0,-0.151805,0.009396,46267.0,46267.0,99.50936952903798,103441.0,103441.0,45811.173913,45811.173913,14.0,14.0,19.0,19.0,3.025914798884734,4.106598655629282,0.0,0.0,0.0,3.0,3.0,0.21428571428571427,9247.0,9247.0,660.5,2012-10-24,2012-10-24,2023-09-11,2023-09-11,23.0,23.0,2026-07-31,2026-07-31,EDLDB.CDM.CUSTOMER_AGGREGATE_SNAPSHOT,EDLDB.MRCH_SANDBOX.CBSA_ZIPCODE_MAPPING,EDLDB.MRCH_SANDBOX.MEDIAN_HOUSEHOLD_INCOME_ZIPCODE,EDLDB.MRCH_SANDBOX.CLINIC_PROFILE,EDLDB.MRCH_SANDBOX.CBSA_POPULATION,"active_customer_yoy_growth, active_customers_per_1000_households, clinic_orders_per_clinic, clinics_per_10000_households, corporate_clinic_share, practice_hub_clinic_share, veterinarians_per_10000_households",Hypothesis,True,market-attractiveness-synthetic-v1,1.0,SYNTHETIC_COMPLETE,prototype_ready,synthetic_prototype_only
proto:c7200ec8bb,,"Columbus, IN","Columbus, IN",metropolitan,2026-07-31,2025-07-31,4594,5274.0,-0.128934,0.02236,45707.0,45707.0,100.50976874439364,128697.0,128697.0,65114.545455,65114.545455,9.0,9.0,23.0,23.0,1.9690638195462402,5.032051983284836,0.0,0.0,0.0,1.0,1.0,0.1111111111111111,13736.0,13736.0,1526.2222222222222,2013-09-27,2013-09-27,2018-12-10,2018-12-10,11.0,11.0,2026-07-31,2026-07-31,EDLDB.CDM.CUSTOMER_AGGREGATE_SNAPSHOT,EDLDB.MRCH_SANDBOX.CBSA_ZIPCODE_MAPPING,EDLDB.MRCH_SANDBOX.MEDIAN_HOUSEHOLD_INCOME_ZIPCODE,EDLDB.MRCH_SANDBOX.CLINIC_PROFILE,EDLDB.MRCH_SANDBOX.CBSA_POPULATION,"active_customer_yoy_growth, active_customers_per_1000_households, clinic_orders_per_clinic, clinics_per_10000_households, corporate_clinic_share, practice_hub_clinic_share, veterinarians_per_10000_households",Hypothesis,True,market-attractiveness-synthetic-v1,1.0,SYNTHETIC_COMPLETE,prototype_ready,synthetic_prototype_only
proto:ee77a14b69,,"Madera, CA","Madera, CA",metropolitan,2026-07-31,2025-07-31,4568,5240.0,-0.128244,0.023944,44250.0,44250.0,103.2316384180791,,111514.0,57550.5,57550.5,16.0,16.0,19.0,19.0,3.615819209039548,4.293785310734464,0.0,0.0,0.0,4.0,4.0,0.25,19465.0,19465.0,1216.5625,2014-01-22,2014-01-22,2022-09-18,2022-09-18,12.0,12.0,2026-07-31,2026-07-31,EDLDB.CDM.CUSTOMER_AGGREGATE_SNAPSHOT,EDLDB.MRCH_SANDBOX.CBSA_ZIPCODE_MAPPING,EDLDB.MRCH_SANDBOX.MEDIAN_HOUSEHOLD_INCOME_ZIPCODE,EDLDB.MRCH_SANDBOX.CLINIC_PROFILE,EDLDB.MRCH_SANDBOX.CBSA_POPULATION,"active_customer_yoy_growth, active_customers_per_1000_households, clinic_orders_per_clinic, clinics_per_10000_households, corporate_clinic_share, practice_hub_clinic_share, total_population, veterinarians_per_10000_households",Hypothesis,True,market-attractiveness-synthetic-v1,1.0,SYNTHETIC_COMPLETE,prototype_ready,synthetic_prototype_only
proto:aee339dc76,,"Cañon City, CO","Cañon City, CO",micropolitan,2026-07-31,2025-07-31,4567,5196.0,-0.121055,0.049061,23417.0,23417.0,195.02925225263698,48878.0,48878.0,43635.636364,43635.636364,14.0,14.0,21.0,21.0,5.978562582739036,8.967843874108553,0.0,0.0,0.0,7.0,7.0,0.5,18624.0,18624.0,1330.2857142857142,2012-12-04,2012-12-04,2023-10-05,2023-10-05,11.0,11.0,2026-07-31,2026-07-31,EDLDB.CDM.CUSTOMER_AGGREGATE_SNAPSHOT,EDLDB.MRCH_SANDBOX.CBSA_ZIPCODE_MAPPING,EDLDB.MRCH_SANDBOX.MEDIAN_HOUSEHOLD_INCOME_ZIPCODE,EDLDB.MRCH_SANDBOX.CLINIC_PROFILE,EDLDB.MRCH_SANDBOX.CBSA_POPULATION,"active_customer_yoy_growth, active_customers_per_1000_households, clinic_orders_per_clinic, clinics_per_10000_households, corporate_clinic_share, practice_hub_clinic_share, veterinarians_per_10000_households",Hypothesis,True,market-attractiveness-synthetic-v1,1.0,SYNTHETIC_COMPLETE,prototype_ready,synthetic_prototype_only
proto:1df1d2e7c4,,"Merced, CA","Merced, CA",metropolitan,2026-07-31,2025-07-31,4520,5431.0,-0.167741,-0.037908,80859.0,80859.0,55.899776153551244,281830.0,281830.0,58121.947368,58121.947368,15.0,15.0,30.0,30.0,1.8550810670426297,3.7101621340852593,0.0,0.0,0.0,6.0,6.0,0.4,14642.0,14642.0,976.1333333333333,2012-11-23,2012-11-23,2023-05-10,2023-05-10,19.0,19.0,2026-07-31,2026-07-31,EDLDB.CDM.CUSTOMER_AGGREGATE_SNAPSHOT,EDLDB.MRCH_SANDBOX.CBSA_ZIPCODE_MAPPING,EDLDB.MRCH_SANDBOX.MEDIAN_HOUSEHOLD_INCOME_ZIPCODE,EDLDB.MRCH_SANDBOX.CLINIC_PROFILE,EDLDB.MRCH_SANDBOX.CBSA_POPULATION,"active_customer_yoy_growth, active_customers_per_1000_households, clinic_orders_per_clinic, clinics_per_10000_households, corporate_clinic_share, practice_hub_clinic_share, veterinarians_per_10000_households",Hypothesis,True,market-attractiveness-synthetic-v1,1.0,SYNTHETIC_COMPLETE,prototype_ready,synthetic_prototype_only
proto:75bcadf6f3,,"Crossville, TN","Crossville, TN",micropolitan,2026-07-31,2025-07-31,4502,5376.0,-0.162574,-0.003704,34153.0,34153.0,131.81858109097297,61379.0,61379.0,40539.428571,40539.428571,9.0,9.0,22.0,22.0,2.6352004216320672,6.441601030656164,0.0,0.0,0.0,2.0,2.0,0.2222222222222222,17801.0,17801.0,1977.888888888889,2012-11-01,2012-11-01,2022-02-06,2022-02-06,7.0,7.0,2026-07-31,2026-07-31,EDLDB.CDM.CUSTOMER_AGGREGATE_SNAPSHOT,EDLDB.MRCH_SANDBOX.CBSA_ZIPCODE_MAPPING,EDLDB.MRCH_SANDBOX.MEDIAN_HOUSEHOLD_INCOME_ZIPCODE,EDLDB.MRCH_SANDBOX.CLINIC_PROFILE,EDLDB.MRCH_SANDBOX.CBSA_POPULATION,"active_customer_yoy_growth, active_customers_per_1000_households, clinic_orders_per_clinic, clinics_per_10000_households, corporate_clinic_share, practice_hub_clinic_share, veterinarians_per_10000_households",Hypothesis,True,market-attractiveness-synthetic-v1,1.0,SYNTHETIC_COMPLETE,prototype_ready,synthetic_prototype_only
proto:cbfa3f7547,,"Sayre, PA","Sayre, PA",micropolitan,2026-07-31,2025-07-31,4439,5025.0,-0.116617,0.056175,24933.0,24933.0,178.03713953395098,59968.0,59968.0,57657.666667,57657.666667,15.0,15.0,25.0,25.0,6.016123210203345,10.026872017005575,1.0,1.0,0.06666666666666667,3.0,3.0,0.2,14762.0,14762.0,984.1333333333333,2014-01-02,2014-01-02,2023-07-16,2023-07-16,24.0,24.0,2026-07-31,2026-07-31,EDLDB.CDM.CUSTOMER_AGGREGATE_SNAPSHOT,EDLDB.MRCH_SANDBOX.CBSA_ZIPCODE_MAPPING,EDLDB.MRCH_SANDBOX.MEDIAN_HOUSEHOLD_INCOME_ZIPCODE,EDLDB.MRCH_SANDBOX.CLINIC_PROFILE,EDLDB.MRCH_SANDBOX.CBSA_POPULATION,"active_customer_yoy_growth, active_customers_per_1000_households, clinic_orders_per_clinic, clinics_per_10000_households, corporate_clinic_share, practice_hub_clinic_share, veterinarians_per_10000_households",Hypothesis,True,market-attractiveness-synthetic-v1,1.0,SYNTHETIC_COMPLETE,prototype_ready,synthetic_prototype_only
proto:6c4e28b2fb,,"Indiana, PA","Indiana, PA",micropolitan,2026-07-31,2025-07-31,4431,4975.0,-0.109347,0.067939,31633.0,31633.0,140.07523788448773,83151.0,83151.0,38876.810811,38876.810811,6.0,6.0,13.0,13.0,1.8967533904466856,4.109632345967818,0.0,0.0,0.0,3.0,3.0,0.5,16004.0,16004.0,2667.3333333333335,2013-12-02,2013-12-02,2022-08-16,2022-08-16,37.0,37.0,2026-07-31,2026-07-31,EDLDB.CDM.CUSTOMER_AGGREGATE_SNAPSHOT,EDLDB.MRCH_SANDBOX.CBSA_ZIPCODE_MAPPING,EDLDB.MRCH_SANDBOX.MEDIAN_HOUSEHOLD_INCOME_ZIPCODE,EDLDB.MRCH_SANDBOX.CLINIC_PROFILE,EDLDB.MRCH_SANDBOX.CBSA_POPULATION,"active_customer_yoy_growth, active_customers_per_1000_households, clinic_orders_per_clinic, clinics_per_10000_households, corporate_clinic_share, practice_hub_clinic_share, veterinarians_per_10000_households",Hypothesis,True,market-attractiveness-synthetic-v1,1.0,SYNTHETIC_COMPLETE,prototype_ready,synthetic_prototype_only
proto:738e74e84e,,"Morehead City, NC","Morehead City, NC",micropolitan,2026-07-31,2025-07-31,4418,5038.0,-0.123065,0.04686,26329.0,26329.0,167.79976451821184,67728.0,67728.0,66558.866667,66558.866667,22.0,22.0,52.0,52.0,8.35580538569638,19.750085457100536,0.0,0.0,0.0,8.0,8.0,0.36363636363636365,52650.0,52650.0,2393.181818181818,2012-10-18,2012-10-18,2023-10-16,2023-10-16,15.0,15.0,2026-07-31,2026-07-31,EDLDB.CDM.CUSTOMER_AGGREGATE_SNAPSHOT,EDLDB.MRCH_SANDBOX.CBSA_ZIPCODE_MAPPING,EDLDB.MRCH_SANDBOX.MEDIAN_HOUSEHOLD_INCOME_ZIPCODE,EDLDB.MRCH_SANDBOX.CLINIC_PROFILE,EDLDB.MRCH_SANDBOX.CBSA_POPULATION,"active_customer_yoy_growth, active_customers_per_1000_households, clinic_orders_per_clinic, clinics_per_10000_households, corporate_clinic_share, practice_hub_clinic_share, veterinarians_per_10000_households",Hypothesis,True,market-attractiveness-synthetic-v1,1.0,SYNTHETIC_COMPLETE,prototype_ready,synthetic_prototype_only
proto:a9444dd901,,"Coos Bay, OR","Coos Bay, OR",micropolitan,2026-07-31,2025-07-31,4409,5017.0,-0.121188,0.048615,27845.0,27845.0,158.3408152271503,64979.0,64979.0,39991.375,39991.375,11.0,11.0,17.0,17.0,3.9504399353564374,6.1052253546417665,0.0,0.0,0.0,4.0,4.0,0.36363636363636365,18326.0,18326.0,1666.0,2013-01-10,2013-01-10,2022-09-13,2022-09-13,8.0,8.0,2026-07-31,2026-07-31,EDLDB.CDM.CUSTOMER_AGGREGATE_SNAPSHOT,EDLDB.MRCH_SANDBOX.CBSA_ZIPCODE_MAPPING,EDLDB.MRCH_SANDBOX.MEDIAN_HOUSEHOLD_INCOME_ZIPCODE,EDLDB.MRCH_SANDBOX.CLINIC_PROFILE,EDLDB.MRCH_SANDBOX.CBSA_POPULATION,"active_customer_yoy_growth, active_customers_per_1000_households, clinic_orders_per_clinic, clinics_per_10000_households, corporate_clinic_share, practice_hub_clinic_share, veterinarians_per_10000_households",Hypothesis,True,market-attractiveness-synthetic-v1,1.0,SYNTHETIC_COMPLETE,prototype_ready,synthetic_prototype_only
proto:28cfc1f1a0,,"Grand Forks, ND-MN","Grand Forks, ND-MN",metropolitan,2026-07-31,2025-07-31,4345,5076.0,-0.144011,-0.000346,50106.0,50106.0,86.71616173711732,104217.0,104217.0,57897.977273,57897.977273,8.0,8.0,17.0,17.0,1.5966151758272464,3.3928072486328986,0.0,0.0,0.0,3.0,3.0,0.375,13399.0,13399.0,1674.875,2012-12-30,2012-12-30,2019-12-16,2019-12-16,44.0,44.0,2026-07-31,2026-07-31,EDLDB.CDM.CUSTOMER_AGGREGATE_SNAPSHOT,EDLDB.MRCH_SANDBOX.CBSA_ZIPCODE_MAPPING,EDLDB.MRCH_SANDBOX.MEDIAN_HOUSEHOLD_INCOME_ZIPCODE,EDLDB.MRCH_SANDBOX.CLINIC_PROFILE,EDLDB.MRCH_SANDBOX.CBSA_POPULATION,"active_customer_yoy_growth, active_customers_per_1000_households, clinic_orders_per_clinic, clinics_per_10000_households, corporate_clinic_share, practice_hub_clinic_share, veterinarians_per_10000_households",Hypothesis,True,market-attractiveness-synthetic-v1,1.0,SYNTHETIC_COMPLETE,prototype_ready,synthetic_prototype_only
proto:1bf9e03395,,"Tupelo, MS","Tupelo, MS",micropolitan,2026-07-31,2025-07-31,4338,5335.0,-0.186879,-0.025301,80023.0,80023.0,54.20941479324694,132159.0,132159.0,49715.28125,49715.28125,25.0,25.0,44.0,44.0,3.124101820726541,5.498419204478712,0.0,0.0,0.0,9.0,9.0,0.36,24673.0,24673.0,986.92,2013-08-04,2013-08-04,2023-03-17,2023-03-17,32.0,32.0,2026-07-31,2026-07-31,EDLDB.CDM.CUSTOMER_AGGREGATE_SNAPSHOT,EDLDB.MRCH_SANDBOX.CBSA_ZIPCODE_MAPPING,EDLDB.MRCH_SANDBOX.MEDIAN_HOUSEHOLD_INCOME_ZIPCODE,EDLDB.MRCH_SANDBOX.CLINIC_PROFILE,EDLDB.MRCH_SANDBOX.CBSA_POPULATION,"active_customer_yoy_growth, active_customers_per_1000_households, clinic_orders_per_clinic, clinics_per_10000_households, corporate_clinic_share, practice_hub_clinic_share, veterinarians_per_10000_households",Hypothesis,True,market-attractiveness-synthetic-v1,1.0,SYNTHETIC_COMPLETE,prototype_ready,synthetic_prototype_only
proto:20512c9199,,"St. Joseph, MO-KS","St, Joseph, MO-KS",metropolitan,2026-07-31,2025-07-31,4307,5109.0,-0.156978,-0.02179,52918.0,52918.0,81.39007521070334,,133358.0,,57717.1,17.0,17.0,30.0,30.0,3.212517479874523,5.669148493896216,0.0,0.0,0.0,1.0,1.0,0.058823529411764705,15256.0,15256.0,897.4117647058823,2012-12-19,2012-12-19,2023-08-05,2023-08-05,,14.0,2026-07-31,2026-07-31,EDLDB.CDM.CUSTOMER_AGGREGATE_SNAPSHOT,EDLDB.MRCH_SANDBOX.CBSA_ZIPCODE_MAPPING,EDLDB.MRCH_SANDBOX.MEDIAN_HOUSEHOLD_INCOME_ZIPCODE,EDLDB.MRCH_SANDBOX.CLINIC_PROFILE,EDLDB.MRCH_SANDBOX.CBSA_POPULATION,"active_customer_yoy_growth, active_customers_per_1000_households, avg_zip_median_household_income, clinic_orders_per_clinic, clinics_per_10000_households, corporate_clinic_share, practice_hub_clinic_share, total_population, veterinarians_per_10000_households, zips_represented_within_cbsa",Hypothesis,True,market-attractiveness-synthetic-v1,1.0,SYNTHETIC_COMPLETE,prototype_ready,synthetic_prototype_only
proto:e7ae5573c1,,"Ashtabula, OH","Ashtabula, OH",micropolitan,2026-07-31,2025-07-31,4304,5080.0,-0.152756,0.007566,29476.0,29476.0,146.01709865653413,,73675.0,51587.4,51587.4,12.0,12.0,24.0,24.0,4.071108698602253,8.142217397204506,0.0,0.0,0.0,3.0,3.0,0.25,25793.0,25793.0,2149.4166666666665,2012-10-29,2012-10-29,2020-06-01,2020-06-01,10.0,10.0,2026-07-31,2026-07-31,EDLDB.CDM.CUSTOMER_AGGREGATE_SNAPSHOT,EDLDB.MRCH_SANDBOX.CBSA_ZIPCODE_MAPPING,EDLDB.MRCH_SANDBOX.MEDIAN_HOUSEHOLD_INCOME_ZIPCODE,EDLDB.MRCH_SANDBOX.CLINIC_PROFILE,EDLDB.MRCH_SANDBOX.CBSA_POPULATION,"active_customer_yoy_growth, active_customers_per_1000_households, clinic_orders_per_clinic, clinics_per_10000_households, corporate_clinic_share, practice_hub_clinic_share, total_population, veterinarians_per_10000_households",Hypothesis,True,market-attractiveness-synthetic-v1,1.0,SYNTHETIC_COMPLETE,prototype_ready,synthetic_prototype_only
proto:087f3fd50a,,"Fergus Falls, MN","Fergus Falls, MN",micropolitan,2026-07-31,2025-07-31,4295,4952.0,-0.132674,0.036256,39116.0,39116.0,109.80161570712751,60099.0,60099.0,58325.964286,58325.964286,10.0,10.0,15.0,15.0,2.5564986194907453,3.8347479292361184,0.0,0.0,0.0,3.0,3.0,0.3,11540.0,11540.0,1154.0,2013-04-18,2013-04-18,2021-06-02,2021-06-02,28.0,28.0,2026-07-31,2026-07-31,EDLDB.CDM.CUSTOMER_AGGREGATE_SNAPSHOT,EDLDB.MRCH_SANDBOX.CBSA_ZIPCODE_MAPPING,EDLDB.MRCH_SANDBOX.MEDIAN_HOUSEHOLD_INCOME_ZIPCODE,EDLDB.MRCH_SANDBOX.CLINIC_PROFILE,EDLDB.MRCH_SANDBOX.CBSA_POPULATION,"active_customer_yoy_growth, active_customers_per_1000_households, clinic_orders_per_clinic, clinics_per_10000_households, corporate_clinic_share, practice_hub_clinic_share, veterinarians_per_10000_households",Hypothesis,True,market-attractiveness-synthetic-v1,1.0,SYNTHETIC_COMPLETE,prototype_ready,synthetic_prototype_only
proto:2c1b092606,,"Bluefield, WV-VA","Bluefield, WV-VA",micropolitan,2026-07-31,2025-07-31,4241,5009.0,-0.153324,0.006533,43856.0,43856.0,96.7028456767603,99926.0,99926.0,35988.918919,35988.918919,9.0,9.0,19.0,19.0,2.0521707406056184,4.332360452389639,0.0,0.0,0.0,3.0,3.0,0.3333333333333333,17431.0,17431.0,1936.7777777777778,2014-01-19,2014-01-19,2022-06-15,2022-06-15,37.0,37.0,2026-07-31,2026-07-31,EDLDB.CDM.CUSTOMER_AGGREGATE_SNAPSHOT,EDLDB.MRCH_SANDBOX.CBSA_ZIPCODE_MAPPING,EDLDB.MRCH_SANDBOX.MEDIAN_HOUSEHOLD_INCOME_ZIPCODE,EDLDB.MRCH_SANDBOX.CLINIC_PROFILE,EDLDB.MRCH_SANDBOX.CBSA_POPULATION,"active_customer_yoy_growth, active_customers_per_1000_households, clinic_orders_per_clinic, clinics_per_10000_households, corporate_clinic_share, practice_hub_clinic_share, veterinarians_per_10000_households",Hypothesis,True,market-attractiveness-synthetic-v1,1.0,SYNTHETIC_COMPLETE,prototype_ready,synthetic_prototype_only
proto:85f00dd9ec,,"Cape Girardeau, MO-IL","Cape Girardeau, MO-IL",metropolitan,2026-07-31,2025-07-31,4216,4987.0,-0.154602,-0.018307,51205.0,51205.0,82.33570940337857,97552.0,97552.0,46441.411765,46441.411765,12.0,12.0,23.0,23.0,2.3435211405136216,4.491748852651108,0.0,0.0,0.0,3.0,3.0,0.25,14026.0,14026.0,1168.8333333333333,2013-04-27,2013-04-27,2023-11-06,2023-11-06,34.0,34.0,2026-07-31,2026-07-31,EDLDB.CDM.CUSTOMER_AGGREGATE_SNAPSHOT,EDLDB.MRCH_SANDBOX.CBSA_ZIPCODE_MAPPING,EDLDB.MRCH_SANDBOX.MEDIAN_HOUSEHOLD_INCOME_ZIPCODE,EDLDB.MRCH_SANDBOX.CLINIC_PROFILE,EDLDB.MRCH_SANDBOX.CBSA_POPULATION,"active_customer_yoy_growth, active_customers_per_1000_households, clinic_orders_per_clinic, clinics_per_10000_households, corporate_clinic_share, practice_hub_clinic_share, veterinarians_per_10000_households",Hypothesis,True,market-attractiveness-synthetic-v1,1.0,SYNTHETIC_COMPLETE,prototype_ready,synthetic_prototype_only
proto:d2cc58c69a,,"Dubuque, IA","Dubuque, IA",metropolitan,2026-07-31,2025-07-31,4186,4943.0,-0.153146,-0.014692,44086.0,44086.0,94.95077802476978,99308.0,99308.0,71797.684211,71797.684211,17.0,17.0,31.0,31.0,3.856099441999728,7.031710747175974,0.0,0.0,0.0,6.0,6.0,0.35294117647058826,17465.0,17465.0,1027.3529411764705,2012-11-09,2012-11-09,2023-09-23,2023-09-23,19.0,19.0,2026-07-31,2026-07-31,EDLDB.CDM.CUSTOMER_AGGREGATE_SNAPSHOT,EDLDB.MRCH_SANDBOX.CBSA_ZIPCODE_MAPPING,EDLDB.MRCH_SANDBOX.MEDIAN_HOUSEHOLD_INCOME_ZIPCODE,EDLDB.MRCH_SANDBOX.CLINIC_PROFILE,EDLDB.MRCH_SANDBOX.CBSA_POPULATION,"active_customer_yoy_growth, active_customers_per_1000_households, clinic_orders_per_clinic, clinics_per_10000_households, corporate_clinic_share, practice_hub_clinic_share, veterinarians_per_10000_households",Hypothesis,True,market-attractiveness-synthetic-v1,1.0,SYNTHETIC_COMPLETE,prototype_ready,synthetic_prototype_only
proto:dc4a7c1b4d,,"Twin Falls, ID","Twin Falls, ID",metropolitan,2026-07-31,2025-07-31,4179,4933.0,-0.152848,-0.013838,42218.0,42218.0,98.98621441091478,114642.0,114642.0,52725.692308,52725.692308,9.0,9.0,19.0,19.0,2.1317921265810793,4.5004500450045,0.0,0.0,0.0,2.0,2.0,0.2222222222222222,9383.0,9383.0,1042.5555555555557,2013-04-08,2013-04-08,2022-02-16,2022-02-16,13.0,13.0,2026-07-31,2026-07-31,EDLDB.CDM.CUSTOMER_AGGREGATE_SNAPSHOT,EDLDB.MRCH_SANDBOX.CBSA_ZIPCODE_MAPPING,EDLDB.MRCH_SANDBOX.MEDIAN_HOUSEHOLD_INCOME_ZIPCODE,EDLDB.MRCH_SANDBOX.CLINIC_PROFILE,EDLDB.MRCH_SANDBOX.CBSA_POPULATION,"active_customer_yoy_growth, active_customers_per_1000_households, clinic_orders_per_clinic, clinics_per_10000_households, corporate_clinic_share, practice_hub_clinic_share, veterinarians_per_10000_households",Hypothesis,True,market-attractiveness-synthetic-v1,1.0,SYNTHETIC_COMPLETE,prototype_ready,synthetic_prototype_only
proto:d1c4c0ade4,,"Kokomo, IN","Kokomo, IN",metropolitan,2026-07-31,2025-07-31,4141,4976.0,-0.167805,-0.039794,40242.0,40242.0,102.90244023656876,83589.0,83589.0,64447.111111,64447.111111,8.0,8.0,20.0,20.0,1.9879727647731225,4.9699319119328065,0.0,0.0,0.0,5.0,5.0,0.625,14210.0,14210.0,1776.25,2012-11-08,2012-11-08,2021-07-19,2021-07-19,9.0,9.0,2026-07-31,2026-07-31,EDLDB.CDM.CUSTOMER_AGGREGATE_SNAPSHOT,EDLDB.MRCH_SANDBOX.CBSA_ZIPCODE_MAPPING,EDLDB.MRCH_SANDBOX.MEDIAN_HOUSEHOLD_INCOME_ZIPCODE,EDLDB.MRCH_SANDBOX.CLINIC_PROFILE,EDLDB.MRCH_SANDBOX.CBSA_POPULATION,"active_customer_yoy_growth, active_customers_per_1000_households, clinic_orders_per_clinic, clinics_per_10000_households, corporate_clinic_share, practice_hub_clinic_share, veterinarians_per_10000_households",Hypothesis,True,market-attractiveness-synthetic-v1,1.0,SYNTHETIC_COMPLETE,prototype_ready,synthetic_prototype_only
proto:ca7f8eaad1,,"Heber, UT","Heber, UT",micropolitan,2026-07-31,2025-07-31,4138,4585.0,-0.097492,0.08326,16087.0,16087.0,257.2263318207248,77544.0,77544.0,90112.888889,90112.888889,21.0,21.0,45.0,45.0,13.054018772922236,27.972897370547646,0.0,0.0,0.0,10.0,10.0,0.47619047619047616,50388.0,50388.0,2399.4285714285716,2012-11-02,2012-11-02,2023-11-07,2023-11-07,9.0,9.0,2026-07-31,2026-07-31,EDLDB.CDM.CUSTOMER_AGGREGATE_SNAPSHOT,EDLDB.MRCH_SANDBOX.CBSA_ZIPCODE_MAPPING,EDLDB.MRCH_SANDBOX.MEDIAN_HOUSEHOLD_INCOME_ZIPCODE,EDLDB.MRCH_SANDBOX.CLINIC_PROFILE,EDLDB.MRCH_SANDBOX.CBSA_POPULATION,"active_customer_yoy_growth, active_customers_per_1000_households, clinic_orders_per_clinic, clinics_per_10000_households, corporate_clinic_share, practice_hub_clinic_share, veterinarians_per_10000_households",Hypothesis,True,market-attractiveness-synthetic-v1,1.0,SYNTHETIC_COMPLETE,prototype_ready,synthetic_prototype_only
proto:09ea619372,,"Centralia, WA","Centralia, WA",micropolitan,2026-07-31,2025-07-31,4131,4642.0,-0.110082,0.065997,21108.0,21108.0,195.70778851620238,82553.0,82553.0,46154.0,46154.0,10.0,10.0,20.0,20.0,4.737540269092287,9.475080538184574,0.0,0.0,0.0,4.0,4.0,0.4,30983.0,30983.0,3098.3,2012-11-29,2012-11-29,2021-03-03,2021-03-03,19.0,19.0,2026-07-31,2026-07-31,EDLDB.CDM.CUSTOMER_AGGREGATE_SNAPSHOT,EDLDB.MRCH_SANDBOX.CBSA_ZIPCODE_MAPPING,EDLDB.MRCH_SANDBOX.MEDIAN_HOUSEHOLD_INCOME_ZIPCODE,EDLDB.MRCH_SANDBOX.CLINIC_PROFILE,EDLDB.MRCH_SANDBOX.CBSA_POPULATION,"active_customer_yoy_growth, active_customers_per_1000_households, clinic_orders_per_clinic, clinics_per_10000_households, corporate_clinic_share, practice_hub_clinic_share, veterinarians_per_10000_households",Hypothesis,True,market-attractiveness-synthetic-v1,1.0,SYNTHETIC_COMPLETE,prototype_ready,synthetic_prototype_only
proto:df4f021f99,,"Newport, OR","Newport, OR",micropolitan,2026-07-31,2025-07-31,4106,4718.0,-0.129716,0.039801,20208.0,20208.0,203.18685669041963,50510.0,50510.0,51306.857143,51306.857143,5.0,5.0,15.0,15.0,2.4742676167854314,7.422802850356295,0.0,0.0,0.0,2.0,2.0,0.4,22381.0,22381.0,4476.2,2013-07-26,2013-07-26,2014-12-01,2014-12-01,14.0,14.0,2026-07-31,2026-07-31,EDLDB.CDM.CUSTOMER_AGGREGATE_SNAPSHOT,EDLDB.MRCH_SANDBOX.CBSA_ZIPCODE_MAPPING,EDLDB.MRCH_SANDBOX.MEDIAN_HOUSEHOLD_INCOME_ZIPCODE,EDLDB.MRCH_SANDBOX.CLINIC_PROFILE,EDLDB.MRCH_SANDBOX.CBSA_POPULATION,"active_customer_yoy_growth, active_customers_per_1000_households, clinic_orders_per_clinic, clinics_per_10000_households, corporate_clinic_share, practice_hub_clinic_share, veterinarians_per_10000_households",Hypothesis,True,market-attractiveness-synthetic-v1,1.0,SYNTHETIC_COMPLETE,prototype_ready,synthetic_prototype_only
proto:c2f94f2f62,,"Kill Devil Hills, NC","Kill Devil Hills, NC",micropolitan,2026-07-31,2025-07-31,4102,4634.0,-0.114804,0.058771,15760.0,15760.0,260.2791878172589,37039.0,37039.0,56350.583333,56350.583333,13.0,13.0,22.0,22.0,8.248730964467006,13.959390862944161,0.0,0.0,0.0,4.0,4.0,0.3076923076923077,31606.0,31606.0,2431.230769230769,2013-01-03,2013-01-03,2023-08-26,2023-08-26,12.0,12.0,2026-07-31,2026-07-31,EDLDB.CDM.CUSTOMER_AGGREGATE_SNAPSHOT,EDLDB.MRCH_SANDBOX.CBSA_ZIPCODE_MAPPING,EDLDB.MRCH_SANDBOX.MEDIAN_HOUSEHOLD_INCOME_ZIPCODE,EDLDB.MRCH_SANDBOX.CLINIC_PROFILE,EDLDB.MRCH_SANDBOX.CBSA_POPULATION,"active_customer_yoy_growth, active_customers_per_1000_households, clinic_orders_per_clinic, clinics_per_10000_households, corporate_clinic_share, practice_hub_clinic_share, veterinarians_per_10000_households",Hypothesis,True,market-attractiveness-synthetic-v1,1.0,SYNTHETIC_COMPLETE,prototype_ready,synthetic_prototype_only
proto:63cb550851,,"Sumter, SC","Sumter, SC",metropolitan,2026-07-31,2025-07-31,4089,4862.0,-0.158988,-0.025085,57119.0,57119.0,71.5873877343791,105476.0,105476.0,45003.421053,45003.421053,13.0,13.0,16.0,16.0,2.275950209212346,2.8011694882613494,0.0,0.0,0.0,5.0,5.0,0.38461538461538464,18267.0,18267.0,1405.1538461538462,2012-10-29,2012-10-29,2022-10-21,2022-10-21,19.0,19.0,2026-07-31,2026-07-31,EDLDB.CDM.CUSTOMER_AGGREGATE_SNAPSHOT,EDLDB.MRCH_SANDBOX.CBSA_ZIPCODE_MAPPING,EDLDB.MRCH_SANDBOX.MEDIAN_HOUSEHOLD_INCOME_ZIPCODE,EDLDB.MRCH_SANDBOX.CLINIC_PROFILE,EDLDB.MRCH_SANDBOX.CBSA_POPULATION,"active_customer_yoy_growth, active_customers_per_1000_households, clinic_orders_per_clinic, clinics_per_10000_households, corporate_clinic_share, practice_hub_clinic_share, veterinarians_per_10000_households",Hypothesis,True,market-attractiveness-synthetic-v1,1.0,SYNTHETIC_COMPLETE,prototype_ready,synthetic_prototype_only
proto:9a0aca97ec,,"Bennington, VT","Bennington, VT",micropolitan,2026-07-31,2025-07-31,4073,4550.0,-0.104835,0.074089,16716.0,16716.0,243.6587700406796,37301.0,37301.0,66294.25,66294.25,13.0,13.0,18.0,18.0,7.776980138789184,10.768126346015793,0.0,0.0,0.0,7.0,7.0,0.5384615384615384,25838.0,25838.0,1987.5384615384614,2012-11-02,2012-11-02,2023-09-02,2023-09-02,20.0,20.0,2026-07-31,2026-07-31,EDLDB.CDM.CUSTOMER_AGGREGATE_SNAPSHOT,EDLDB.MRCH_SANDBOX.CBSA_ZIPCODE_MAPPING,EDLDB.MRCH_SANDBOX.MEDIAN_HOUSEHOLD_INCOME_ZIPCODE,EDLDB.MRCH_SANDBOX.CLINIC_PROFILE,EDLDB.MRCH_SANDBOX.CBSA_POPULATION,"active_customer_yoy_growth, active_customers_per_1000_households, clinic_orders_per_clinic, clinics_per_10000_households, corporate_clinic_share, practice_hub_clinic_share, veterinarians_per_10000_households",Hypothesis,True,market-attractiveness-synthetic-v1,1.0,SYNTHETIC_COMPLETE,prototype_ready,synthetic_prototype_only
proto:5281da956a,,"Adrian, MI","Adrian, MI",micropolitan,2026-07-31,2025-07-31,4058,4685.0,-0.133831,0.035288,31468.0,31468.0,128.9564001525359,99325.0,99325.0,59318.916667,59318.916667,11.0,11.0,19.0,19.0,3.4956145926020086,6.037879750858014,0.0,0.0,0.0,5.0,5.0,0.45454545454545453,15641.0,15641.0,1421.909090909091,2013-12-03,2013-12-03,2023-03-10,2023-03-10,12.0,12.0,2026-07-31,2026-07-31,EDLDB.CDM.CUSTOMER_AGGREGATE_SNAPSHOT,EDLDB.MRCH_SANDBOX.CBSA_ZIPCODE_MAPPING,EDLDB.MRCH_SANDBOX.MEDIAN_HOUSEHOLD_INCOME_ZIPCODE,EDLDB.MRCH_SANDBOX.CLINIC_PROFILE,EDLDB.MRCH_SANDBOX.CBSA_POPULATION,"active_customer_yoy_growth, active_customers_per_1000_households, clinic_orders_per_clinic, clinics_per_10000_households, corporate_clinic_share, practice_hub_clinic_share, veterinarians_per_10000_households",Hypothesis,True,market-attractiveness-synthetic-v1,1.0,SYNTHETIC_COMPLETE,prototype_ready,synthetic_prototype_only
proto:efaf35e532,,"Hot Springs, AR","Hot Springs, AR",metropolitan,2026-07-31,2025-07-31,4012,4830.0,-0.169358,-0.041837,44887.0,44887.0,89.37999866331009,100258.0,100258.0,45925.0,45925.0,20.0,20.0,34.0,34.0,4.455633034063315,7.574576157907634,0.0,0.0,0.0,6.0,6.0,0.3,26408.0,26408.0,1320.4,2012-10-20,2012-10-20,2023-03-09,2023-03-09,8.0,8.0,2026-07-31,2026-07-31,EDLDB.CDM.CUSTOMER_AGGREGATE_SNAPSHOT,EDLDB.MRCH_SANDBOX.CBSA_ZIPCODE_MAPPING,EDLDB.MRCH_SANDBOX.MEDIAN_HOUSEHOLD_INCOME_ZIPCODE,EDLDB.MRCH_SANDBOX.CLINIC_PROFILE,EDLDB.MRCH_SANDBOX.CBSA_POPULATION,"active_customer_yoy_growth, active_customers_per_1000_households, clinic_orders_per_clinic, clinics_per_10000_households, corporate_clinic_share, practice_hub_clinic_share, veterinarians_per_10000_households",Hypothesis,True,market-attractiveness-synthetic-v1,1.0,SYNTHETIC_COMPLETE,prototype_ready,synthetic_prototype_only
proto:807dda52f5,,"London, KY","London, KY",micropolitan,2026-07-31,2025-07-31,4007,5053.0,-0.207006,-0.041416,56115.0,56115.0,71.40693219281832,,140260.0,24757.0,24757.0,12.0,12.0,21.0,21.0,2.1384656508954825,3.742314889067094,0.0,0.0,0.0,5.0,5.0,0.4166666666666667,17926.0,17926.0,1493.8333333333333,2012-10-30,2012-10-30,2023-01-09,2023-01-09,32.0,32.0,2026-07-31,2026-07-31,EDLDB.CDM.CUSTOMER_AGGREGATE_SNAPSHOT,EDLDB.MRCH_SANDBOX.CBSA_ZIPCODE_MAPPING,EDLDB.MRCH_SANDBOX.MEDIAN_HOUSEHOLD_INCOME_ZIPCODE,EDLDB.MRCH_SANDBOX.CLINIC_PROFILE,EDLDB.MRCH_SANDBOX.CBSA_POPULATION,"active_customer_yoy_growth, active_customers_per_1000_households, clinic_orders_per_clinic, clinics_per_10000_households, corporate_clinic_share, practice_hub_clinic_share, total_population, veterinarians_per_10000_households",Hypothesis,True,market-attractiveness-synthetic-v1,1.0,SYNTHETIC_COMPLETE,prototype_ready,synthetic_prototype_only
proto:fe1041a955,,"Danville, VA","Danville, VA",micropolitan,2026-07-31,2025-07-31,3904,4611.0,-0.153329,0.006325,51032.0,51032.0,76.50101896849036,102946.0,102946.0,47021.352941,47021.352941,6.0,6.0,16.0,16.0,1.1757328734911427,3.1352876626430475,0.0,0.0,0.0,2.0,2.0,0.3333333333333333,7698.0,7698.0,1283.0,2013-02-19,2013-02-19,2020-10-08,2020-10-08,17.0,17.0,2026-07-31,2026-07-31,EDLDB.CDM.CUSTOMER_AGGREGATE_SNAPSHOT,EDLDB.MRCH_SANDBOX.CBSA_ZIPCODE_MAPPING,EDLDB.MRCH_SANDBOX.MEDIAN_HOUSEHOLD_INCOME_ZIPCODE,EDLDB.MRCH_SANDBOX.CLINIC_PROFILE,EDLDB.MRCH_SANDBOX.CBSA_POPULATION,"active_customer_yoy_growth, active_customers_per_1000_households, clinic_orders_per_clinic, clinics_per_10000_households, corporate_clinic_share, practice_hub_clinic_share, veterinarians_per_10000_households",Hypothesis,True,market-attractiveness-synthetic-v1,1.0,SYNTHETIC_COMPLETE,prototype_ready,synthetic_prototype_only
proto:e3087c0666,,"Meadville, PA","Meadville, PA",micropolitan,2026-07-31,2025-07-31,3890,4464.0,-0.128584,0.041617,28267.0,28267.0,137.6163016945555,83807.0,83807.0,52265.071429,52265.071429,11.0,11.0,22.0,22.0,3.8914635440619807,7.782927088123961,0.0,0.0,0.0,5.0,5.0,0.45454545454545453,20099.0,20099.0,1827.1818181818182,2012-11-10,2012-11-10,2020-04-03,2020-04-03,14.0,14.0,2026-07-31,2026-07-31,EDLDB.CDM.CUSTOMER_AGGREGATE_SNAPSHOT,EDLDB.MRCH_SANDBOX.CBSA_ZIPCODE_MAPPING,EDLDB.MRCH_SANDBOX.MEDIAN_HOUSEHOLD_INCOME_ZIPCODE,EDLDB.MRCH_SANDBOX.CLINIC_PROFILE,EDLDB.MRCH_SANDBOX.CBSA_POPULATION,"active_customer_yoy_growth, active_customers_per_1000_households, clinic_orders_per_clinic, clinics_per_10000_households, corporate_clinic_share, practice_hub_clinic_share, veterinarians_per_10000_households",Hypothesis,True,market-attractiveness-synthetic-v1,1.0,SYNTHETIC_COMPLETE,prototype_ready,synthetic_prototype_only
proto:2be2326477,,"Great Falls, MT","Great Falls, MT",metropolitan,2026-07-31,2025-07-31,3881,4399.0,-0.117754,0.045674,35681.0,35681.0,108.76937305568791,84407.0,84407.0,53720.333333,53720.333333,13.0,13.0,25.0,25.0,3.6433956447408984,7.00653008604019,0.0,0.0,0.0,5.0,5.0,0.38461538461538464,14085.0,14085.0,1083.4615384615386,2013-02-23,2013-02-23,2020-10-23,2020-10-23,18.0,18.0,2026-07-31,2026-07-31,EDLDB.CDM.CUSTOMER_AGGREGATE_SNAPSHOT,EDLDB.MRCH_SANDBOX.CBSA_ZIPCODE_MAPPING,EDLDB.MRCH_SANDBOX.MEDIAN_HOUSEHOLD_INCOME_ZIPCODE,EDLDB.MRCH_SANDBOX.CLINIC_PROFILE,EDLDB.MRCH_SANDBOX.CBSA_POPULATION,"active_customer_yoy_growth, active_customers_per_1000_households, clinic_orders_per_clinic, clinics_per_10000_households, corporate_clinic_share, practice_hub_clinic_share, veterinarians_per_10000_households",Hypothesis,True,market-attractiveness-synthetic-v1,1.0,SYNTHETIC_COMPLETE,prototype_ready,synthetic_prototype_only
proto:b70318f5ca,,"Alexandria, LA","Alexandria, LA",metropolitan,2026-07-31,2025-07-31,3874,4626.0,-0.162559,-0.031488,69237.0,69237.0,55.95274203099499,151800.0,151800.0,41632.677419,41632.677419,12.0,12.0,25.0,25.0,1.7331773473720697,3.6107861403584787,0.0,0.0,0.0,4.0,4.0,0.3333333333333333,18570.0,18570.0,1547.5,2012-10-31,2012-10-31,2023-05-09,2023-05-09,31.0,31.0,2026-07-31,2026-07-31,EDLDB.CDM.CUSTOMER_AGGREGATE_SNAPSHOT,EDLDB.MRCH_SANDBOX.CBSA_ZIPCODE_MAPPING,EDLDB.MRCH_SANDBOX.MEDIAN_HOUSEHOLD_INCOME_ZIPCODE,EDLDB.MRCH_SANDBOX.CLINIC_PROFILE,EDLDB.MRCH_SANDBOX.CBSA_POPULATION,"active_customer_yoy_growth, active_customers_per_1000_households, clinic_orders_per_clinic, clinics_per_10000_households, corporate_clinic_share, practice_hub_clinic_share, veterinarians_per_10000_households",Hypothesis,True,market-attractiveness-synthetic-v1,1.0,SYNTHETIC_COMPLETE,prototype_ready,synthetic_prototype_only
proto:f4c7fc9880,,"Logan, UT-ID","Logan, UT-ID",metropolitan,2026-07-31,2025-07-31,3829,4592.0,-0.166159,-0.035316,44864.0,44864.0,85.34682596291013,147913.0,147913.0,66652.666667,66652.666667,14.0,14.0,31.0,31.0,3.120542082738944,6.909771754636234,0.0,0.0,0.0,5.0,5.0,0.35714285714285715,13272.0,13272.0,948.0,2013-03-10,2013-03-10,2022-11-06,2022-11-06,24.0,24.0,2026-07-31,2026-07-31,EDLDB.CDM.CUSTOMER_AGGREGATE_SNAPSHOT,EDLDB.MRCH_SANDBOX.CBSA_ZIPCODE_MAPPING,EDLDB.MRCH_SANDBOX.MEDIAN_HOUSEHOLD_INCOME_ZIPCODE,EDLDB.MRCH_SANDBOX.CLINIC_PROFILE,EDLDB.MRCH_SANDBOX.CBSA_POPULATION,"active_customer_yoy_growth, active_customers_per_1000_households, clinic_orders_per_clinic, clinics_per_10000_households, corporate_clinic_share, practice_hub_clinic_share, veterinarians_per_10000_households",Hypothesis,True,market-attractiveness-synthetic-v1,1.0,SYNTHETIC_COMPLETE,prototype_ready,synthetic_prototype_only
proto:bdcc412fb5,,"Albany, GA","Albany, GA",metropolitan,2026-07-31,2025-07-31,3818,4517.0,-0.154749,-0.019268,73698.0,73698.0,51.80601915927163,194140.0,194140.0,45924.076923,45924.076923,16.0,16.0,24.0,24.0,2.1710222801161496,3.2565334201742244,0.0,0.0,0.0,4.0,4.0,0.25,17117.0,17117.0,1069.8125,2013-10-11,2013-10-11,2023-04-16,2023-04-16,26.0,26.0,2026-07-31,2026-07-31,EDLDB.CDM.CUSTOMER_AGGREGATE_SNAPSHOT,EDLDB.MRCH_SANDBOX.CBSA_ZIPCODE_MAPPING,EDLDB.MRCH_SANDBOX.MEDIAN_HOUSEHOLD_INCOME_ZIPCODE,EDLDB.MRCH_SANDBOX.CLINIC_PROFILE,EDLDB.MRCH_SANDBOX.CBSA_POPULATION,"active_customer_yoy_growth, active_customers_per_1000_households, clinic_orders_per_clinic, clinics_per_10000_households, corporate_clinic_share, practice_hub_clinic_share, veterinarians_per_10000_households",Hypothesis,True,market-attractiveness-synthetic-v1,1.0,SYNTHETIC_COMPLETE,prototype_ready,synthetic_prototype_only
proto:487f4f31ac,,"Marquette, MI","Marquette, MI",micropolitan,2026-07-31,2025-07-31,3817,4239.0,-0.099552,0.080199,27195.0,27195.0,140.35668321382607,66012.0,66012.0,52589.769231,52589.769231,9.0,9.0,23.0,23.0,3.309431880860452,8.4574370288656,0.0,0.0,0.0,3.0,3.0,0.3333333333333333,27566.0,27566.0,3062.8888888888887,2012-12-30,2012-12-30,2023-01-14,2023-01-14,13.0,13.0,2026-07-31,2026-07-31,EDLDB.CDM.CUSTOMER_AGGREGATE_SNAPSHOT,EDLDB.MRCH_SANDBOX.CBSA_ZIPCODE_MAPPING,EDLDB.MRCH_SANDBOX.MEDIAN_HOUSEHOLD_INCOME_ZIPCODE,EDLDB.MRCH_SANDBOX.CLINIC_PROFILE,EDLDB.MRCH_SANDBOX.CBSA_POPULATION,"active_customer_yoy_growth, active_customers_per_1000_households, clinic_orders_per_clinic, clinics_per_10000_households, corporate_clinic_share, practice_hub_clinic_share, veterinarians_per_10000_households",Hypothesis,True,market-attractiveness-synthetic-v1,1.0,SYNTHETIC_COMPLETE,prototype_ready,synthetic_prototype_only
proto:6b93d6d208,,"Grand Island, NE","Grand Island, NE",metropolitan,2026-07-31,2025-07-31,3810,4370.0,-0.128146,0.024472,45001.0,45001.0,84.66478522699495,117578.0,117578.0,58384.172414,58384.172414,15.0,15.0,26.0,26.0,3.3332592609053133,5.777649385569209,0.0,0.0,0.0,2.0,2.0,0.13333333333333333,7319.0,7319.0,487.93333333333334,2014-10-06,2014-10-06,2023-06-02,2023-06-02,29.0,29.0,2026-07-31,2026-07-31,EDLDB.CDM.CUSTOMER_AGGREGATE_SNAPSHOT,EDLDB.MRCH_SANDBOX.CBSA_ZIPCODE_MAPPING,EDLDB.MRCH_SANDBOX.MEDIAN_HOUSEHOLD_INCOME_ZIPCODE,EDLDB.MRCH_SANDBOX.CLINIC_PROFILE,EDLDB.MRCH_SANDBOX.CBSA_POPULATION,"active_customer_yoy_growth, active_customers_per_1000_households, clinic_orders_per_clinic, clinics_per_10000_households, corporate_clinic_share, practice_hub_clinic_share, veterinarians_per_10000_households",Hypothesis,True,market-attractiveness-synthetic-v1,1.0,SYNTHETIC_COMPLETE,prototype_ready,synthetic_prototype_only
proto:885d8c0f57,,"Hammond, LA","Hammond, LA",metropolitan,2026-07-31,2025-07-31,3800,4539.0,-0.162811,-0.032212,50370.0,50370.0,75.44173118919991,133654.0,133654.0,43142.666667,43142.666667,26.0,26.0,44.0,44.0,5.161802660313679,8.735358348223148,0.0,0.0,0.0,8.0,8.0,0.3076923076923077,21787.0,21787.0,837.9615384615385,2013-05-01,2013-05-01,2023-09-28,2023-09-28,15.0,15.0,2026-07-31,2026-07-31,EDLDB.CDM.CUSTOMER_AGGREGATE_SNAPSHOT,EDLDB.MRCH_SANDBOX.CBSA_ZIPCODE_MAPPING,EDLDB.MRCH_SANDBOX.MEDIAN_HOUSEHOLD_INCOME_ZIPCODE,EDLDB.MRCH_SANDBOX.CLINIC_PROFILE,EDLDB.MRCH_SANDBOX.CBSA_POPULATION,"active_customer_yoy_growth, active_customers_per_1000_households, clinic_orders_per_clinic, clinics_per_10000_households, corporate_clinic_share, practice_hub_clinic_share, veterinarians_per_10000_households",Hypothesis,True,market-attractiveness-synthetic-v1,1.0,SYNTHETIC_COMPLETE,prototype_ready,synthetic_prototype_only
proto:ae6b260052,,"Cadillac, MI","Cadillac, MI",micropolitan,2026-07-31,2025-07-31,3795,4313.0,-0.120102,0.050876,28676.0,28676.0,132.3406332821872,48758.0,48758.0,47008.466667,47008.466667,9.0,9.0,12.0,12.0,3.1385130422653087,4.1846840563537455,0.0,0.0,0.0,5.0,5.0,0.5555555555555556,15755.0,15755.0,1750.5555555555557,2014-02-03,2014-02-03,2021-08-20,2021-08-20,15.0,15.0,2026-07-31,2026-07-31,EDLDB.CDM.CUSTOMER_AGGREGATE_SNAPSHOT,EDLDB.MRCH_SANDBOX.CBSA_ZIPCODE_MAPPING,EDLDB.MRCH_SANDBOX.MEDIAN_HOUSEHOLD_INCOME_ZIPCODE,EDLDB.MRCH_SANDBOX.CLINIC_PROFILE,EDLDB.MRCH_SANDBOX.CBSA_POPULATION,"active_customer_yoy_growth, active_customers_per_1000_households, clinic_orders_per_clinic, clinics_per_10000_households, corporate_clinic_share, practice_hub_clinic_share, veterinarians_per_10000_households",Hypothesis,True,market-attractiveness-synthetic-v1,1.0,SYNTHETIC_COMPLETE,prototype_ready,synthetic_prototype_only
proto:53bd3414e3,,"New Philadelphia-Dover, OH","New Philadelphia-Dover, OH",micropolitan,2026-07-31,2025-07-31,3789,4421.0,-0.142954,0.022478,31426.0,31426.0,120.56895564182524,93193.0,93193.0,55781.2,55781.2,9.0,9.0,31.0,31.0,2.8638706803283904,9.864443454464457,1.0,1.0,0.1111111111111111,1.0,1.0,0.1111111111111111,22222.0,22222.0,2469.1111111111113,2012-11-12,2012-11-12,2015-04-16,2015-04-16,15.0,15.0,2026-07-31,2026-07-31,EDLDB.CDM.CUSTOMER_AGGREGATE_SNAPSHOT,EDLDB.MRCH_SANDBOX.CBSA_ZIPCODE_MAPPING,EDLDB.MRCH_SANDBOX.MEDIAN_HOUSEHOLD_INCOME_ZIPCODE,EDLDB.MRCH_SANDBOX.CLINIC_PROFILE,EDLDB.MRCH_SANDBOX.CBSA_POPULATION,"active_customer_yoy_growth, active_customers_per_1000_households, clinic_orders_per_clinic, clinics_per_10000_households, corporate_clinic_share, practice_hub_clinic_share, veterinarians_per_10000_households",Hypothesis,True,market-attractiveness-synthetic-v1,1.0,SYNTHETIC_COMPLETE,prototype_ready,synthetic_prototype_only
proto:b35754c494,,"Marietta, OH","Marietta, OH",micropolitan,2026-07-31,2025-07-31,3765,4279.0,-0.120122,0.050647,27090.0,27090.0,138.9811738648948,59647.0,59647.0,42717.285714,42717.285714,11.0,11.0,11.0,11.0,4.060538944259875,4.060538944259875,0.0,0.0,0.0,2.0,2.0,0.18181818181818182,8785.0,8785.0,798.6363636363636,2013-06-21,2013-06-21,2023-03-27,2023-03-27,21.0,21.0,2026-07-31,2026-07-31,EDLDB.CDM.CUSTOMER_AGGREGATE_SNAPSHOT,EDLDB.MRCH_SANDBOX.CBSA_ZIPCODE_MAPPING,EDLDB.MRCH_SANDBOX.MEDIAN_HOUSEHOLD_INCOME_ZIPCODE,EDLDB.MRCH_SANDBOX.CLINIC_PROFILE,EDLDB.MRCH_SANDBOX.CBSA_POPULATION,"active_customer_yoy_growth, active_customers_per_1000_households, clinic_orders_per_clinic, clinics_per_10000_households, corporate_clinic_share, practice_hub_clinic_share, veterinarians_per_10000_households",Hypothesis,True,market-attractiveness-synthetic-v1,1.0,SYNTHETIC_COMPLETE,prototype_ready,synthetic_prototype_only
proto:d9dbe904f9,,"Goldsboro, NC","Goldsboro, NC",metropolitan,2026-07-31,2025-07-31,3762,4506.0,-0.165113,-0.034506,56391.0,56391.0,66.71277331489067,117221.0,117221.0,43760.636364,43760.636364,15.0,15.0,25.0,25.0,2.6599989360004255,4.43333156000071,0.0,0.0,0.0,2.0,2.0,0.13333333333333333,15542.0,15542.0,1036.1333333333334,2012-12-29,2012-12-29,2023-05-16,2023-05-16,11.0,11.0,2026-07-31,2026-07-31,EDLDB.CDM.CUSTOMER_AGGREGATE_SNAPSHOT,EDLDB.MRCH_SANDBOX.CBSA_ZIPCODE_MAPPING,EDLDB.MRCH_SANDBOX.MEDIAN_HOUSEHOLD_INCOME_ZIPCODE,EDLDB.MRCH_SANDBOX.CLINIC_PROFILE,EDLDB.MRCH_SANDBOX.CBSA_POPULATION,"active_customer_yoy_growth, active_customers_per_1000_households, clinic_orders_per_clinic, clinics_per_10000_households, corporate_clinic_share, practice_hub_clinic_share, veterinarians_per_10000_households",Hypothesis,True,market-attractiveness-synthetic-v1,1.0,SYNTHETIC_COMPLETE,prototype_ready,synthetic_prototype_only
proto:12ea16900b,,"Wooster, OH","Wooster, OH",micropolitan,2026-07-31,2025-07-31,3735,4326.0,-0.136616,0.032228,31934.0,31934.0,116.95997995866475,116923.0,116923.0,60401.444444,60401.444444,16.0,16.0,35.0,35.0,5.010333813490323,10.960105217010083,0.0,0.0,0.0,3.0,3.0,0.1875,25082.0,25082.0,1567.625,2013-10-21,2013-10-21,2021-03-16,2021-03-16,9.0,9.0,2026-07-31,2026-07-31,EDLDB.CDM.CUSTOMER_AGGREGATE_SNAPSHOT,EDLDB.MRCH_SANDBOX.CBSA_ZIPCODE_MAPPING,EDLDB.MRCH_SANDBOX.MEDIAN_HOUSEHOLD_INCOME_ZIPCODE,EDLDB.MRCH_SANDBOX.CLINIC_PROFILE,EDLDB.MRCH_SANDBOX.CBSA_POPULATION,"active_customer_yoy_growth, active_customers_per_1000_households, clinic_orders_per_clinic, clinics_per_10000_households, corporate_clinic_share, practice_hub_clinic_share, veterinarians_per_10000_households",Hypothesis,True,market-attractiveness-synthetic-v1,1.0,SYNTHETIC_COMPLETE,prototype_ready,synthetic_prototype_only
proto:d0a4cc3ad7,,"Findlay, OH","Findlay, OH",micropolitan,2026-07-31,2025-07-31,3685,4179.0,-0.11821,0.053704,31644.0,31644.0,116.45177600809001,74928.0,74928.0,62166.0,62166.0,12.0,12.0,21.0,21.0,3.7921880925293894,6.636329161926431,0.0,0.0,0.0,5.0,5.0,0.4166666666666667,23504.0,23504.0,1958.6666666666667,2012-11-24,2012-11-24,2021-12-15,2021-12-15,13.0,13.0,2026-07-31,2026-07-31,EDLDB.CDM.CUSTOMER_AGGREGATE_SNAPSHOT,EDLDB.MRCH_SANDBOX.CBSA_ZIPCODE_MAPPING,EDLDB.MRCH_SANDBOX.MEDIAN_HOUSEHOLD_INCOME_ZIPCODE,EDLDB.MRCH_SANDBOX.CLINIC_PROFILE,EDLDB.MRCH_SANDBOX.CBSA_POPULATION,"active_customer_yoy_growth, active_customers_per_1000_households, clinic_orders_per_clinic, clinics_per_10000_households, corporate_clinic_share, practice_hub_clinic_share, veterinarians_per_10000_households",Hypothesis,True,market-attractiveness-synthetic-v1,1.0,SYNTHETIC_COMPLETE,prototype_ready,synthetic_prototype_only
proto:4585c6dc69,,"Beaver Dam, WI","Beaver Dam, WI",micropolitan,2026-07-31,2025-07-31,3644,4073.0,-0.105328,0.073305,26741.0,26741.0,136.27014696533413,89353.0,89353.0,67274.0625,67274.0625,15.0,15.0,37.0,37.0,5.609363898133951,13.836430948730415,0.0,0.0,0.0,5.0,5.0,0.3333333333333333,18957.0,18957.0,1263.8,2013-09-16,2013-09-16,2022-10-18,2022-10-18,16.0,16.0,2026-07-31,2026-07-31,EDLDB.CDM.CUSTOMER_AGGREGATE_SNAPSHOT,EDLDB.MRCH_SANDBOX.CBSA_ZIPCODE_MAPPING,EDLDB.MRCH_SANDBOX.MEDIAN_HOUSEHOLD_INCOME_ZIPCODE,EDLDB.MRCH_SANDBOX.CLINIC_PROFILE,EDLDB.MRCH_SANDBOX.CBSA_POPULATION,"active_customer_yoy_growth, active_customers_per_1000_households, clinic_orders_per_clinic, clinics_per_10000_households, corporate_clinic_share, practice_hub_clinic_share, veterinarians_per_10000_households",Hypothesis,True,market-attractiveness-synthetic-v1,1.0,SYNTHETIC_COMPLETE,prototype_ready,synthetic_prototype_only
proto:817474dbeb,,"Whitewater, WI","Whitewater, WI",micropolitan,2026-07-31,2025-07-31,3642,4122.0,-0.116448,0.056429,25438.0,25438.0,143.17163299001496,105323.0,105323.0,68321.142857,68321.142857,16.0,16.0,44.0,44.0,6.289802657441623,17.296957307964462,0.0,0.0,0.0,3.0,3.0,0.1875,29522.0,29522.0,1845.125,2013-05-05,2013-05-05,2023-03-26,2023-03-26,7.0,7.0,2026-07-31,2026-07-31,EDLDB.CDM.CUSTOMER_AGGREGATE_SNAPSHOT,EDLDB.MRCH_SANDBOX.CBSA_ZIPCODE_MAPPING,EDLDB.MRCH_SANDBOX.MEDIAN_HOUSEHOLD_INCOME_ZIPCODE,EDLDB.MRCH_SANDBOX.CLINIC_PROFILE,EDLDB.MRCH_SANDBOX.CBSA_POPULATION,"active_customer_yoy_growth, active_customers_per_1000_households, clinic_orders_per_clinic, clinics_per_10000_households, corporate_clinic_share, practice_hub_clinic_share, veterinarians_per_10000_households",Hypothesis,True,market-attractiveness-synthetic-v1,1.0,SYNTHETIC_COMPLETE,prototype_ready,synthetic_prototype_only
proto:487dcc219e,,"Montrose, CO","Montrose, CO",micropolitan,2026-07-31,2025-07-31,3619,4172.0,-0.13255,0.03684,26149.0,26149.0,138.39917396458756,42818.0,42818.0,50092.642857,50092.642857,14.0,14.0,19.0,19.0,5.353933228804161,7.266052239091361,0.0,0.0,0.0,5.0,5.0,0.35714285714285715,14620.0,14620.0,1044.2857142857142,2013-06-18,2013-06-18,2022-06-20,2022-06-20,14.0,14.0,2026-07-31,2026-07-31,EDLDB.CDM.CUSTOMER_AGGREGATE_SNAPSHOT,EDLDB.MRCH_SANDBOX.CBSA_ZIPCODE_MAPPING,EDLDB.MRCH_SANDBOX.MEDIAN_HOUSEHOLD_INCOME_ZIPCODE,EDLDB.MRCH_SANDBOX.CLINIC_PROFILE,EDLDB.MRCH_SANDBOX.CBSA_POPULATION,"active_customer_yoy_growth, active_customers_per_1000_households, clinic_orders_per_clinic, clinics_per_10000_households, corporate_clinic_share, practice_hub_clinic_share, veterinarians_per_10000_households",Hypothesis,True,market-attractiveness-synthetic-v1,1.0,SYNTHETIC_COMPLETE,prototype_ready,synthetic_prototype_only
proto:3d68fc14a9,,"Show Low, AZ","Show Low, AZ",micropolitan,2026-07-31,2025-07-31,3593,4174.0,-0.139195,0.029209,32248.0,32248.0,111.41776234185066,106763.0,106763.0,32984.08,32984.08,14.0,14.0,29.0,29.0,4.341354502604813,8.992805755395684,0.0,0.0,0.0,3.0,3.0,0.21428571428571427,18142.0,18142.0,1295.857142857143,2012-11-02,2012-11-02,2022-11-04,2022-11-04,25.0,25.0,2026-07-31,2026-07-31,EDLDB.CDM.CUSTOMER_AGGREGATE_SNAPSHOT,EDLDB.MRCH_SANDBOX.CBSA_ZIPCODE_MAPPING,EDLDB.MRCH_SANDBOX.MEDIAN_HOUSEHOLD_INCOME_ZIPCODE,EDLDB.MRCH_SANDBOX.CLINIC_PROFILE,EDLDB.MRCH_SANDBOX.CBSA_POPULATION,"active_customer_yoy_growth, active_customers_per_1000_households, clinic_orders_per_clinic, clinics_per_10000_households, corporate_clinic_share, practice_hub_clinic_share, veterinarians_per_10000_households",Hypothesis,True,market-attractiveness-synthetic-v1,1.0,SYNTHETIC_COMPLETE,prototype_ready,synthetic_prototype_only
proto:6b93805a00,,"Ellensburg, WA","Ellensburg, WA",micropolitan,2026-07-31,2025-07-31,3589,4059.0,-0.115792,0.057716,18935.0,18935.0,189.5431740163718,44599.0,44599.0,43388.333333,43388.333333,10.0,10.0,17.0,17.0,5.281225244256667,8.978082915236335,0.0,0.0,0.0,5.0,5.0,0.5,16339.0,16339.0,1633.9,2013-11-24,2013-11-24,2022-04-28,2022-04-28,9.0,9.0,2026-07-31,2026-07-31,EDLDB.CDM.CUSTOMER_AGGREGATE_SNAPSHOT,EDLDB.MRCH_SANDBOX.CBSA_ZIPCODE_MAPPING,EDLDB.MRCH_SANDBOX.MEDIAN_HOUSEHOLD_INCOME_ZIPCODE,EDLDB.MRCH_SANDBOX.CLINIC_PROFILE,EDLDB.MRCH_SANDBOX.CBSA_POPULATION,"active_customer_yoy_growth, active_customers_per_1000_households, clinic_orders_per_clinic, clinics_per_10000_households, corporate_clinic_share, practice_hub_clinic_share, veterinarians_per_10000_households",Hypothesis,True,market-attractiveness-synthetic-v1,1.0,SYNTHETIC_COMPLETE,prototype_ready,synthetic_prototype_only
proto:f9391f8619,,"Boone, NC","Boone, NC",micropolitan,2026-07-31,2025-07-31,3550,4157.0,-0.146019,0.018719,22803.0,22803.0,155.68127000833223,54122.0,54122.0,45207.25,45207.25,13.0,13.0,22.0,22.0,5.701004253826251,9.64785335262904,0.0,0.0,0.0,5.0,5.0,0.38461538461538464,34138.0,34138.0,2626.0,2013-07-05,2013-07-05,2022-06-25,2022-06-25,8.0,8.0,2026-07-31,2026-07-31,EDLDB.CDM.CUSTOMER_AGGREGATE_SNAPSHOT,EDLDB.MRCH_SANDBOX.CBSA_ZIPCODE_MAPPING,EDLDB.MRCH_SANDBOX.MEDIAN_HOUSEHOLD_INCOME_ZIPCODE,EDLDB.MRCH_SANDBOX.CLINIC_PROFILE,EDLDB.MRCH_SANDBOX.CBSA_POPULATION,"active_customer_yoy_growth, active_customers_per_1000_households, clinic_orders_per_clinic, clinics_per_10000_households, corporate_clinic_share, practice_hub_clinic_share, veterinarians_per_10000_households",Hypothesis,True,market-attractiveness-synthetic-v1,1.0,SYNTHETIC_COMPLETE,prototype_ready,synthetic_prototype_only
proto:6b31b6cc68,,"Clearlake, CA","Clearlake, CA",micropolitan,2026-07-31,2025-07-31,3538,4008.0,-0.117265,0.055173,24217.0,24217.0,146.09571788413098,68199.0,68199.0,47560.384615,47560.384615,10.0,10.0,17.0,17.0,4.129330635503985,7.0198620803567735,0.0,0.0,0.0,2.0,2.0,0.2,28838.0,28838.0,2883.8,2013-04-16,2013-04-16,2023-11-08,2023-11-08,13.0,13.0,2026-07-31,2026-07-31,EDLDB.CDM.CUSTOMER_AGGREGATE_SNAPSHOT,EDLDB.MRCH_SANDBOX.CBSA_ZIPCODE_MAPPING,EDLDB.MRCH_SANDBOX.MEDIAN_HOUSEHOLD_INCOME_ZIPCODE,EDLDB.MRCH_SANDBOX.CLINIC_PROFILE,EDLDB.MRCH_SANDBOX.CBSA_POPULATION,"active_customer_yoy_growth, active_customers_per_1000_households, clinic_orders_per_clinic, clinics_per_10000_households, corporate_clinic_share, practice_hub_clinic_share, veterinarians_per_10000_households",Hypothesis,True,market-attractiveness-synthetic-v1,1.0,SYNTHETIC_COMPLETE,prototype_ready,synthetic_prototype_only
proto:bc3531e7d2,,"Sonora, CA","Sonora, CA",micropolitan,2026-07-31,2025-07-31,3537,4016.0,-0.119273,0.052273,25028.0,25028.0,141.32171967396513,55379.0,55379.0,43910.785714,43910.785714,10.0,10.0,19.0,19.0,3.995525011986575,7.5914975227744925,0.0,0.0,0.0,1.0,1.0,0.1,14567.0,14567.0,1456.7,2013-10-28,2013-10-28,2023-05-09,2023-05-09,14.0,14.0,2026-07-31,2026-07-31,EDLDB.CDM.CUSTOMER_AGGREGATE_SNAPSHOT,EDLDB.MRCH_SANDBOX.CBSA_ZIPCODE_MAPPING,EDLDB.MRCH_SANDBOX.MEDIAN_HOUSEHOLD_INCOME_ZIPCODE,EDLDB.MRCH_SANDBOX.CLINIC_PROFILE,EDLDB.MRCH_SANDBOX.CBSA_POPULATION,"active_customer_yoy_growth, active_customers_per_1000_households, clinic_orders_per_clinic, clinics_per_10000_households, corporate_clinic_share, practice_hub_clinic_share, veterinarians_per_10000_households",Hypothesis,True,market-attractiveness-synthetic-v1,1.0,SYNTHETIC_COMPLETE,prototype_ready,synthetic_prototype_only
proto:8246a438a2,,"Klamath Falls, OR","Klamath Falls, OR",micropolitan,2026-07-31,2025-07-31,3536,4014.0,-0.119083,0.052984,27749.0,27749.0,127.42801542397925,69553.0,69553.0,36931.117647,36931.117647,14.0,14.0,21.0,21.0,5.045226855021803,7.567840282532704,0.0,0.0,0.0,5.0,5.0,0.35714285714285715,10986.0,10986.0,784.7142857142857,2013-01-12,2013-01-12,2023-03-09,2023-03-09,17.0,17.0,2026-07-31,2026-07-31,EDLDB.CDM.CUSTOMER_AGGREGATE_SNAPSHOT,EDLDB.MRCH_SANDBOX.CBSA_ZIPCODE_MAPPING,EDLDB.MRCH_SANDBOX.MEDIAN_HOUSEHOLD_INCOME_ZIPCODE,EDLDB.MRCH_SANDBOX.CLINIC_PROFILE,EDLDB.MRCH_SANDBOX.CBSA_POPULATION,"active_customer_yoy_growth, active_customers_per_1000_households, clinic_orders_per_clinic, clinics_per_10000_households, corporate_clinic_share, practice_hub_clinic_share, veterinarians_per_10000_households",Hypothesis,True,market-attractiveness-synthetic-v1,1.0,SYNTHETIC_COMPLETE,prototype_ready,synthetic_prototype_only
proto:fa98e1f4e2,,"Anniston-Oxford, AL","Anniston-Oxford, AL",metropolitan,2026-07-31,2025-07-31,3503,4282.0,-0.181924,-0.067282,51627.0,51627.0,67.85209289712748,116243.0,116243.0,49819.692308,49819.692308,16.0,16.0,18.0,18.0,3.09915354368838,3.4865477366494275,0.0,0.0,0.0,5.0,5.0,0.3125,9205.0,9205.0,575.3125,2014-01-01,2014-01-01,2022-02-28,2022-02-28,13.0,13.0,2026-07-31,2026-07-31,EDLDB.CDM.CUSTOMER_AGGREGATE_SNAPSHOT,EDLDB.MRCH_SANDBOX.CBSA_ZIPCODE_MAPPING,EDLDB.MRCH_SANDBOX.MEDIAN_HOUSEHOLD_INCOME_ZIPCODE,EDLDB.MRCH_SANDBOX.CLINIC_PROFILE,EDLDB.MRCH_SANDBOX.CBSA_POPULATION,"active_customer_yoy_growth, active_customers_per_1000_households, clinic_orders_per_clinic, clinics_per_10000_households, corporate_clinic_share, practice_hub_clinic_share, veterinarians_per_10000_households",Hypothesis,True,market-attractiveness-synthetic-v1,1.0,SYNTHETIC_COMPLETE,prototype_ready,synthetic_prototype_only
proto:d99b8dc287,,"Chillicothe, OH","Chillicothe, OH",micropolitan,2026-07-31,2025-07-31,3491,4117.0,-0.152052,0.00879,36523.0,36523.0,95.58360485173726,77049.0,77049.0,41321.111111,41321.111111,8.0,8.0,19.0,19.0,2.190400569504148,5.202201352572351,0.0,0.0,0.0,3.0,3.0,0.375,14655.0,14655.0,1831.875,2012-11-04,2012-11-04,2015-01-15,2015-01-15,9.0,9.0,2026-07-31,2026-07-31,EDLDB.CDM.CUSTOMER_AGGREGATE_SNAPSHOT,EDLDB.MRCH_SANDBOX.CBSA_ZIPCODE_MAPPING,EDLDB.MRCH_SANDBOX.MEDIAN_HOUSEHOLD_INCOME_ZIPCODE,EDLDB.MRCH_SANDBOX.CLINIC_PROFILE,EDLDB.MRCH_SANDBOX.CBSA_POPULATION,"active_customer_yoy_growth, active_customers_per_1000_households, clinic_orders_per_clinic, clinics_per_10000_households, corporate_clinic_share, practice_hub_clinic_share, veterinarians_per_10000_households",Hypothesis,True,market-attractiveness-synthetic-v1,1.0,SYNTHETIC_COMPLETE,prototype_ready,synthetic_prototype_only
proto:df5c688b85,,"Pahrump, NV","Pahrump, NV",micropolitan,2026-07-31,2025-07-31,3483,4146.0,-0.159913,-0.00019,19198.0,19198.0,181.42514845296384,51963.0,51963.0,39923.111111,39923.111111,8.0,8.0,8.0,8.0,4.167100739660381,4.167100739660381,0.0,0.0,0.0,3.0,3.0,0.375,11827.0,11827.0,1478.375,2012-11-05,2012-11-05,2021-09-14,2021-09-14,9.0,9.0,2026-07-31,2026-07-31,EDLDB.CDM.CUSTOMER_AGGREGATE_SNAPSHOT,EDLDB.MRCH_SANDBOX.CBSA_ZIPCODE_MAPPING,EDLDB.MRCH_SANDBOX.MEDIAN_HOUSEHOLD_INCOME_ZIPCODE,EDLDB.MRCH_SANDBOX.CLINIC_PROFILE,EDLDB.MRCH_SANDBOX.CBSA_POPULATION,"active_customer_yoy_growth, active_customers_per_1000_households, clinic_orders_per_clinic, clinics_per_10000_households, corporate_clinic_share, practice_hub_clinic_share, veterinarians_per_10000_households",Hypothesis,True,market-attractiveness-synthetic-v1,1.0,SYNTHETIC_COMPLETE,prototype_ready,synthetic_prototype_only
proto:e3bd8d3143,,"Hermiston-Pendleton, OR","Hermiston-Pendleton, OR",micropolitan,2026-07-31,2025-07-31,3471,4015.0,-0.135492,0.033369,31456.0,31456.0,110.34460834181078,92329.0,92329.0,49797.894737,49797.894737,12.0,12.0,18.0,18.0,3.814852492370295,5.722278738555443,0.0,0.0,0.0,3.0,3.0,0.25,9760.0,9760.0,813.3333333333334,2013-11-18,2013-11-18,2023-06-02,2023-06-02,19.0,19.0,2026-07-31,2026-07-31,EDLDB.CDM.CUSTOMER_AGGREGATE_SNAPSHOT,EDLDB.MRCH_SANDBOX.CBSA_ZIPCODE_MAPPING,EDLDB.MRCH_SANDBOX.MEDIAN_HOUSEHOLD_INCOME_ZIPCODE,EDLDB.MRCH_SANDBOX.CLINIC_PROFILE,EDLDB.MRCH_SANDBOX.CBSA_POPULATION,"active_customer_yoy_growth, active_customers_per_1000_households, clinic_orders_per_clinic, clinics_per_10000_households, corporate_clinic_share, practice_hub_clinic_share, veterinarians_per_10000_households",Hypothesis,True,market-attractiveness-synthetic-v1,1.0,SYNTHETIC_COMPLETE,prototype_ready,synthetic_prototype_only
proto:1f86cd2ab1,,"Casper, WY","Casper, WY",metropolitan,2026-07-31,2025-07-31,3424,3976.0,-0.138833,0.008731,33175.0,33175.0,103.21024868123587,80299.0,80299.0,42230.615385,42230.615385,14.0,14.0,24.0,24.0,4.220045214770158,7.234363225320272,0.0,0.0,0.0,2.0,2.0,0.14285714285714285,14083.0,14083.0,1005.9285714285714,2013-12-14,2013-12-14,2022-04-22,2022-04-22,13.0,13.0,2026-07-31,2026-07-31,EDLDB.CDM.CUSTOMER_AGGREGATE_SNAPSHOT,EDLDB.MRCH_SANDBOX.CBSA_ZIPCODE_MAPPING,EDLDB.MRCH_SANDBOX.MEDIAN_HOUSEHOLD_INCOME_ZIPCODE,EDLDB.MRCH_SANDBOX.CLINIC_PROFILE,EDLDB.MRCH_SANDBOX.CBSA_POPULATION,"active_customer_yoy_growth, active_customers_per_1000_households, clinic_orders_per_clinic, clinics_per_10000_households, corporate_clinic_share, practice_hub_clinic_share, veterinarians_per_10000_households",Hypothesis,True,market-attractiveness-synthetic-v1,1.0,SYNTHETIC_COMPLETE,prototype_ready,synthetic_prototype_only
proto:beddc244cb,,"Lake City, FL","Lake City, FL",micropolitan,2026-07-31,2025-07-31,3409,3983.0,-0.144112,0.020228,26860.0,26860.0,126.91734921816827,69740.0,69740.0,54360.714286,54360.714286,7.0,7.0,15.0,15.0,2.6061057334326136,5.584512285927029,0.0,0.0,0.0,2.0,2.0,0.2857142857142857,10073.0,10073.0,1439.0,2013-09-28,2013-09-28,2023-04-26,2023-04-26,7.0,7.0,2026-07-31,2026-07-31,EDLDB.CDM.CUSTOMER_AGGREGATE_SNAPSHOT,EDLDB.MRCH_SANDBOX.CBSA_ZIPCODE_MAPPING,EDLDB.MRCH_SANDBOX.MEDIAN_HOUSEHOLD_INCOME_ZIPCODE,EDLDB.MRCH_SANDBOX.CLINIC_PROFILE,EDLDB.MRCH_SANDBOX.CBSA_POPULATION,"active_customer_yoy_growth, active_customers_per_1000_households, clinic_orders_per_clinic, clinics_per_10000_households, corporate_clinic_share, practice_hub_clinic_share, veterinarians_per_10000_households",Hypothesis,True,market-attractiveness-synthetic-v1,1.0,SYNTHETIC_COMPLETE,prototype_ready,synthetic_prototype_only
proto:2607ebdad1,,"Salem, OH","Salem, OH",micropolitan,2026-07-31,2025-07-31,3398,3886.0,-0.125579,0.043675,24767.0,24767.0,137.19869180764726,101642.0,101642.0,51137.636364,51137.636364,17.0,17.0,33.0,33.0,6.863972221100658,13.324181370371866,0.0,0.0,0.0,7.0,7.0,0.4117647058823529,41472.0,41472.0,2439.529411764706,2013-12-10,2013-12-10,2023-04-01,2023-04-01,11.0,11.0,2026-07-31,2026-07-31,EDLDB.CDM.CUSTOMER_AGGREGATE_SNAPSHOT,EDLDB.MRCH_SANDBOX.CBSA_ZIPCODE_MAPPING,EDLDB.MRCH_SANDBOX.MEDIAN_HOUSEHOLD_INCOME_ZIPCODE,EDLDB.MRCH_SANDBOX.CLINIC_PROFILE,EDLDB.MRCH_SANDBOX.CBSA_POPULATION,"active_customer_yoy_growth, active_customers_per_1000_households, clinic_orders_per_clinic, clinics_per_10000_households, corporate_clinic_share, practice_hub_clinic_share, veterinarians_per_10000_households",Hypothesis,True,market-attractiveness-synthetic-v1,1.0,SYNTHETIC_COMPLETE,prototype_ready,synthetic_prototype_only
proto:2a967e190c,,"Minot, ND","Minot, ND",micropolitan,2026-07-31,2025-07-31,3395,3693.0,-0.080693,0.100353,35351.0,35351.0,96.03688721676897,77527.0,77527.0,67249.444444,67249.444444,10.0,10.0,10.0,10.0,2.828774292099234,2.828774292099234,0.0,0.0,0.0,2.0,2.0,0.2,5662.0,5662.0,566.2,2012-12-20,2012-12-20,2023-05-24,2023-05-24,45.0,45.0,2026-07-31,2026-07-31,EDLDB.CDM.CUSTOMER_AGGREGATE_SNAPSHOT,EDLDB.MRCH_SANDBOX.CBSA_ZIPCODE_MAPPING,EDLDB.MRCH_SANDBOX.MEDIAN_HOUSEHOLD_INCOME_ZIPCODE,EDLDB.MRCH_SANDBOX.CLINIC_PROFILE,EDLDB.MRCH_SANDBOX.CBSA_POPULATION,"active_customer_yoy_growth, active_customers_per_1000_households, clinic_orders_per_clinic, clinics_per_10000_households, corporate_clinic_share, practice_hub_clinic_share, veterinarians_per_10000_households",Hypothesis,True,market-attractiveness-synthetic-v1,1.0,SYNTHETIC_COMPLETE,prototype_ready,synthetic_prototype_only
proto:acee4a3604,,"Lawton, OK","Lawton, OK",metropolitan,2026-07-31,2025-07-31,3392,3988.0,-0.149448,-0.007184,46432.0,46432.0,73.05306685044796,126660.0,126660.0,59593.388889,59593.388889,18.0,18.0,26.0,26.0,3.8766368022053754,5.599586492074431,0.0,0.0,0.0,6.0,6.0,0.3333333333333333,13349.0,13349.0,741.6111111111111,2013-09-05,2013-09-05,2023-02-03,2023-02-03,18.0,18.0,2026-07-31,2026-07-31,EDLDB.CDM.CUSTOMER_AGGREGATE_SNAPSHOT,EDLDB.MRCH_SANDBOX.CBSA_ZIPCODE_MAPPING,EDLDB.MRCH_SANDBOX.MEDIAN_HOUSEHOLD_INCOME_ZIPCODE,EDLDB.MRCH_SANDBOX.CLINIC_PROFILE,EDLDB.MRCH_SANDBOX.CBSA_POPULATION,"active_customer_yoy_growth, active_customers_per_1000_households, clinic_orders_per_clinic, clinics_per_10000_households, corporate_clinic_share, practice_hub_clinic_share, veterinarians_per_10000_households",Hypothesis,True,market-attractiveness-synthetic-v1,1.0,SYNTHETIC_COMPLETE,prototype_ready,synthetic_prototype_only
proto:90d8d27764,,"Shelton, WA","Shelton, WA",micropolitan,2026-07-31,2025-07-31,3379,3968.0,-0.148438,0.014325,19657.0,19657.0,171.89805158467723,66034.0,66034.0,69100.75,69100.75,7.0,7.0,17.0,17.0,3.561072391514473,8.648318665106578,0.0,0.0,0.0,3.0,3.0,0.42857142857142855,13253.0,13253.0,1893.2857142857142,2013-04-25,2013-04-25,2022-04-21,2022-04-21,8.0,8.0,2026-07-31,2026-07-31,EDLDB.CDM.CUSTOMER_AGGREGATE_SNAPSHOT,EDLDB.MRCH_SANDBOX.CBSA_ZIPCODE_MAPPING,EDLDB.MRCH_SANDBOX.MEDIAN_HOUSEHOLD_INCOME_ZIPCODE,EDLDB.MRCH_SANDBOX.CLINIC_PROFILE,EDLDB.MRCH_SANDBOX.CBSA_POPULATION,"active_customer_yoy_growth, active_customers_per_1000_households, clinic_orders_per_clinic, clinics_per_10000_households, corporate_clinic_share, practice_hub_clinic_share, veterinarians_per_10000_households",Hypothesis,True,market-attractiveness-synthetic-v1,1.0,SYNTHETIC_COMPLETE,prototype_ready,synthetic_prototype_only
proto:c58092f557,,"Elko, NV","Elko, NV",micropolitan,2026-07-31,2025-07-31,3374,3786.0,-0.108822,0.06895,21451.0,21451.0,157.28870448930118,55516.0,55516.0,43335.705882,43335.705882,9.0,9.0,12.0,12.0,4.195608596335835,5.594144795114447,0.0,0.0,0.0,3.0,3.0,0.3333333333333333,7692.0,7692.0,854.6666666666666,2013-06-12,2013-06-12,2023-11-06,2023-11-06,17.0,17.0,2026-07-31,2026-07-31,EDLDB.CDM.CUSTOMER_AGGREGATE_SNAPSHOT,EDLDB.MRCH_SANDBOX.CBSA_ZIPCODE_MAPPING,EDLDB.MRCH_SANDBOX.MEDIAN_HOUSEHOLD_INCOME_ZIPCODE,EDLDB.MRCH_SANDBOX.CLINIC_PROFILE,EDLDB.MRCH_SANDBOX.CBSA_POPULATION,"active_customer_yoy_growth, active_customers_per_1000_households, clinic_orders_per_clinic, clinics_per_10000_households, corporate_clinic_share, practice_hub_clinic_share, veterinarians_per_10000_households",Hypothesis,True,market-attractiveness-synthetic-v1,1.0,SYNTHETIC_COMPLETE,prototype_ready,synthetic_prototype_only
proto:840837fbde,,"Sandusky, OH","Sandusky, OH",micropolitan,2026-07-31,2025-07-31,3336,3748.0,-0.109925,0.066633,26104.0,26104.0,127.79650628256206,115777.0,115777.0,55048.0,55048.0,5.0,5.0,11.0,11.0,1.9154152620288079,4.213913576463377,0.0,0.0,0.0,2.0,2.0,0.4,7549.0,7549.0,1509.8,2014-02-11,2014-02-11,2016-01-06,2016-01-06,7.0,7.0,2026-07-31,2026-07-31,EDLDB.CDM.CUSTOMER_AGGREGATE_SNAPSHOT,EDLDB.MRCH_SANDBOX.CBSA_ZIPCODE_MAPPING,EDLDB.MRCH_SANDBOX.MEDIAN_HOUSEHOLD_INCOME_ZIPCODE,EDLDB.MRCH_SANDBOX.CLINIC_PROFILE,EDLDB.MRCH_SANDBOX.CBSA_POPULATION,"active_customer_yoy_growth, active_customers_per_1000_households, clinic_orders_per_clinic, clinics_per_10000_households, corporate_clinic_share, practice_hub_clinic_share, veterinarians_per_10000_households",Hypothesis,True,market-attractiveness-synthetic-v1,1.0,SYNTHETIC_COMPLETE,prototype_ready,synthetic_prototype_only
proto:92bfca8073,,"Danville, KY","Danville, KY",micropolitan,2026-07-31,2025-07-31,3332,3859.0,-0.136564,0.032417,37068.0,37068.0,89.88885291895974,55008.0,55008.0,45298.142857,45298.142857,10.0,10.0,14.0,14.0,2.6977446854429696,3.776842559620158,0.0,0.0,0.0,2.0,2.0,0.2,8203.0,8203.0,820.3,2013-10-21,2013-10-21,2015-02-12,2015-02-12,14.0,14.0,2026-07-31,2026-07-31,EDLDB.CDM.CUSTOMER_AGGREGATE_SNAPSHOT,EDLDB.MRCH_SANDBOX.CBSA_ZIPCODE_MAPPING,EDLDB.MRCH_SANDBOX.MEDIAN_HOUSEHOLD_INCOME_ZIPCODE,EDLDB.MRCH_SANDBOX.CLINIC_PROFILE,EDLDB.MRCH_SANDBOX.CBSA_POPULATION,"active_customer_yoy_growth, active_customers_per_1000_households, clinic_orders_per_clinic, clinics_per_10000_households, corporate_clinic_share, practice_hub_clinic_share, veterinarians_per_10000_households",Hypothesis,True,market-attractiveness-synthetic-v1,1.0,SYNTHETIC_COMPLETE,prototype_ready,synthetic_prototype_only
proto:5a630bb96c,,"Jackson, WY-ID","Jackson, WY-ID",micropolitan,2026-07-31,2025-07-31,3329,3609.0,-0.077584,0.108323,14409.0,14409.0,231.0361579568325,35114.0,35114.0,52935.0,52935.0,10.0,10.0,24.0,24.0,6.940106877645916,16.6562565063502,0.0,0.0,0.0,6.0,6.0,0.6,21916.0,21916.0,2191.6,2012-12-21,2012-12-21,2023-10-09,2023-10-09,12.0,12.0,2026-07-31,2026-07-31,EDLDB.CDM.CUSTOMER_AGGREGATE_SNAPSHOT,EDLDB.MRCH_SANDBOX.CBSA_ZIPCODE_MAPPING,EDLDB.MRCH_SANDBOX.MEDIAN_HOUSEHOLD_INCOME_ZIPCODE,EDLDB.MRCH_SANDBOX.CLINIC_PROFILE,EDLDB.MRCH_SANDBOX.CBSA_POPULATION,"active_customer_yoy_growth, active_customers_per_1000_households, clinic_orders_per_clinic, clinics_per_10000_households, corporate_clinic_share, practice_hub_clinic_share, veterinarians_per_10000_households",Hypothesis,True,market-attractiveness-synthetic-v1,1.0,SYNTHETIC_COMPLETE,prototype_ready,synthetic_prototype_only
proto:4a5ba55149,,"Edwards, CO","Edwards, CO",micropolitan,2026-07-31,2025-07-31,3309,3590.0,-0.078273,0.106754,15630.0,15630.0,211.70825335892516,55657.0,55657.0,72648.636364,72648.636364,20.0,20.0,36.0,36.0,12.795905310300704,23.032629558541267,0.0,0.0,0.0,8.0,8.0,0.4,34508.0,34508.0,1725.4,2013-05-07,2013-05-07,2023-07-16,2023-07-16,11.0,11.0,2026-07-31,2026-07-31,EDLDB.CDM.CUSTOMER_AGGREGATE_SNAPSHOT,EDLDB.MRCH_SANDBOX.CBSA_ZIPCODE_MAPPING,EDLDB.MRCH_SANDBOX.MEDIAN_HOUSEHOLD_INCOME_ZIPCODE,EDLDB.MRCH_SANDBOX.CLINIC_PROFILE,EDLDB.MRCH_SANDBOX.CBSA_POPULATION,"active_customer_yoy_growth, active_customers_per_1000_households, clinic_orders_per_clinic, clinics_per_10000_households, corporate_clinic_share, practice_hub_clinic_share, veterinarians_per_10000_households",Hypothesis,True,market-attractiveness-synthetic-v1,1.0,SYNTHETIC_COMPLETE,prototype_ready,synthetic_prototype_only
proto:3e7362172c,,"Texarkana, TX-AR","Texarkana, TX-AR",metropolitan,2026-07-31,2025-07-31,3282,3944.0,-0.16785,-0.040794,56488.0,56488.0,58.100835575697495,147485.0,147485.0,46077.8,46077.8,17.0,17.0,22.0,22.0,3.0094887409715336,3.8946324883161028,0.0,0.0,0.0,7.0,7.0,0.4117647058823529,12574.0,12574.0,739.6470588235294,2013-09-25,2013-09-25,2022-11-02,2022-11-02,20.0,20.0,2026-07-31,2026-07-31,EDLDB.CDM.CUSTOMER_AGGREGATE_SNAPSHOT,EDLDB.MRCH_SANDBOX.CBSA_ZIPCODE_MAPPING,EDLDB.MRCH_SANDBOX.MEDIAN_HOUSEHOLD_INCOME_ZIPCODE,EDLDB.MRCH_SANDBOX.CLINIC_PROFILE,EDLDB.MRCH_SANDBOX.CBSA_POPULATION,"active_customer_yoy_growth, active_customers_per_1000_households, clinic_orders_per_clinic, clinics_per_10000_households, corporate_clinic_share, practice_hub_clinic_share, veterinarians_per_10000_households",Hypothesis,True,market-attractiveness-synthetic-v1,1.0,SYNTHETIC_COMPLETE,prototype_ready,synthetic_prototype_only
proto:3f1f530239,,"Lewistown, PA","Lewistown, PA",micropolitan,2026-07-31,2025-07-31,3264,3711.0,-0.120453,0.050418,22536.0,22536.0,144.83493077742278,46137.0,46137.0,50444.75,50444.75,2.0,2.0,2.0,2.0,0.8874689385871495,0.8874689385871495,0.0,0.0,0.0,0.0,0.0,0.0,839.0,839.0,419.5,2013-11-06,2013-11-06,2014-09-28,2014-09-28,12.0,12.0,2026-07-31,2026-07-31,EDLDB.CDM.CUSTOMER_AGGREGATE_SNAPSHOT,EDLDB.MRCH_SANDBOX.CBSA_ZIPCODE_MAPPING,EDLDB.MRCH_SANDBOX.MEDIAN_HOUSEHOLD_INCOME_ZIPCODE,EDLDB.MRCH_SANDBOX.CLINIC_PROFILE,EDLDB.MRCH_SANDBOX.CBSA_POPULATION,"active_customer_yoy_growth, active_customers_per_1000_households, clinic_orders_per_clinic, clinics_per_10000_households, corporate_clinic_share, practice_hub_clinic_share, veterinarians_per_10000_households",Hypothesis,True,market-attractiveness-synthetic-v1,1.0,SYNTHETIC_COMPLETE,prototype_ready,synthetic_prototype_only
proto:8928042f82,,"Fernley, NV","Fernley, NV",micropolitan,2026-07-31,2025-07-31,3263,3664.0,-0.109443,0.067609,14550.0,14550.0,224.2611683848797,,36368.0,29925.8,29925.8,6.0,6.0,11.0,11.0,4.123711340206186,7.560137457044674,0.0,0.0,0.0,1.0,1.0,0.16666666666666666,10766.0,10766.0,1794.3333333333333,2013-10-24,2013-10-24,2021-07-01,2021-07-01,5.0,5.0,2026-07-31,2026-07-31,EDLDB.CDM.CUSTOMER_AGGREGATE_SNAPSHOT,EDLDB.MRCH_SANDBOX.CBSA_ZIPCODE_MAPPING,EDLDB.MRCH_SANDBOX.MEDIAN_HOUSEHOLD_INCOME_ZIPCODE,EDLDB.MRCH_SANDBOX.CLINIC_PROFILE,EDLDB.MRCH_SANDBOX.CBSA_POPULATION,"active_customer_yoy_growth, active_customers_per_1000_households, clinic_orders_per_clinic, clinics_per_10000_households, corporate_clinic_share, practice_hub_clinic_share, total_population, veterinarians_per_10000_households",Hypothesis,True,market-attractiveness-synthetic-v1,1.0,SYNTHETIC_COMPLETE,prototype_ready,synthetic_prototype_only
proto:15096cd1bf,,"Statesboro, GA","Statesboro, GA",micropolitan,2026-07-31,2025-07-31,3232,3789.0,-0.147004,0.016249,36311.0,36311.0,89.00884029632894,90714.0,90714.0,40931.9,40931.9,7.0,7.0,13.0,13.0,1.927790476715045,3.5801823138993694,0.0,0.0,0.0,6.0,6.0,0.8571428571428571,20255.0,20255.0,2893.5714285714284,2012-10-24,2012-10-24,2022-01-29,2022-01-29,10.0,10.0,2026-07-31,2026-07-31,EDLDB.CDM.CUSTOMER_AGGREGATE_SNAPSHOT,EDLDB.MRCH_SANDBOX.CBSA_ZIPCODE_MAPPING,EDLDB.MRCH_SANDBOX.MEDIAN_HOUSEHOLD_INCOME_ZIPCODE,EDLDB.MRCH_SANDBOX.CLINIC_PROFILE,EDLDB.MRCH_SANDBOX.CBSA_POPULATION,"active_customer_yoy_growth, active_customers_per_1000_households, clinic_orders_per_clinic, clinics_per_10000_households, corporate_clinic_share, practice_hub_clinic_share, veterinarians_per_10000_households",Hypothesis,True,market-attractiveness-synthetic-v1,1.0,SYNTHETIC_COMPLETE,prototype_ready,synthetic_prototype_only
proto:aa5808b352,,"Lewisburg, PA","Lewisburg, PA",micropolitan,2026-07-31,2025-07-31,3211,3585.0,-0.104324,0.074488,14877.0,14877.0,215.83652618135378,42646.0,42646.0,60525.0,60525.0,4.0,4.0,6.0,6.0,2.688714122470928,4.033071183706392,0.0,0.0,0.0,0.0,0.0,0.0,9613.0,9613.0,2403.25,2012-11-06,2012-11-06,2021-06-12,2021-06-12,12.0,12.0,2026-07-31,2026-07-31,EDLDB.CDM.CUSTOMER_AGGREGATE_SNAPSHOT,EDLDB.MRCH_SANDBOX.CBSA_ZIPCODE_MAPPING,EDLDB.MRCH_SANDBOX.MEDIAN_HOUSEHOLD_INCOME_ZIPCODE,EDLDB.MRCH_SANDBOX.CLINIC_PROFILE,EDLDB.MRCH_SANDBOX.CBSA_POPULATION,"active_customer_yoy_growth, active_customers_per_1000_households, clinic_orders_per_clinic, clinics_per_10000_households, corporate_clinic_share, practice_hub_clinic_share, veterinarians_per_10000_households",Hypothesis,True,market-attractiveness-synthetic-v1,1.0,SYNTHETIC_COMPLETE,prototype_ready,synthetic_prototype_only
proto:fbcfc73b48,,"Oil City, PA","Oil City, PA",micropolitan,2026-07-31,2025-07-31,3211,3600.0,-0.108056,0.071059,21729.0,21729.0,147.77486308619817,50365.0,50365.0,50069.153846,50069.153846,6.0,6.0,9.0,9.0,2.7612867596299875,4.141930139444981,0.0,0.0,0.0,3.0,3.0,0.5,13501.0,13501.0,2250.1666666666665,2014-07-26,2014-07-26,2022-12-21,2022-12-21,13.0,13.0,2026-07-31,2026-07-31,EDLDB.CDM.CUSTOMER_AGGREGATE_SNAPSHOT,EDLDB.MRCH_SANDBOX.CBSA_ZIPCODE_MAPPING,EDLDB.MRCH_SANDBOX.MEDIAN_HOUSEHOLD_INCOME_ZIPCODE,EDLDB.MRCH_SANDBOX.CLINIC_PROFILE,EDLDB.MRCH_SANDBOX.CBSA_POPULATION,"active_customer_yoy_growth, active_customers_per_1000_households, clinic_orders_per_clinic, clinics_per_10000_households, corporate_clinic_share, practice_hub_clinic_share, veterinarians_per_10000_households",Hypothesis,True,market-attractiveness-synthetic-v1,1.0,SYNTHETIC_COMPLETE,prototype_ready,synthetic_prototype_only
proto:1ea0b01c10,,"Portsmouth, OH","Portsmouth, OH",micropolitan,2026-07-31,2025-07-31,3204,3691.0,-0.131943,0.037427,35498.0,35498.0,90.25860611865458,73848.0,73848.0,38312.933333,38312.933333,6.0,6.0,10.0,10.0,1.690236069637726,2.8170601160628768,0.0,0.0,0.0,2.0,2.0,0.3333333333333333,20572.0,20572.0,3428.6666666666665,2013-10-07,2013-10-07,2021-08-31,2021-08-31,15.0,15.0,2026-07-31,2026-07-31,EDLDB.CDM.CUSTOMER_AGGREGATE_SNAPSHOT,EDLDB.MRCH_SANDBOX.CBSA_ZIPCODE_MAPPING,EDLDB.MRCH_SANDBOX.MEDIAN_HOUSEHOLD_INCOME_ZIPCODE,EDLDB.MRCH_SANDBOX.CLINIC_PROFILE,EDLDB.MRCH_SANDBOX.CBSA_POPULATION,"active_customer_yoy_growth, active_customers_per_1000_households, clinic_orders_per_clinic, clinics_per_10000_households, corporate_clinic_share, practice_hub_clinic_share, veterinarians_per_10000_households",Hypothesis,True,market-attractiveness-synthetic-v1,1.0,SYNTHETIC_COMPLETE,prototype_ready,synthetic_prototype_only
proto:e31517587e,,"Odessa, TX","Odessa, TX",metropolitan,2026-07-31,2025-07-31,3198,3908.0,-0.181679,-0.063861,55721.0,55721.0,57.39308339764182,165490.0,165490.0,60161.333333,60161.333333,13.0,13.0,10.0,10.0,2.3330521706358462,1.794655515873728,0.0,0.0,0.0,2.0,2.0,0.15384615384615385,9213.0,9213.0,708.6923076923077,2013-11-24,2013-11-24,2022-05-06,2022-05-06,9.0,9.0,2026-07-31,2026-07-31,EDLDB.CDM.CUSTOMER_AGGREGATE_SNAPSHOT,EDLDB.MRCH_SANDBOX.CBSA_ZIPCODE_MAPPING,EDLDB.MRCH_SANDBOX.MEDIAN_HOUSEHOLD_INCOME_ZIPCODE,EDLDB.MRCH_SANDBOX.CLINIC_PROFILE,EDLDB.MRCH_SANDBOX.CBSA_POPULATION,"active_customer_yoy_growth, active_customers_per_1000_households, clinic_orders_per_clinic, clinics_per_10000_households, corporate_clinic_share, practice_hub_clinic_share, veterinarians_per_10000_households",Hypothesis,True,market-attractiveness-synthetic-v1,1.0,SYNTHETIC_COMPLETE,prototype_ready,synthetic_prototype_only
proto:3be7e336c2,,"Charleston-Mattoon, IL","Charleston-Mattoon, IL",micropolitan,2026-07-31,2025-07-31,3192,3643.0,-0.123799,0.046212,35602.0,35602.0,89.6578843885175,46760.0,46760.0,58298.227273,58298.227273,5.0,5.0,9.0,9.0,1.4044154822762764,2.527947868097298,0.0,0.0,0.0,3.0,3.0,0.6,7244.0,7244.0,1448.8,2012-12-17,2012-12-17,2020-06-12,2020-06-12,22.0,22.0,2026-07-31,2026-07-31,EDLDB.CDM.CUSTOMER_AGGREGATE_SNAPSHOT,EDLDB.MRCH_SANDBOX.CBSA_ZIPCODE_MAPPING,EDLDB.MRCH_SANDBOX.MEDIAN_HOUSEHOLD_INCOME_ZIPCODE,EDLDB.MRCH_SANDBOX.CLINIC_PROFILE,EDLDB.MRCH_SANDBOX.CBSA_POPULATION,"active_customer_yoy_growth, active_customers_per_1000_households, clinic_orders_per_clinic, clinics_per_10000_households, corporate_clinic_share, practice_hub_clinic_share, veterinarians_per_10000_households",Hypothesis,True,market-attractiveness-synthetic-v1,1.0,SYNTHETIC_COMPLETE,prototype_ready,synthetic_prototype_only
proto:8fdccf2b5e,,"Malone, NY","Malone, NY",micropolitan,2026-07-31,2025-07-31,3159,3600.0,-0.1225,0.047294,20666.0,20666.0,152.85976966998936,,51655.0,56192.571429,56192.571429,9.0,9.0,13.0,13.0,4.354979192877189,6.290525500822607,0.0,0.0,0.0,3.0,3.0,0.3333333333333333,5329.0,5329.0,592.1111111111111,2014-01-04,2014-01-04,2023-02-23,2023-02-23,21.0,21.0,2026-07-31,2026-07-31,EDLDB.CDM.CUSTOMER_AGGREGATE_SNAPSHOT,EDLDB.MRCH_SANDBOX.CBSA_ZIPCODE_MAPPING,EDLDB.MRCH_SANDBOX.MEDIAN_HOUSEHOLD_INCOME_ZIPCODE,EDLDB.MRCH_SANDBOX.CLINIC_PROFILE,EDLDB.MRCH_SANDBOX.CBSA_POPULATION,"active_customer_yoy_growth, active_customers_per_1000_households, clinic_orders_per_clinic, clinics_per_10000_households, corporate_clinic_share, practice_hub_clinic_share, total_population, veterinarians_per_10000_households",Hypothesis,True,market-attractiveness-synthetic-v1,1.0,SYNTHETIC_COMPLETE,prototype_ready,synthetic_prototype_only
proto:c9920aeb7f,,"New Castle, PA","New Castle, PA",micropolitan,2026-07-31,2025-07-31,3133,3626.0,-0.135962,0.032988,25738.0,25738.0,121.72662988577201,,64332.0,47889.888889,47889.888889,8.0,8.0,13.0,13.0,3.108244618851504,5.050897505633693,0.0,0.0,0.0,3.0,3.0,0.375,12104.0,12104.0,1513.0,2012-11-30,2012-11-30,2018-01-06,2018-01-06,9.0,9.0,2026-07-31,2026-07-31,EDLDB.CDM.CUSTOMER_AGGREGATE_SNAPSHOT,EDLDB.MRCH_SANDBOX.CBSA_ZIPCODE_MAPPING,EDLDB.MRCH_SANDBOX.MEDIAN_HOUSEHOLD_INCOME_ZIPCODE,EDLDB.MRCH_SANDBOX.CLINIC_PROFILE,EDLDB.MRCH_SANDBOX.CBSA_POPULATION,"active_customer_yoy_growth, active_customers_per_1000_households, clinic_orders_per_clinic, clinics_per_10000_households, corporate_clinic_share, practice_hub_clinic_share, total_population, veterinarians_per_10000_households",Hypothesis,True,market-attractiveness-synthetic-v1,1.0,SYNTHETIC_COMPLETE,prototype_ready,synthetic_prototype_only
proto:a9b90b6f31,,"Victoria, TX","Victoria, TX",metropolitan,2026-07-31,2025-07-31,3130,3734.0,-0.161757,-0.030092,48954.0,48954.0,63.937574049107326,118395.0,118395.0,44191.5,44191.5,15.0,15.0,18.0,18.0,3.0641009927687217,3.676921191322466,0.0,0.0,0.0,2.0,2.0,0.13333333333333333,10009.0,10009.0,667.2666666666667,2012-11-15,2012-11-15,2023-06-15,2023-06-15,18.0,18.0,2026-07-31,2026-07-31,EDLDB.CDM.CUSTOMER_AGGREGATE_SNAPSHOT,EDLDB.MRCH_SANDBOX.CBSA_ZIPCODE_MAPPING,EDLDB.MRCH_SANDBOX.MEDIAN_HOUSEHOLD_INCOME_ZIPCODE,EDLDB.MRCH_SANDBOX.CLINIC_PROFILE,EDLDB.MRCH_SANDBOX.CBSA_POPULATION,"active_customer_yoy_growth, active_customers_per_1000_households, clinic_orders_per_clinic, clinics_per_10000_households, corporate_clinic_share, practice_hub_clinic_share, veterinarians_per_10000_households",Hypothesis,True,market-attractiveness-synthetic-v1,1.0,SYNTHETIC_COMPLETE,prototype_ready,synthetic_prototype_only
proto:35c921a916,,"Easton, MD","Easton, MD",micropolitan,2026-07-31,2025-07-31,3128,3470.0,-0.098559,0.081183,16634.0,16634.0,188.04857520740651,37488.0,37488.0,85565.071429,85565.071429,10.0,10.0,30.0,30.0,6.011783094865938,18.03534928459781,0.0,0.0,0.0,2.0,2.0,0.2,40473.0,40473.0,4047.3,2012-10-29,2012-10-29,2023-06-22,2023-06-22,14.0,14.0,2026-07-31,2026-07-31,EDLDB.CDM.CUSTOMER_AGGREGATE_SNAPSHOT,EDLDB.MRCH_SANDBOX.CBSA_ZIPCODE_MAPPING,EDLDB.MRCH_SANDBOX.MEDIAN_HOUSEHOLD_INCOME_ZIPCODE,EDLDB.MRCH_SANDBOX.CLINIC_PROFILE,EDLDB.MRCH_SANDBOX.CBSA_POPULATION,"active_customer_yoy_growth, active_customers_per_1000_households, clinic_orders_per_clinic, clinics_per_10000_households, corporate_clinic_share, practice_hub_clinic_share, veterinarians_per_10000_households",Hypothesis,True,market-attractiveness-synthetic-v1,1.0,SYNTHETIC_COMPLETE,prototype_ready,synthetic_prototype_only
proto:bdc2b3ca02,,"Somerset, KY","Somerset, KY",micropolitan,2026-07-31,2025-07-31,3119,3800.0,-0.179211,-0.01861,39331.0,39331.0,79.30131448475757,65116.0,65116.0,38400.636364,38400.636364,6.0,6.0,11.0,11.0,1.525514225420152,2.7967760799369454,0.0,0.0,0.0,0.0,0.0,0.0,5578.0,5578.0,929.6666666666666,2013-08-02,2013-08-02,2023-05-19,2023-05-19,11.0,11.0,2026-07-31,2026-07-31,EDLDB.CDM.CUSTOMER_AGGREGATE_SNAPSHOT,EDLDB.MRCH_SANDBOX.CBSA_ZIPCODE_MAPPING,EDLDB.MRCH_SANDBOX.MEDIAN_HOUSEHOLD_INCOME_ZIPCODE,EDLDB.MRCH_SANDBOX.CLINIC_PROFILE,EDLDB.MRCH_SANDBOX.CBSA_POPULATION,"active_customer_yoy_growth, active_customers_per_1000_households, clinic_orders_per_clinic, clinics_per_10000_households, corporate_clinic_share, practice_hub_clinic_share, veterinarians_per_10000_households",Hypothesis,True,market-attractiveness-synthetic-v1,1.0,SYNTHETIC_COMPLETE,prototype_ready,synthetic_prototype_only
proto:a04ac7288a,,"Danville, IL","Danville, IL",metropolitan,2026-07-31,2025-07-31,3095,3537.0,-0.124965,0.032699,30980.0,30980.0,99.9031633311814,74009.0,74009.0,60198.916667,60198.916667,6.0,6.0,7.0,7.0,1.9367333763718528,2.2595222724338284,0.0,0.0,0.0,1.0,1.0,0.16666666666666666,6563.0,6563.0,1093.8333333333333,2013-02-23,2013-02-23,2021-04-01,2021-04-01,24.0,24.0,2026-07-31,2026-07-31,EDLDB.CDM.CUSTOMER_AGGREGATE_SNAPSHOT,EDLDB.MRCH_SANDBOX.CBSA_ZIPCODE_MAPPING,EDLDB.MRCH_SANDBOX.MEDIAN_HOUSEHOLD_INCOME_ZIPCODE,EDLDB.MRCH_SANDBOX.CLINIC_PROFILE,EDLDB.MRCH_SANDBOX.CBSA_POPULATION,"active_customer_yoy_growth, active_customers_per_1000_households, clinic_orders_per_clinic, clinics_per_10000_households, corporate_clinic_share, practice_hub_clinic_share, veterinarians_per_10000_households",Hypothesis,True,market-attractiveness-synthetic-v1,1.0,SYNTHETIC_COMPLETE,prototype_ready,synthetic_prototype_only
proto:435060bab8,,"San Angelo, TX","San Angelo, TX",metropolitan,2026-07-31,2025-07-31,3076,3614.0,-0.148866,-0.00646,45100.0,45100.0,68.2039911308204,121705.0,121705.0,38398.166667,38398.166667,16.0,16.0,24.0,24.0,3.5476718403547673,5.321507760532151,0.0,0.0,0.0,2.0,2.0,0.125,11532.0,11532.0,720.75,2014-03-22,2014-03-22,2023-05-30,2023-05-30,18.0,18.0,2026-07-31,2026-07-31,EDLDB.CDM.CUSTOMER_AGGREGATE_SNAPSHOT,EDLDB.MRCH_SANDBOX.CBSA_ZIPCODE_MAPPING,EDLDB.MRCH_SANDBOX.MEDIAN_HOUSEHOLD_INCOME_ZIPCODE,EDLDB.MRCH_SANDBOX.CLINIC_PROFILE,EDLDB.MRCH_SANDBOX.CBSA_POPULATION,"active_customer_yoy_growth, active_customers_per_1000_households, clinic_orders_per_clinic, clinics_per_10000_households, corporate_clinic_share, practice_hub_clinic_share, veterinarians_per_10000_households",Hypothesis,True,market-attractiveness-synthetic-v1,1.0,SYNTHETIC_COMPLETE,prototype_ready,synthetic_prototype_only
proto:0d2fd6afbd,,"Farmington, NM","Farmington, NM",metropolitan,2026-07-31,2025-07-31,3058,3560.0,-0.141011,0.005523,42677.0,42677.0,71.65452117065398,121376.0,121376.0,41790.235294,41790.235294,9.0,9.0,17.0,17.0,2.108864259437168,3.983410267825761,0.0,0.0,0.0,1.0,1.0,0.1111111111111111,10965.0,10965.0,1218.3333333333333,2013-12-01,2013-12-01,2022-06-14,2022-06-14,17.0,17.0,2026-07-31,2026-07-31,EDLDB.CDM.CUSTOMER_AGGREGATE_SNAPSHOT,EDLDB.MRCH_SANDBOX.CBSA_ZIPCODE_MAPPING,EDLDB.MRCH_SANDBOX.MEDIAN_HOUSEHOLD_INCOME_ZIPCODE,EDLDB.MRCH_SANDBOX.CLINIC_PROFILE,EDLDB.MRCH_SANDBOX.CBSA_POPULATION,"active_customer_yoy_growth, active_customers_per_1000_households, clinic_orders_per_clinic, clinics_per_10000_households, corporate_clinic_share, practice_hub_clinic_share, veterinarians_per_10000_households",Hypothesis,True,market-attractiveness-synthetic-v1,1.0,SYNTHETIC_COMPLETE,prototype_ready,synthetic_prototype_only
proto:c2015031ff,,"Pocatello, ID","Pocatello, ID",metropolitan,2026-07-31,2025-07-31,3032,3587.0,-0.154725,-0.018785,34632.0,34632.0,87.54908754908755,87276.0,87276.0,46473.538462,46473.538462,11.0,11.0,19.0,19.0,3.1762531762531765,5.4862554862554855,0.0,0.0,0.0,5.0,5.0,0.45454545454545453,11825.0,11825.0,1075.0,2013-10-08,2013-10-08,2022-03-06,2022-03-06,13.0,13.0,2026-07-31,2026-07-31,EDLDB.CDM.CUSTOMER_AGGREGATE_SNAPSHOT,EDLDB.MRCH_SANDBOX.CBSA_ZIPCODE_MAPPING,EDLDB.MRCH_SANDBOX.MEDIAN_HOUSEHOLD_INCOME_ZIPCODE,EDLDB.MRCH_SANDBOX.CLINIC_PROFILE,EDLDB.MRCH_SANDBOX.CBSA_POPULATION,"active_customer_yoy_growth, active_customers_per_1000_households, clinic_orders_per_clinic, clinics_per_10000_households, corporate_clinic_share, practice_hub_clinic_share, veterinarians_per_10000_households",Hypothesis,True,market-attractiveness-synthetic-v1,1.0,SYNTHETIC_COMPLETE,prototype_ready,synthetic_prototype_only
proto:a1ef6c51e8,,"Astoria, OR","Astoria, OR",micropolitan,2026-07-31,2025-07-31,3023,3399.0,-0.110621,0.065061,17033.0,17033.0,177.4790113309458,41162.0,41162.0,67970.625,67970.625,7.0,7.0,17.0,17.0,4.109669465155874,9.98062584394998,0.0,0.0,0.0,4.0,4.0,0.5714285714285714,21355.0,21355.0,3050.714285714286,2013-04-10,2013-04-10,2021-12-20,2021-12-20,8.0,8.0,2026-07-31,2026-07-31,EDLDB.CDM.CUSTOMER_AGGREGATE_SNAPSHOT,EDLDB.MRCH_SANDBOX.CBSA_ZIPCODE_MAPPING,EDLDB.MRCH_SANDBOX.MEDIAN_HOUSEHOLD_INCOME_ZIPCODE,EDLDB.MRCH_SANDBOX.CLINIC_PROFILE,EDLDB.MRCH_SANDBOX.CBSA_POPULATION,"active_customer_yoy_growth, active_customers_per_1000_households, clinic_orders_per_clinic, clinics_per_10000_households, corporate_clinic_share, practice_hub_clinic_share, veterinarians_per_10000_households",Hypothesis,True,market-attractiveness-synthetic-v1,1.0,SYNTHETIC_COMPLETE,prototype_ready,synthetic_prototype_only
proto:5a3645237e,,"Lewiston, ID-WA","Lewiston, ID-WA",metropolitan,2026-07-31,2025-07-31,2986,3482.0,-0.142447,0.001561,28488.0,28488.0,104.81606290367874,64469.0,64469.0,57441.357143,57441.357143,6.0,6.0,17.0,17.0,2.1061499578770007,5.967424880651503,0.0,0.0,0.0,1.0,1.0,0.16666666666666666,10934.0,10934.0,1822.3333333333333,2013-03-05,2013-03-05,2014-12-20,2014-12-20,14.0,14.0,2026-07-31,2026-07-31,EDLDB.CDM.CUSTOMER_AGGREGATE_SNAPSHOT,EDLDB.MRCH_SANDBOX.CBSA_ZIPCODE_MAPPING,EDLDB.MRCH_SANDBOX.MEDIAN_HOUSEHOLD_INCOME_ZIPCODE,EDLDB.MRCH_SANDBOX.CLINIC_PROFILE,EDLDB.MRCH_SANDBOX.CBSA_POPULATION,"active_customer_yoy_growth, active_customers_per_1000_households, clinic_orders_per_clinic, clinics_per_10000_households, corporate_clinic_share, practice_hub_clinic_share, veterinarians_per_10000_households",Hypothesis,True,market-attractiveness-synthetic-v1,1.0,SYNTHETIC_COMPLETE,prototype_ready,synthetic_prototype_only
proto:745f6ca44a,,"Walla Walla, WA","Walla Walla, WA",metropolitan,2026-07-31,2025-07-31,2962,3343.0,-0.113969,0.055569,24443.0,24443.0,121.17988790246696,62623.0,62623.0,51255.666667,51255.666667,6.0,6.0,21.0,21.0,2.4546905044388985,8.591416765536145,0.0,0.0,0.0,1.0,1.0,0.16666666666666666,19010.0,19010.0,3168.3333333333335,2013-06-05,2013-06-05,2022-05-04,2022-05-04,9.0,9.0,2026-07-31,2026-07-31,EDLDB.CDM.CUSTOMER_AGGREGATE_SNAPSHOT,EDLDB.MRCH_SANDBOX.CBSA_ZIPCODE_MAPPING,EDLDB.MRCH_SANDBOX.MEDIAN_HOUSEHOLD_INCOME_ZIPCODE,EDLDB.MRCH_SANDBOX.CLINIC_PROFILE,EDLDB.MRCH_SANDBOX.CBSA_POPULATION,"active_customer_yoy_growth, active_customers_per_1000_households, clinic_orders_per_clinic, clinics_per_10000_households, corporate_clinic_share, practice_hub_clinic_share, veterinarians_per_10000_households",Hypothesis,True,market-attractiveness-synthetic-v1,1.0,SYNTHETIC_COMPLETE,prototype_ready,synthetic_prototype_only
proto:8464adb773,,"Bradford, PA","Bradford, PA",micropolitan,2026-07-31,2025-07-31,2946,3294.0,-0.105647,0.07292,17994.0,17994.0,163.72124041347115,40399.0,40399.0,52147.8,52147.8,5.0,5.0,8.0,8.0,2.778704012448594,4.44592641991775,0.0,0.0,0.0,1.0,1.0,0.2,8922.0,8922.0,1784.4,2013-10-15,2013-10-15,2021-01-03,2021-01-03,20.0,20.0,2026-07-31,2026-07-31,EDLDB.CDM.CUSTOMER_AGGREGATE_SNAPSHOT,EDLDB.MRCH_SANDBOX.CBSA_ZIPCODE_MAPPING,EDLDB.MRCH_SANDBOX.MEDIAN_HOUSEHOLD_INCOME_ZIPCODE,EDLDB.MRCH_SANDBOX.CLINIC_PROFILE,EDLDB.MRCH_SANDBOX.CBSA_POPULATION,"active_customer_yoy_growth, active_customers_per_1000_households, clinic_orders_per_clinic, clinics_per_10000_households, corporate_clinic_share, practice_hub_clinic_share, veterinarians_per_10000_households",Hypothesis,True,market-attractiveness-synthetic-v1,1.0,SYNTHETIC_COMPLETE,prototype_ready,synthetic_prototype_only
proto:137cb98876,,"Berlin, NH","Berlin, NH",micropolitan,2026-07-31,2025-07-31,2945,3262.0,-0.09718,0.083805,13994.0,13994.0,210.4473345719594,,34978.0,50079.333333,50079.333333,5.0,5.0,9.0,9.0,3.5729598399313995,6.431327711876518,0.0,0.0,0.0,1.0,1.0,0.2,6717.0,6717.0,1343.4,2013-10-22,2013-10-22,2022-03-18,2022-03-18,15.0,15.0,2026-07-31,2026-07-31,EDLDB.CDM.CUSTOMER_AGGREGATE_SNAPSHOT,EDLDB.MRCH_SANDBOX.CBSA_ZIPCODE_MAPPING,EDLDB.MRCH_SANDBOX.MEDIAN_HOUSEHOLD_INCOME_ZIPCODE,EDLDB.MRCH_SANDBOX.CLINIC_PROFILE,EDLDB.MRCH_SANDBOX.CBSA_POPULATION,"active_customer_yoy_growth, active_customers_per_1000_households, clinic_orders_per_clinic, clinics_per_10000_households, corporate_clinic_share, practice_hub_clinic_share, total_population, veterinarians_per_10000_households",Hypothesis,True,market-attractiveness-synthetic-v1,1.0,SYNTHETIC_COMPLETE,prototype_ready,synthetic_prototype_only
proto:9b34390f1a,,"Sandpoint, ID","Sandpoint, ID",micropolitan,2026-07-31,2025-07-31,2935,3353.0,-0.124664,0.044933,16914.0,16914.0,173.5248906231524,47403.0,47403.0,52382.066667,52382.066667,10.0,10.0,25.0,25.0,5.912262031453234,14.780655078633085,0.0,0.0,0.0,3.0,3.0,0.3,15553.0,15553.0,1555.3,2013-10-18,2013-10-18,2021-07-27,2021-07-27,15.0,15.0,2026-07-31,2026-07-31,EDLDB.CDM.CUSTOMER_AGGREGATE_SNAPSHOT,EDLDB.MRCH_SANDBOX.CBSA_ZIPCODE_MAPPING,EDLDB.MRCH_SANDBOX.MEDIAN_HOUSEHOLD_INCOME_ZIPCODE,EDLDB.MRCH_SANDBOX.CLINIC_PROFILE,EDLDB.MRCH_SANDBOX.CBSA_POPULATION,"active_customer_yoy_growth, active_customers_per_1000_households, clinic_orders_per_clinic, clinics_per_10000_households, corporate_clinic_share, practice_hub_clinic_share, veterinarians_per_10000_households",Hypothesis,True,market-attractiveness-synthetic-v1,1.0,SYNTHETIC_COMPLETE,prototype_ready,synthetic_prototype_only
proto:4da56dab22,,"Seneca, SC","Seneca, SC",micropolitan,2026-07-31,2025-07-31,2913,3365.0,-0.134324,0.03471,21653.0,21653.0,134.5310118690251,78784.0,78784.0,36859.777778,36859.777778,10.0,10.0,20.0,20.0,4.61829769546945,9.2365953909389,0.0,0.0,0.0,4.0,4.0,0.4,13971.0,13971.0,1397.1,2012-11-05,2012-11-05,2023-05-10,2023-05-10,9.0,9.0,2026-07-31,2026-07-31,EDLDB.CDM.CUSTOMER_AGGREGATE_SNAPSHOT,EDLDB.MRCH_SANDBOX.CBSA_ZIPCODE_MAPPING,EDLDB.MRCH_SANDBOX.MEDIAN_HOUSEHOLD_INCOME_ZIPCODE,EDLDB.MRCH_SANDBOX.CLINIC_PROFILE,EDLDB.MRCH_SANDBOX.CBSA_POPULATION,"active_customer_yoy_growth, active_customers_per_1000_households, clinic_orders_per_clinic, clinics_per_10000_households, corporate_clinic_share, practice_hub_clinic_share, veterinarians_per_10000_households",Hypothesis,True,market-attractiveness-synthetic-v1,1.0,SYNTHETIC_COMPLETE,prototype_ready,synthetic_prototype_only
proto:1d11ab5b56,,"Quincy, IL-MO","Quincy, IL-MO",micropolitan,2026-07-31,2025-07-31,2909,3423.0,-0.150161,0.012573,32306.0,32306.0,90.04519284343465,75651.0,75651.0,55137.464286,55137.464286,12.0,12.0,21.0,21.0,3.7144802823005016,6.5003404940258775,0.0,0.0,0.0,3.0,3.0,0.25,12379.0,12379.0,1031.5833333333333,2012-10-26,2012-10-26,2020-06-09,2020-06-09,28.0,28.0,2026-07-31,2026-07-31,EDLDB.CDM.CUSTOMER_AGGREGATE_SNAPSHOT,EDLDB.MRCH_SANDBOX.CBSA_ZIPCODE_MAPPING,EDLDB.MRCH_SANDBOX.MEDIAN_HOUSEHOLD_INCOME_ZIPCODE,EDLDB.MRCH_SANDBOX.CLINIC_PROFILE,EDLDB.MRCH_SANDBOX.CBSA_POPULATION,"active_customer_yoy_growth, active_customers_per_1000_households, clinic_orders_per_clinic, clinics_per_10000_households, corporate_clinic_share, practice_hub_clinic_share, veterinarians_per_10000_households",Hypothesis,True,market-attractiveness-synthetic-v1,1.0,SYNTHETIC_COMPLETE,prototype_ready,synthetic_prototype_only
proto:54128010ba,,"Defiance, OH","Defiance, OH",micropolitan,2026-07-31,2025-07-31,2888,3382.0,-0.146067,0.01853,27504.0,27504.0,105.00290866783013,38262.0,38262.0,61782.846154,61782.846154,6.0,6.0,8.0,8.0,2.181500872600349,2.9086678301337985,0.0,0.0,0.0,0.0,0.0,0.0,1990.0,1990.0,331.6666666666667,2014-07-29,2014-07-29,2019-02-03,2019-02-03,13.0,13.0,2026-07-31,2026-07-31,EDLDB.CDM.CUSTOMER_AGGREGATE_SNAPSHOT,EDLDB.MRCH_SANDBOX.CBSA_ZIPCODE_MAPPING,EDLDB.MRCH_SANDBOX.MEDIAN_HOUSEHOLD_INCOME_ZIPCODE,EDLDB.MRCH_SANDBOX.CLINIC_PROFILE,EDLDB.MRCH_SANDBOX.CBSA_POPULATION,"active_customer_yoy_growth, active_customers_per_1000_households, clinic_orders_per_clinic, clinics_per_10000_households, corporate_clinic_share, practice_hub_clinic_share, veterinarians_per_10000_households",Hypothesis,True,market-attractiveness-synthetic-v1,1.0,SYNTHETIC_COMPLETE,prototype_ready,synthetic_prototype_only
proto:b2cbc87077,,"Gadsden, AL","Gadsden, AL",metropolitan,2026-07-31,2025-07-31,2875,3453.0,-0.167391,-0.036152,42470.0,42470.0,67.69484341888392,103453.0,103453.0,40651.166667,40651.166667,12.0,12.0,17.0,17.0,2.825523899222981,4.002825523899223,0.0,0.0,0.0,5.0,5.0,0.4166666666666667,11915.0,11915.0,992.9166666666666,2013-01-02,2013-01-02,2023-05-25,2023-05-25,12.0,12.0,2026-07-31,2026-07-31,EDLDB.CDM.CUSTOMER_AGGREGATE_SNAPSHOT,EDLDB.MRCH_SANDBOX.CBSA_ZIPCODE_MAPPING,EDLDB.MRCH_SANDBOX.MEDIAN_HOUSEHOLD_INCOME_ZIPCODE,EDLDB.MRCH_SANDBOX.CLINIC_PROFILE,EDLDB.MRCH_SANDBOX.CBSA_POPULATION,"active_customer_yoy_growth, active_customers_per_1000_households, clinic_orders_per_clinic, clinics_per_10000_households, corporate_clinic_share, practice_hub_clinic_share, veterinarians_per_10000_households",Hypothesis,True,market-attractiveness-synthetic-v1,1.0,SYNTHETIC_COMPLETE,prototype_ready,synthetic_prototype_only
proto:12c51baae4,,"Warsaw, IN","Warsaw, IN",micropolitan,2026-07-31,2025-07-31,2862,3270.0,-0.124771,0.044722,24152.0,24152.0,118.49950314673734,80141.0,80141.0,54785.166667,54785.166667,12.0,12.0,19.0,19.0,4.968532626697582,7.8668433256045045,0.0,0.0,0.0,2.0,2.0,0.16666666666666666,11115.0,11115.0,926.25,2014-03-24,2014-03-24,2022-04-12,2022-04-12,12.0,12.0,2026-07-31,2026-07-31,EDLDB.CDM.CUSTOMER_AGGREGATE_SNAPSHOT,EDLDB.MRCH_SANDBOX.CBSA_ZIPCODE_MAPPING,EDLDB.MRCH_SANDBOX.MEDIAN_HOUSEHOLD_INCOME_ZIPCODE,EDLDB.MRCH_SANDBOX.CLINIC_PROFILE,EDLDB.MRCH_SANDBOX.CBSA_POPULATION,"active_customer_yoy_growth, active_customers_per_1000_households, clinic_orders_per_clinic, clinics_per_10000_households, corporate_clinic_share, practice_hub_clinic_share, veterinarians_per_10000_households",Hypothesis,True,market-attractiveness-synthetic-v1,1.0,SYNTHETIC_COMPLETE,prototype_ready,synthetic_prototype_only
proto:c4f79f8945,,"Watertown-Fort Atkinson, WI","Watertown-Fort Atkinson, WI",micropolitan,2026-07-31,2025-07-31,2861,3106.0,-0.07888,0.103948,18949.0,18949.0,150.98422080320861,86208.0,86208.0,73213.833333,73213.833333,20.0,20.0,34.0,34.0,10.55464668320228,17.942899361443875,0.0,0.0,0.0,3.0,3.0,0.15,17539.0,17539.0,876.95,2012-10-26,2012-10-26,2022-06-27,2022-06-27,6.0,6.0,2026-07-31,2026-07-31,EDLDB.CDM.CUSTOMER_AGGREGATE_SNAPSHOT,EDLDB.MRCH_SANDBOX.CBSA_ZIPCODE_MAPPING,EDLDB.MRCH_SANDBOX.MEDIAN_HOUSEHOLD_INCOME_ZIPCODE,EDLDB.MRCH_SANDBOX.CLINIC_PROFILE,EDLDB.MRCH_SANDBOX.CBSA_POPULATION,"active_customer_yoy_growth, active_customers_per_1000_households, clinic_orders_per_clinic, clinics_per_10000_households, corporate_clinic_share, practice_hub_clinic_share, veterinarians_per_10000_households",Hypothesis,True,market-attractiveness-synthetic-v1,1.0,SYNTHETIC_COMPLETE,prototype_ready,synthetic_prototype_only
proto:0bc43a2ceb,,"Athens, OH","Athens, OH",micropolitan,2026-07-31,2025-07-31,2858,3130.0,-0.086901,0.09375,20514.0,20514.0,139.31948912937506,62393.0,62393.0,42134.466667,42134.466667,9.0,9.0,19.0,19.0,4.387247733255338,9.26196743687238,0.0,0.0,0.0,4.0,4.0,0.4444444444444444,17540.0,17540.0,1948.888888888889,2012-11-03,2012-11-03,2022-05-23,2022-05-23,15.0,15.0,2026-07-31,2026-07-31,EDLDB.CDM.CUSTOMER_AGGREGATE_SNAPSHOT,EDLDB.MRCH_SANDBOX.CBSA_ZIPCODE_MAPPING,EDLDB.MRCH_SANDBOX.MEDIAN_HOUSEHOLD_INCOME_ZIPCODE,EDLDB.MRCH_SANDBOX.CLINIC_PROFILE,EDLDB.MRCH_SANDBOX.CBSA_POPULATION,"active_customer_yoy_growth, active_customers_per_1000_households, clinic_orders_per_clinic, clinics_per_10000_households, corporate_clinic_share, practice_hub_clinic_share, veterinarians_per_10000_households",Hypothesis,True,market-attractiveness-synthetic-v1,1.0,SYNTHETIC_COMPLETE,prototype_ready,synthetic_prototype_only
proto:8fb4037b97,,"Ludington, MI","Ludington, MI",micropolitan,2026-07-31,2025-07-31,2842,3276.0,-0.132479,0.037035,19877.0,19877.0,142.97932283543793,29033.0,29033.0,50164.5,50164.5,5.0,5.0,9.0,9.0,2.515470141369422,4.52784625446496,0.0,0.0,0.0,3.0,3.0,0.6,11719.0,11719.0,2343.8,2013-01-01,2013-01-01,2023-02-07,2023-02-07,10.0,10.0,2026-07-31,2026-07-31,EDLDB.CDM.CUSTOMER_AGGREGATE_SNAPSHOT,EDLDB.MRCH_SANDBOX.CBSA_ZIPCODE_MAPPING,EDLDB.MRCH_SANDBOX.MEDIAN_HOUSEHOLD_INCOME_ZIPCODE,EDLDB.MRCH_SANDBOX.CLINIC_PROFILE,EDLDB.MRCH_SANDBOX.CBSA_POPULATION,"active_customer_yoy_growth, active_customers_per_1000_households, clinic_orders_per_clinic, clinics_per_10000_households, corporate_clinic_share, practice_hub_clinic_share, veterinarians_per_10000_households",Hypothesis,True,market-attractiveness-synthetic-v1,1.0,SYNTHETIC_COMPLETE,prototype_ready,synthetic_prototype_only
proto:89f5064673,,"Somerset, PA","Somerset, PA",micropolitan,2026-07-31,2025-07-31,2839,3161.0,-0.101866,0.077874,17897.0,17897.0,158.62993797843214,74019.0,74019.0,51353.515152,51353.515152,12.0,12.0,17.0,17.0,6.705034363301111,9.498798681343242,0.0,0.0,0.0,3.0,3.0,0.25,12029.0,12029.0,1002.4166666666666,2013-10-29,2013-10-29,2023-05-30,2023-05-30,33.0,33.0,2026-07-31,2026-07-31,EDLDB.CDM.CUSTOMER_AGGREGATE_SNAPSHOT,EDLDB.MRCH_SANDBOX.CBSA_ZIPCODE_MAPPING,EDLDB.MRCH_SANDBOX.MEDIAN_HOUSEHOLD_INCOME_ZIPCODE,EDLDB.MRCH_SANDBOX.CLINIC_PROFILE,EDLDB.MRCH_SANDBOX.CBSA_POPULATION,"active_customer_yoy_growth, active_customers_per_1000_households, clinic_orders_per_clinic, clinics_per_10000_households, corporate_clinic_share, practice_hub_clinic_share, veterinarians_per_10000_households",Hypothesis,True,market-attractiveness-synthetic-v1,1.0,SYNTHETIC_COMPLETE,prototype_ready,synthetic_prototype_only
proto:97857ead6e,,"Selinsgrove, PA","Selinsgrove, PA",micropolitan,2026-07-31,2025-07-31,2824,3175.0,-0.110551,0.065682,14225.0,14225.0,198.5237258347979,39733.0,39733.0,57889.181818,57889.181818,4.0,4.0,9.0,9.0,2.81195079086116,6.3268892794376095,0.0,0.0,0.0,2.0,2.0,0.5,10843.0,10843.0,2710.75,2014-04-01,2014-04-01,2023-10-30,2023-10-30,11.0,11.0,2026-07-31,2026-07-31,EDLDB.CDM.CUSTOMER_AGGREGATE_SNAPSHOT,EDLDB.MRCH_SANDBOX.CBSA_ZIPCODE_MAPPING,EDLDB.MRCH_SANDBOX.MEDIAN_HOUSEHOLD_INCOME_ZIPCODE,EDLDB.MRCH_SANDBOX.CLINIC_PROFILE,EDLDB.MRCH_SANDBOX.CBSA_POPULATION,"active_customer_yoy_growth, active_customers_per_1000_households, clinic_orders_per_clinic, clinics_per_10000_households, corporate_clinic_share, practice_hub_clinic_share, veterinarians_per_10000_households",Hypothesis,True,market-attractiveness-synthetic-v1,1.0,SYNTHETIC_COMPLETE,prototype_ready,synthetic_prototype_only
proto:ed3b133de6,,"St. Marys, GA","St, Marys, GA",micropolitan,2026-07-31,2025-07-31,2820,3320.0,-0.150602,0.011787,18721.0,18721.0,150.63297900753165,,46793.0,,49441.22,9.0,9.0,11.0,11.0,4.807435500240372,5.875754500293788,0.0,0.0,0.0,5.0,5.0,0.5555555555555556,16270.0,16270.0,1807.7777777777778,2013-01-06,2013-01-06,2021-06-28,2021-06-28,,11.0,2026-07-31,2026-07-31,EDLDB.CDM.CUSTOMER_AGGREGATE_SNAPSHOT,EDLDB.MRCH_SANDBOX.CBSA_ZIPCODE_MAPPING,EDLDB.MRCH_SANDBOX.MEDIAN_HOUSEHOLD_INCOME_ZIPCODE,EDLDB.MRCH_SANDBOX.CLINIC_PROFILE,EDLDB.MRCH_SANDBOX.CBSA_POPULATION,"active_customer_yoy_growth, active_customers_per_1000_households, avg_zip_median_household_income, clinic_orders_per_clinic, clinics_per_10000_households, corporate_clinic_share, practice_hub_clinic_share, total_population, veterinarians_per_10000_households, zips_represented_within_cbsa",Hypothesis,True,market-attractiveness-synthetic-v1,1.0,SYNTHETIC_COMPLETE,prototype_ready,synthetic_prototype_only
proto:990bfa8efb,,"Cullowhee, NC","Cullowhee, NC",micropolitan,2026-07-31,2025-07-31,2814,3165.0,-0.1109,0.064297,14015.0,14015.0,200.78487334998215,,35031.0,50126.818182,50126.818182,9.0,9.0,12.0,12.0,6.421691045308598,8.56225472707813,0.0,0.0,0.0,6.0,6.0,0.6666666666666666,17373.0,17373.0,1930.3333333333333,2012-12-06,2012-12-06,2023-07-19,2023-07-19,11.0,11.0,2026-07-31,2026-07-31,EDLDB.CDM.CUSTOMER_AGGREGATE_SNAPSHOT,EDLDB.MRCH_SANDBOX.CBSA_ZIPCODE_MAPPING,EDLDB.MRCH_SANDBOX.MEDIAN_HOUSEHOLD_INCOME_ZIPCODE,EDLDB.MRCH_SANDBOX.CLINIC_PROFILE,EDLDB.MRCH_SANDBOX.CBSA_POPULATION,"active_customer_yoy_growth, active_customers_per_1000_households, clinic_orders_per_clinic, clinics_per_10000_households, corporate_clinic_share, practice_hub_clinic_share, total_population, veterinarians_per_10000_households",Hypothesis,True,market-attractiveness-synthetic-v1,1.0,SYNTHETIC_COMPLETE,prototype_ready,synthetic_prototype_only
proto:da16107a43,,"Red Bluff, CA","Red Bluff, CA",micropolitan,2026-07-31,2025-07-31,2803,3262.0,-0.140711,0.026214,26718.0,26718.0,104.91054719664646,65687.0,65687.0,40788.916667,40788.916667,16.0,16.0,25.0,25.0,5.988472191032263,9.35698779848791,0.0,0.0,0.0,7.0,7.0,0.4375,19517.0,19517.0,1219.8125,2013-07-27,2013-07-27,2021-03-30,2021-03-30,12.0,12.0,2026-07-31,2026-07-31,EDLDB.CDM.CUSTOMER_AGGREGATE_SNAPSHOT,EDLDB.MRCH_SANDBOX.CBSA_ZIPCODE_MAPPING,EDLDB.MRCH_SANDBOX.MEDIAN_HOUSEHOLD_INCOME_ZIPCODE,EDLDB.MRCH_SANDBOX.CLINIC_PROFILE,EDLDB.MRCH_SANDBOX.CBSA_POPULATION,"active_customer_yoy_growth, active_customers_per_1000_households, clinic_orders_per_clinic, clinics_per_10000_households, corporate_clinic_share, practice_hub_clinic_share, veterinarians_per_10000_households",Hypothesis,True,market-attractiveness-synthetic-v1,1.0,SYNTHETIC_COMPLETE,prototype_ready,synthetic_prototype_only
proto:b0f23470ad,,"Hinesville, GA","Hinesville, GA",metropolitan,2026-07-31,2025-07-31,2786,3284.0,-0.151644,-0.011775,33617.0,33617.0,82.87473599666835,81587.0,81587.0,42421.444444,42421.444444,5.0,5.0,12.0,12.0,1.4873427135080466,3.5696225124193117,0.0,0.0,0.0,4.0,4.0,0.8,7825.0,7825.0,1565.0,2014-02-02,2014-02-02,2015-08-12,2015-08-12,9.0,9.0,2026-07-31,2026-07-31,EDLDB.CDM.CUSTOMER_AGGREGATE_SNAPSHOT,EDLDB.MRCH_SANDBOX.CBSA_ZIPCODE_MAPPING,EDLDB.MRCH_SANDBOX.MEDIAN_HOUSEHOLD_INCOME_ZIPCODE,EDLDB.MRCH_SANDBOX.CLINIC_PROFILE,EDLDB.MRCH_SANDBOX.CBSA_POPULATION,"active_customer_yoy_growth, active_customers_per_1000_households, clinic_orders_per_clinic, clinics_per_10000_households, corporate_clinic_share, practice_hub_clinic_share, veterinarians_per_10000_households",Hypothesis,True,market-attractiveness-synthetic-v1,1.0,SYNTHETIC_COMPLETE,prototype_ready,synthetic_prototype_only
proto:e2126844eb,,"Jasper, IN","Jasper, IN",micropolitan,2026-07-31,2025-07-31,2785,3156.0,-0.117554,0.054926,24470.0,24470.0,113.81283203923172,43642.0,43642.0,55951.647059,55951.647059,8.0,8.0,9.0,9.0,3.269309358398038,3.6779730281977936,0.0,0.0,0.0,2.0,2.0,0.25,8442.0,8442.0,1055.25,2014-03-26,2014-03-26,2021-11-11,2021-11-11,17.0,17.0,2026-07-31,2026-07-31,EDLDB.CDM.CUSTOMER_AGGREGATE_SNAPSHOT,EDLDB.MRCH_SANDBOX.CBSA_ZIPCODE_MAPPING,EDLDB.MRCH_SANDBOX.MEDIAN_HOUSEHOLD_INCOME_ZIPCODE,EDLDB.MRCH_SANDBOX.CLINIC_PROFILE,EDLDB.MRCH_SANDBOX.CBSA_POPULATION,"active_customer_yoy_growth, active_customers_per_1000_households, clinic_orders_per_clinic, clinics_per_10000_households, corporate_clinic_share, practice_hub_clinic_share, veterinarians_per_10000_households",Hypothesis,True,market-attractiveness-synthetic-v1,1.0,SYNTHETIC_COMPLETE,prototype_ready,synthetic_prototype_only
proto:188f7cdc3b,,"Forest City, NC","Forest City, NC",micropolitan,2026-07-31,2025-07-31,2761,3282.0,-0.158745,0.00049,27114.0,27114.0,101.82931326989747,64486.0,64486.0,41144.8,41144.8,9.0,9.0,19.0,19.0,3.3193184332816994,7.0074500258169214,0.0,0.0,0.0,3.0,3.0,0.3333333333333333,8367.0,8367.0,929.6666666666666,2012-10-30,2012-10-30,2023-03-10,2023-03-10,10.0,10.0,2026-07-31,2026-07-31,EDLDB.CDM.CUSTOMER_AGGREGATE_SNAPSHOT,EDLDB.MRCH_SANDBOX.CBSA_ZIPCODE_MAPPING,EDLDB.MRCH_SANDBOX.MEDIAN_HOUSEHOLD_INCOME_ZIPCODE,EDLDB.MRCH_SANDBOX.CLINIC_PROFILE,EDLDB.MRCH_SANDBOX.CBSA_POPULATION,"active_customer_yoy_growth, active_customers_per_1000_households, clinic_orders_per_clinic, clinics_per_10000_households, corporate_clinic_share, practice_hub_clinic_share, veterinarians_per_10000_households",Hypothesis,True,market-attractiveness-synthetic-v1,1.0,SYNTHETIC_COMPLETE,prototype_ready,synthetic_prototype_only
proto:a2fddb0d1c,,"Mason City, IA","Mason City, IA",micropolitan,2026-07-31,2025-07-31,2760,3153.0,-0.124643,0.045145,29535.0,29535.0,93.44845099035042,50458.0,50458.0,60648.88,60648.88,8.0,8.0,10.0,10.0,2.7086507533434907,3.3858134416793635,0.0,0.0,0.0,1.0,1.0,0.125,4791.0,4791.0,598.875,2013-12-07,2013-12-07,2022-05-30,2022-05-30,25.0,25.0,2026-07-31,2026-07-31,EDLDB.CDM.CUSTOMER_AGGREGATE_SNAPSHOT,EDLDB.MRCH_SANDBOX.CBSA_ZIPCODE_MAPPING,EDLDB.MRCH_SANDBOX.MEDIAN_HOUSEHOLD_INCOME_ZIPCODE,EDLDB.MRCH_SANDBOX.CLINIC_PROFILE,EDLDB.MRCH_SANDBOX.CBSA_POPULATION,"active_customer_yoy_growth, active_customers_per_1000_households, clinic_orders_per_clinic, clinics_per_10000_households, corporate_clinic_share, practice_hub_clinic_share, veterinarians_per_10000_households",Hypothesis,True,market-attractiveness-synthetic-v1,1.0,SYNTHETIC_COMPLETE,prototype_ready,synthetic_prototype_only
proto:545021c0a2,,"Gardnerville Ranchos, NV","Gardnerville Ranchos, NV",micropolitan,2026-07-31,2025-07-31,2726,3135.0,-0.130463,0.039203,14902.0,14902.0,182.92846597772112,50730.0,50730.0,75119.571429,75119.571429,15.0,15.0,33.0,33.0,10.06576298483425,22.144678566635353,0.0,0.0,0.0,5.0,5.0,0.3333333333333333,45046.0,45046.0,3003.0666666666666,2012-11-30,2012-11-30,2022-08-04,2022-08-04,7.0,7.0,2026-07-31,2026-07-31,EDLDB.CDM.CUSTOMER_AGGREGATE_SNAPSHOT,EDLDB.MRCH_SANDBOX.CBSA_ZIPCODE_MAPPING,EDLDB.MRCH_SANDBOX.MEDIAN_HOUSEHOLD_INCOME_ZIPCODE,EDLDB.MRCH_SANDBOX.CLINIC_PROFILE,EDLDB.MRCH_SANDBOX.CBSA_POPULATION,"active_customer_yoy_growth, active_customers_per_1000_households, clinic_orders_per_clinic, clinics_per_10000_households, corporate_clinic_share, practice_hub_clinic_share, veterinarians_per_10000_households",Hypothesis,True,market-attractiveness-synthetic-v1,1.0,SYNTHETIC_COMPLETE,prototype_ready,synthetic_prototype_only
proto:146e9a91a8,,"Georgetown, SC","Georgetown, SC",micropolitan,2026-07-31,2025-07-31,2723,3128.0,-0.129476,0.040001,21482.0,21482.0,126.75728516897868,,53694.0,50877.333333,50877.333333,10.0,10.0,9.0,9.0,4.655060050274648,4.189554045247183,0.0,0.0,0.0,1.0,1.0,0.1,27495.0,27495.0,2749.5,2013-05-11,2013-05-11,2023-05-16,2023-05-16,3.0,3.0,2026-07-31,2026-07-31,EDLDB.CDM.CUSTOMER_AGGREGATE_SNAPSHOT,EDLDB.MRCH_SANDBOX.CBSA_ZIPCODE_MAPPING,EDLDB.MRCH_SANDBOX.MEDIAN_HOUSEHOLD_INCOME_ZIPCODE,EDLDB.MRCH_SANDBOX.CLINIC_PROFILE,EDLDB.MRCH_SANDBOX.CBSA_POPULATION,"active_customer_yoy_growth, active_customers_per_1000_households, clinic_orders_per_clinic, clinics_per_10000_households, corporate_clinic_share, practice_hub_clinic_share, total_population, veterinarians_per_10000_households",Hypothesis,True,market-attractiveness-synthetic-v1,1.0,SYNTHETIC_COMPLETE,prototype_ready,synthetic_prototype_only
proto:26b752f50c,,"Hanford-Corcoran, CA","Hanford-Corcoran, CA",metropolitan,2026-07-31,2025-07-31,2706,3194.0,-0.152786,-0.013417,43225.0,43225.0,62.60266049739734,152844.0,152844.0,52481.857143,52481.857143,12.0,12.0,20.0,20.0,2.7761711972238285,4.626951995373048,0.0,0.0,0.0,2.0,2.0,0.16666666666666666,6492.0,6492.0,541.0,2013-09-24,2013-09-24,2022-09-02,2022-09-02,7.0,7.0,2026-07-31,2026-07-31,EDLDB.CDM.CUSTOMER_AGGREGATE_SNAPSHOT,EDLDB.MRCH_SANDBOX.CBSA_ZIPCODE_MAPPING,EDLDB.MRCH_SANDBOX.MEDIAN_HOUSEHOLD_INCOME_ZIPCODE,EDLDB.MRCH_SANDBOX.CLINIC_PROFILE,EDLDB.MRCH_SANDBOX.CBSA_POPULATION,"active_customer_yoy_growth, active_customers_per_1000_households, clinic_orders_per_clinic, clinics_per_10000_households, corporate_clinic_share, practice_hub_clinic_share, veterinarians_per_10000_households",Hypothesis,True,market-attractiveness-synthetic-v1,1.0,SYNTHETIC_COMPLETE,prototype_ready,synthetic_prototype_only
proto:9d743e9d4a,,"Gillette, WY","Gillette, WY",micropolitan,2026-07-31,2025-07-31,2704,3089.0,-0.124636,0.045357,23219.0,23219.0,116.45635040268745,47147.0,47147.0,42247.294118,42247.294118,9.0,9.0,23.0,23.0,3.8761359231663723,9.905680692536285,0.0,0.0,0.0,3.0,3.0,0.3333333333333333,7975.0,7975.0,886.1111111111111,2013-09-02,2013-09-02,2023-04-16,2023-04-16,17.0,17.0,2026-07-31,2026-07-31,EDLDB.CDM.CUSTOMER_AGGREGATE_SNAPSHOT,EDLDB.MRCH_SANDBOX.CBSA_ZIPCODE_MAPPING,EDLDB.MRCH_SANDBOX.MEDIAN_HOUSEHOLD_INCOME_ZIPCODE,EDLDB.MRCH_SANDBOX.CLINIC_PROFILE,EDLDB.MRCH_SANDBOX.CBSA_POPULATION,"active_customer_yoy_growth, active_customers_per_1000_households, clinic_orders_per_clinic, clinics_per_10000_households, corporate_clinic_share, practice_hub_clinic_share, veterinarians_per_10000_households",Hypothesis,True,market-attractiveness-synthetic-v1,1.0,SYNTHETIC_COMPLETE,prototype_ready,synthetic_prototype_only
proto:e86f6d041d,,"Laramie, WY","Laramie, WY",micropolitan,2026-07-31,2025-07-31,2685,2977.0,-0.098085,0.082726,19293.0,19293.0,139.16964702223606,37112.0,37112.0,32374.090909,32374.090909,7.0,7.0,9.0,9.0,3.628258954024776,4.664904369460427,0.0,0.0,0.0,2.0,2.0,0.2857142857142857,4264.0,4264.0,609.1428571428571,2014-10-09,2014-10-09,2023-07-01,2023-07-01,11.0,11.0,2026-07-31,2026-07-31,EDLDB.CDM.CUSTOMER_AGGREGATE_SNAPSHOT,EDLDB.MRCH_SANDBOX.CBSA_ZIPCODE_MAPPING,EDLDB.MRCH_SANDBOX.MEDIAN_HOUSEHOLD_INCOME_ZIPCODE,EDLDB.MRCH_SANDBOX.CLINIC_PROFILE,EDLDB.MRCH_SANDBOX.CBSA_POPULATION,"active_customer_yoy_growth, active_customers_per_1000_households, clinic_orders_per_clinic, clinics_per_10000_households, corporate_clinic_share, practice_hub_clinic_share, veterinarians_per_10000_households",Hypothesis,True,market-attractiveness-synthetic-v1,1.0,SYNTHETIC_COMPLETE,prototype_ready,synthetic_prototype_only
proto:1842a7f0d1,,"Hailey, ID","Hailey, ID",micropolitan,2026-07-31,2025-07-31,2682,2833.0,-0.0533,0.118054,8626.0,8626.0,310.920472988639,30566.0,30566.0,38017.555556,38017.555556,10.0,10.0,22.0,22.0,11.59285879897983,25.50428935775562,0.0,0.0,0.0,2.0,2.0,0.2,13785.0,13785.0,1378.5,2013-07-01,2013-07-01,2023-06-14,2023-06-14,9.0,9.0,2026-07-31,2026-07-31,EDLDB.CDM.CUSTOMER_AGGREGATE_SNAPSHOT,EDLDB.MRCH_SANDBOX.CBSA_ZIPCODE_MAPPING,EDLDB.MRCH_SANDBOX.MEDIAN_HOUSEHOLD_INCOME_ZIPCODE,EDLDB.MRCH_SANDBOX.CLINIC_PROFILE,EDLDB.MRCH_SANDBOX.CBSA_POPULATION,"active_customer_yoy_growth, active_customers_per_1000_households, clinic_orders_per_clinic, clinics_per_10000_households, corporate_clinic_share, practice_hub_clinic_share, veterinarians_per_10000_households",Hypothesis,True,market-attractiveness-synthetic-v1,1.0,SYNTHETIC_COMPLETE,prototype_ready,synthetic_prototype_only
proto:47f72fcca1,,"Jefferson, GA","Jefferson, GA",micropolitan,2026-07-31,2025-07-31,2661,3133.0,-0.150654,0.01159,15501.0,15501.0,171.66634410683181,76731.0,76731.0,59420.333333,59420.333333,13.0,13.0,26.0,26.0,8.38655570608348,16.77311141216696,0.0,0.0,0.0,5.0,5.0,0.38461538461538464,26476.0,26476.0,2036.6153846153845,2013-03-14,2013-03-14,2023-06-09,2023-06-09,3.0,3.0,2026-07-31,2026-07-31,EDLDB.CDM.CUSTOMER_AGGREGATE_SNAPSHOT,EDLDB.MRCH_SANDBOX.CBSA_ZIPCODE_MAPPING,EDLDB.MRCH_SANDBOX.MEDIAN_HOUSEHOLD_INCOME_ZIPCODE,EDLDB.MRCH_SANDBOX.CLINIC_PROFILE,EDLDB.MRCH_SANDBOX.CBSA_POPULATION,"active_customer_yoy_growth, active_customers_per_1000_households, clinic_orders_per_clinic, clinics_per_10000_households, corporate_clinic_share, practice_hub_clinic_share, veterinarians_per_10000_households",Hypothesis,True,market-attractiveness-synthetic-v1,1.0,SYNTHETIC_COMPLETE,prototype_ready,synthetic_prototype_only
proto:6b22fae014,,"Athens, TN","Athens, TN",micropolitan,2026-07-31,2025-07-31,2657,3183.0,-0.165253,-0.005173,26387.0,26387.0,100.69352332588016,66151.0,66151.0,48253.0,48253.0,8.0,8.0,12.0,12.0,3.0317959601318836,4.547693940197824,0.0,0.0,0.0,2.0,2.0,0.25,3513.0,3513.0,439.125,2014-10-13,2014-10-13,2022-11-21,2022-11-21,6.0,6.0,2026-07-31,2026-07-31,EDLDB.CDM.CUSTOMER_AGGREGATE_SNAPSHOT,EDLDB.MRCH_SANDBOX.CBSA_ZIPCODE_MAPPING,EDLDB.MRCH_SANDBOX.MEDIAN_HOUSEHOLD_INCOME_ZIPCODE,EDLDB.MRCH_SANDBOX.CLINIC_PROFILE,EDLDB.MRCH_SANDBOX.CBSA_POPULATION,"active_customer_yoy_growth, active_customers_per_1000_households, clinic_orders_per_clinic, clinics_per_10000_households, corporate_clinic_share, practice_hub_clinic_share, veterinarians_per_10000_households",Hypothesis,True,market-attractiveness-synthetic-v1,1.0,SYNTHETIC_COMPLETE,prototype_ready,synthetic_prototype_only
proto:555409cfbd,,"St. Marys, PA","St, Marys, PA",micropolitan,2026-07-31,2025-07-31,2616,2955.0,-0.114721,0.059039,16997.0,16997.0,153.90951344354886,,42484.0,,49441.22,2.0,2.0,3.0,3.0,1.1766782373360005,1.7650173560040006,0.0,0.0,0.0,1.0,1.0,0.5,6280.0,6280.0,3140.0,2012-10-21,2012-10-21,2020-06-18,2020-06-18,,10.0,2026-07-31,2026-07-31,EDLDB.CDM.CUSTOMER_AGGREGATE_SNAPSHOT,EDLDB.MRCH_SANDBOX.CBSA_ZIPCODE_MAPPING,EDLDB.MRCH_SANDBOX.MEDIAN_HOUSEHOLD_INCOME_ZIPCODE,EDLDB.MRCH_SANDBOX.CLINIC_PROFILE,EDLDB.MRCH_SANDBOX.CBSA_POPULATION,"active_customer_yoy_growth, active_customers_per_1000_households, avg_zip_median_household_income, clinic_orders_per_clinic, clinics_per_10000_households, corporate_clinic_share, practice_hub_clinic_share, total_population, veterinarians_per_10000_households, zips_represented_within_cbsa",Hypothesis,True,market-attractiveness-synthetic-v1,1.0,SYNTHETIC_COMPLETE,prototype_ready,synthetic_prototype_only
proto:cb18b57919,,"Warren, PA","Warren, PA",micropolitan,2026-07-31,2025-07-31,2582,3018.0,-0.144467,0.019851,16438.0,16438.0,157.07506995984912,38511.0,38511.0,49763.875,49763.875,3.0,3.0,6.0,6.0,1.8250395425234214,3.6500790850468428,0.0,0.0,0.0,1.0,1.0,0.3333333333333333,4400.0,4400.0,1466.6666666666667,2013-11-03,2013-11-03,2015-04-17,2015-04-17,16.0,16.0,2026-07-31,2026-07-31,EDLDB.CDM.CUSTOMER_AGGREGATE_SNAPSHOT,EDLDB.MRCH_SANDBOX.CBSA_ZIPCODE_MAPPING,EDLDB.MRCH_SANDBOX.MEDIAN_HOUSEHOLD_INCOME_ZIPCODE,EDLDB.MRCH_SANDBOX.CLINIC_PROFILE,EDLDB.MRCH_SANDBOX.CBSA_POPULATION,"active_customer_yoy_growth, active_customers_per_1000_households, clinic_orders_per_clinic, clinics_per_10000_households, corporate_clinic_share, practice_hub_clinic_share, veterinarians_per_10000_households",Hypothesis,True,market-attractiveness-synthetic-v1,1.0,SYNTHETIC_COMPLETE,prototype_ready,synthetic_prototype_only
proto:0f110b68ba,,"North Wilkesboro, NC","North Wilkesboro, NC",micropolitan,2026-07-31,2025-07-31,2553,3093.0,-0.174588,-0.013846,28011.0,28011.0,91.142765342187,65916.0,65916.0,41351.818182,41351.818182,4.0,4.0,7.0,7.0,1.4280104244760987,2.499018242833173,0.0,0.0,0.0,0.0,0.0,0.0,4262.0,4262.0,1065.5,2013-09-02,2013-09-02,2021-01-22,2021-01-22,11.0,11.0,2026-07-31,2026-07-31,EDLDB.CDM.CUSTOMER_AGGREGATE_SNAPSHOT,EDLDB.MRCH_SANDBOX.CBSA_ZIPCODE_MAPPING,EDLDB.MRCH_SANDBOX.MEDIAN_HOUSEHOLD_INCOME_ZIPCODE,EDLDB.MRCH_SANDBOX.CLINIC_PROFILE,EDLDB.MRCH_SANDBOX.CBSA_POPULATION,"active_customer_yoy_growth, active_customers_per_1000_households, clinic_orders_per_clinic, clinics_per_10000_households, corporate_clinic_share, practice_hub_clinic_share, veterinarians_per_10000_households",Hypothesis,True,market-attractiveness-synthetic-v1,1.0,SYNTHETIC_COMPLETE,prototype_ready,synthetic_prototype_only
proto:f1812a472c,,"Athens, TX","Athens, TX",micropolitan,2026-07-31,2025-07-31,2553,3005.0,-0.150416,0.012377,23709.0,23709.0,107.68062760976845,82403.0,82403.0,52944.8,52944.8,13.0,13.0,16.0,16.0,5.483149858703446,6.748492133788857,0.0,0.0,0.0,3.0,3.0,0.23076923076923078,16950.0,16950.0,1303.8461538461538,2013-02-08,2013-02-08,2022-09-26,2022-09-26,10.0,10.0,2026-07-31,2026-07-31,EDLDB.CDM.CUSTOMER_AGGREGATE_SNAPSHOT,EDLDB.MRCH_SANDBOX.CBSA_ZIPCODE_MAPPING,EDLDB.MRCH_SANDBOX.MEDIAN_HOUSEHOLD_INCOME_ZIPCODE,EDLDB.MRCH_SANDBOX.CLINIC_PROFILE,EDLDB.MRCH_SANDBOX.CBSA_POPULATION,"active_customer_yoy_growth, active_customers_per_1000_households, clinic_orders_per_clinic, clinics_per_10000_households, corporate_clinic_share, practice_hub_clinic_share, veterinarians_per_10000_households",Hypothesis,True,market-attractiveness-synthetic-v1,1.0,SYNTHETIC_COMPLETE,prototype_ready,synthetic_prototype_only
proto:7bc85463f5,,"Grand Rapids, MN","Grand Rapids, MN",micropolitan,2026-07-31,2025-07-31,2547,2859.0,-0.109129,0.068273,19260.0,19260.0,132.2429906542056,45034.0,45034.0,50021.375,50021.375,7.0,7.0,17.0,17.0,3.634475597092419,8.826583592938734,0.0,0.0,0.0,1.0,1.0,0.14285714285714285,10598.0,10598.0,1514.0,2012-10-28,2012-10-28,2022-09-12,2022-09-12,24.0,24.0,2026-07-31,2026-07-31,EDLDB.CDM.CUSTOMER_AGGREGATE_SNAPSHOT,EDLDB.MRCH_SANDBOX.CBSA_ZIPCODE_MAPPING,EDLDB.MRCH_SANDBOX.MEDIAN_HOUSEHOLD_INCOME_ZIPCODE,EDLDB.MRCH_SANDBOX.CLINIC_PROFILE,EDLDB.MRCH_SANDBOX.CBSA_POPULATION,"active_customer_yoy_growth, active_customers_per_1000_households, clinic_orders_per_clinic, clinics_per_10000_households, corporate_clinic_share, practice_hub_clinic_share, veterinarians_per_10000_households",Hypothesis,True,market-attractiveness-synthetic-v1,1.0,SYNTHETIC_COMPLETE,prototype_ready,synthetic_prototype_only
proto:80aadd7dd0,,"Murray, KY","Murray, KY",micropolitan,2026-07-31,2025-07-31,2532,2967.0,-0.146613,0.016821,24297.0,24297.0,104.2103963452278,37596.0,37596.0,51452.0,51452.0,7.0,7.0,10.0,10.0,2.881014116969173,4.115734452813104,0.0,0.0,0.0,2.0,2.0,0.2857142857142857,7758.0,7758.0,1108.2857142857142,2012-11-06,2012-11-06,2023-05-02,2023-05-02,8.0,8.0,2026-07-31,2026-07-31,EDLDB.CDM.CUSTOMER_AGGREGATE_SNAPSHOT,EDLDB.MRCH_SANDBOX.CBSA_ZIPCODE_MAPPING,EDLDB.MRCH_SANDBOX.MEDIAN_HOUSEHOLD_INCOME_ZIPCODE,EDLDB.MRCH_SANDBOX.CLINIC_PROFILE,EDLDB.MRCH_SANDBOX.CBSA_POPULATION,"active_customer_yoy_growth, active_customers_per_1000_households, clinic_orders_per_clinic, clinics_per_10000_households, corporate_clinic_share, practice_hub_clinic_share, veterinarians_per_10000_households",Hypothesis,True,market-attractiveness-synthetic-v1,1.0,SYNTHETIC_COMPLETE,prototype_ready,synthetic_prototype_only
proto:199373ac04,,"Cambridge, MD","Cambridge, MD",micropolitan,2026-07-31,2025-07-31,2513,2928.0,-0.141735,0.02416,17429.0,17429.0,144.184979057892,32530.0,32530.0,50136.0,50136.0,4.0,4.0,5.0,5.0,2.295025532159045,2.8687819151988063,0.0,0.0,0.0,1.0,1.0,0.25,4440.0,4440.0,1110.0,2014-07-27,2014-07-27,2022-10-12,2022-10-12,18.0,18.0,2026-07-31,2026-07-31,EDLDB.CDM.CUSTOMER_AGGREGATE_SNAPSHOT,EDLDB.MRCH_SANDBOX.CBSA_ZIPCODE_MAPPING,EDLDB.MRCH_SANDBOX.MEDIAN_HOUSEHOLD_INCOME_ZIPCODE,EDLDB.MRCH_SANDBOX.CLINIC_PROFILE,EDLDB.MRCH_SANDBOX.CBSA_POPULATION,"active_customer_yoy_growth, active_customers_per_1000_households, clinic_orders_per_clinic, clinics_per_10000_households, corporate_clinic_share, practice_hub_clinic_share, veterinarians_per_10000_households",Hypothesis,True,market-attractiveness-synthetic-v1,1.0,SYNTHETIC_COMPLETE,prototype_ready,synthetic_prototype_only
proto:8dc15731ce,,"Wisconsin Rapids-Marshfield, WI","Wisconsin Rapids-Marshfield, WI",micropolitan,2026-07-31,2025-07-31,2509,2912.0,-0.138393,0.030337,24083.0,24083.0,104.18137275256404,74199.0,74199.0,61026.0,61026.0,13.0,13.0,21.0,21.0,5.397998588215754,8.719843873271603,0.0,0.0,0.0,2.0,2.0,0.15384615384615385,11278.0,11278.0,867.5384615384615,2013-11-12,2013-11-12,2022-05-03,2022-05-03,11.0,11.0,2026-07-31,2026-07-31,EDLDB.CDM.CUSTOMER_AGGREGATE_SNAPSHOT,EDLDB.MRCH_SANDBOX.CBSA_ZIPCODE_MAPPING,EDLDB.MRCH_SANDBOX.MEDIAN_HOUSEHOLD_INCOME_ZIPCODE,EDLDB.MRCH_SANDBOX.CLINIC_PROFILE,EDLDB.MRCH_SANDBOX.CBSA_POPULATION,"active_customer_yoy_growth, active_customers_per_1000_households, clinic_orders_per_clinic, clinics_per_10000_households, corporate_clinic_share, practice_hub_clinic_share, veterinarians_per_10000_households",Hypothesis,True,market-attractiveness-synthetic-v1,1.0,SYNTHETIC_COMPLETE,prototype_ready,synthetic_prototype_only
proto:1d8c142bf0,,"Salina, KS","Salina, KS",micropolitan,2026-07-31,2025-07-31,2497,2804.0,-0.109486,0.067281,29220.0,29220.0,85.45516769336072,59983.0,59983.0,54924.0,54924.0,11.0,11.0,15.0,15.0,3.7645448323066395,5.13347022587269,0.0,0.0,0.0,1.0,1.0,0.09090909090909091,6301.0,6301.0,572.8181818181819,2013-09-30,2013-09-30,2023-04-27,2023-04-27,17.0,17.0,2026-07-31,2026-07-31,EDLDB.CDM.CUSTOMER_AGGREGATE_SNAPSHOT,EDLDB.MRCH_SANDBOX.CBSA_ZIPCODE_MAPPING,EDLDB.MRCH_SANDBOX.MEDIAN_HOUSEHOLD_INCOME_ZIPCODE,EDLDB.MRCH_SANDBOX.CLINIC_PROFILE,EDLDB.MRCH_SANDBOX.CBSA_POPULATION,"active_customer_yoy_growth, active_customers_per_1000_households, clinic_orders_per_clinic, clinics_per_10000_households, corporate_clinic_share, practice_hub_clinic_share, veterinarians_per_10000_households",Hypothesis,True,market-attractiveness-synthetic-v1,1.0,SYNTHETIC_COMPLETE,prototype_ready,synthetic_prototype_only
proto:74245f3807,,"Pullman, WA","Pullman, WA",micropolitan,2026-07-31,2025-07-31,2491,2812.0,-0.114154,0.060124,17801.0,17801.0,139.9359586540082,47807.0,47807.0,45151.789474,45151.789474,21.0,21.0,63.0,63.0,11.797090051120724,35.39127015336217,0.0,0.0,0.0,3.0,3.0,0.14285714285714285,17440.0,17440.0,830.4761904761905,2014-02-07,2014-02-07,2023-05-23,2023-05-23,19.0,19.0,2026-07-31,2026-07-31,EDLDB.CDM.CUSTOMER_AGGREGATE_SNAPSHOT,EDLDB.MRCH_SANDBOX.CBSA_ZIPCODE_MAPPING,EDLDB.MRCH_SANDBOX.MEDIAN_HOUSEHOLD_INCOME_ZIPCODE,EDLDB.MRCH_SANDBOX.CLINIC_PROFILE,EDLDB.MRCH_SANDBOX.CBSA_POPULATION,"active_customer_yoy_growth, active_customers_per_1000_households, clinic_orders_per_clinic, clinics_per_10000_households, corporate_clinic_share, practice_hub_clinic_share, veterinarians_per_10000_households",Hypothesis,True,market-attractiveness-synthetic-v1,1.0,SYNTHETIC_COMPLETE,prototype_ready,synthetic_prototype_only
proto:4d2ca601ae,,"Riverton, WY","Riverton, WY",micropolitan,2026-07-31,2025-07-31,2490,2887.0,-0.137513,0.031281,18202.0,18202.0,136.7981540490056,39202.0,39202.0,50398.0,50398.0,11.0,11.0,16.0,16.0,6.043291945940006,8.790242830458192,0.0,0.0,0.0,6.0,6.0,0.5454545454545454,10408.0,10408.0,946.1818181818181,2014-03-18,2014-03-18,2023-06-12,2023-06-12,12.0,12.0,2026-07-31,2026-07-31,EDLDB.CDM.CUSTOMER_AGGREGATE_SNAPSHOT,EDLDB.MRCH_SANDBOX.CBSA_ZIPCODE_MAPPING,EDLDB.MRCH_SANDBOX.MEDIAN_HOUSEHOLD_INCOME_ZIPCODE,EDLDB.MRCH_SANDBOX.CLINIC_PROFILE,EDLDB.MRCH_SANDBOX.CBSA_POPULATION,"active_customer_yoy_growth, active_customers_per_1000_households, clinic_orders_per_clinic, clinics_per_10000_households, corporate_clinic_share, practice_hub_clinic_share, veterinarians_per_10000_households",Hypothesis,True,market-attractiveness-synthetic-v1,1.0,SYNTHETIC_COMPLETE,prototype_ready,synthetic_prototype_only
proto:4fb3dd13a4,,"Stillwater, OK","Stillwater, OK",micropolitan,2026-07-31,2025-07-31,2474,2754.0,-0.10167,0.078324,26826.0,26826.0,92.22396182807724,81648.0,81648.0,39018.8,39018.8,25.0,25.0,44.0,44.0,9.319317080444344,16.40199806158205,0.0,0.0,0.0,11.0,11.0,0.44,18901.0,18901.0,756.04,2013-05-12,2013-05-12,2023-10-03,2023-10-03,5.0,5.0,2026-07-31,2026-07-31,EDLDB.CDM.CUSTOMER_AGGREGATE_SNAPSHOT,EDLDB.MRCH_SANDBOX.CBSA_ZIPCODE_MAPPING,EDLDB.MRCH_SANDBOX.MEDIAN_HOUSEHOLD_INCOME_ZIPCODE,EDLDB.MRCH_SANDBOX.CLINIC_PROFILE,EDLDB.MRCH_SANDBOX.CBSA_POPULATION,"active_customer_yoy_growth, active_customers_per_1000_households, clinic_orders_per_clinic, clinics_per_10000_households, corporate_clinic_share, practice_hub_clinic_share, veterinarians_per_10000_households",Hypothesis,True,market-attractiveness-synthetic-v1,1.0,SYNTHETIC_COMPLETE,prototype_ready,synthetic_prototype_only
proto:9fbd512a45,,"Gloversville, NY","Gloversville, NY",micropolitan,2026-07-31,2025-07-31,2464,2828.0,-0.128713,0.041413,16527.0,16527.0,149.0893689114782,53100.0,53100.0,53429.0,53429.0,6.0,6.0,13.0,13.0,3.630422944273008,7.865916379258184,0.0,0.0,0.0,2.0,2.0,0.3333333333333333,11937.0,11937.0,1989.5,2012-10-19,2012-10-19,2022-08-17,2022-08-17,4.0,4.0,2026-07-31,2026-07-31,EDLDB.CDM.CUSTOMER_AGGREGATE_SNAPSHOT,EDLDB.MRCH_SANDBOX.CBSA_ZIPCODE_MAPPING,EDLDB.MRCH_SANDBOX.MEDIAN_HOUSEHOLD_INCOME_ZIPCODE,EDLDB.MRCH_SANDBOX.CLINIC_PROFILE,EDLDB.MRCH_SANDBOX.CBSA_POPULATION,"active_customer_yoy_growth, active_customers_per_1000_households, clinic_orders_per_clinic, clinics_per_10000_households, corporate_clinic_share, practice_hub_clinic_share, veterinarians_per_10000_households",Hypothesis,True,market-attractiveness-synthetic-v1,1.0,SYNTHETIC_COMPLETE,prototype_ready,synthetic_prototype_only
proto:06cbea0b90,,"Alamogordo, NM","Alamogordo, NM",micropolitan,2026-07-31,2025-07-31,2455,2893.0,-0.1514,0.010199,21354.0,21354.0,114.9667509600075,67862.0,67862.0,31172.933333,31172.933333,10.0,10.0,11.0,11.0,4.682963379226375,5.151259717149012,0.0,0.0,0.0,2.0,2.0,0.2,7349.0,7349.0,734.9,2014-01-18,2014-01-18,2022-06-28,2022-06-28,15.0,15.0,2026-07-31,2026-07-31,EDLDB.CDM.CUSTOMER_AGGREGATE_SNAPSHOT,EDLDB.MRCH_SANDBOX.CBSA_ZIPCODE_MAPPING,EDLDB.MRCH_SANDBOX.MEDIAN_HOUSEHOLD_INCOME_ZIPCODE,EDLDB.MRCH_SANDBOX.CLINIC_PROFILE,EDLDB.MRCH_SANDBOX.CBSA_POPULATION,"active_customer_yoy_growth, active_customers_per_1000_households, clinic_orders_per_clinic, clinics_per_10000_households, corporate_clinic_share, practice_hub_clinic_share, veterinarians_per_10000_households",Hypothesis,True,market-attractiveness-synthetic-v1,1.0,SYNTHETIC_COMPLETE,prototype_ready,synthetic_prototype_only
proto:c733e88106,,"Payson, AZ","Payson, AZ",micropolitan,2026-07-31,2025-07-31,2429,2794.0,-0.130637,0.038806,19161.0,19161.0,126.76791399196286,53351.0,53351.0,42368.571429,42368.571429,10.0,10.0,21.0,21.0,5.2189342936172425,10.95976201659621,0.0,0.0,0.0,1.0,1.0,0.1,15324.0,15324.0,1532.4,2012-10-31,2012-10-31,2021-10-16,2021-10-16,7.0,7.0,2026-07-31,2026-07-31,EDLDB.CDM.CUSTOMER_AGGREGATE_SNAPSHOT,EDLDB.MRCH_SANDBOX.CBSA_ZIPCODE_MAPPING,EDLDB.MRCH_SANDBOX.MEDIAN_HOUSEHOLD_INCOME_ZIPCODE,EDLDB.MRCH_SANDBOX.CLINIC_PROFILE,EDLDB.MRCH_SANDBOX.CBSA_POPULATION,"active_customer_yoy_growth, active_customers_per_1000_households, clinic_orders_per_clinic, clinics_per_10000_households, corporate_clinic_share, practice_hub_clinic_share, veterinarians_per_10000_households",Hypothesis,True,market-attractiveness-synthetic-v1,1.0,SYNTHETIC_COMPLETE,prototype_ready,synthetic_prototype_only
proto:36823c1094,,"Fort Madison-Keokuk, IA-IL-MO","Fort Madison-Keokuk, IA-IL-MO",micropolitan,2026-07-31,2025-07-31,2424,2849.0,-0.149175,0.013549,25819.0,25819.0,93.8843487354274,33533.0,33533.0,52620.411765,52620.411765,15.0,15.0,18.0,18.0,5.809675045509121,6.971610054610945,0.0,0.0,0.0,3.0,3.0,0.2,6356.0,6356.0,423.73333333333335,2013-10-19,2013-10-19,2022-08-18,2022-08-18,34.0,34.0,2026-07-31,2026-07-31,EDLDB.CDM.CUSTOMER_AGGREGATE_SNAPSHOT,EDLDB.MRCH_SANDBOX.CBSA_ZIPCODE_MAPPING,EDLDB.MRCH_SANDBOX.MEDIAN_HOUSEHOLD_INCOME_ZIPCODE,EDLDB.MRCH_SANDBOX.CLINIC_PROFILE,EDLDB.MRCH_SANDBOX.CBSA_POPULATION,"active_customer_yoy_growth, active_customers_per_1000_households, clinic_orders_per_clinic, clinics_per_10000_households, corporate_clinic_share, practice_hub_clinic_share, veterinarians_per_10000_households",Hypothesis,True,market-attractiveness-synthetic-v1,1.0,SYNTHETIC_COMPLETE,prototype_ready,synthetic_prototype_only
proto:33b495e1fa,,"Manitowoc, WI","Manitowoc, WI",micropolitan,2026-07-31,2025-07-31,2421,2754.0,-0.120915,0.049285,21340.0,21340.0,113.44892221180882,81387.0,81387.0,63491.375,63491.375,6.0,6.0,20.0,20.0,2.8116213683223994,9.372071227741332,1.0,1.0,0.16666666666666666,1.0,1.0,0.16666666666666666,19268.0,19268.0,3211.3333333333335,2012-10-22,2012-10-22,2020-10-30,2020-10-30,8.0,8.0,2026-07-31,2026-07-31,EDLDB.CDM.CUSTOMER_AGGREGATE_SNAPSHOT,EDLDB.MRCH_SANDBOX.CBSA_ZIPCODE_MAPPING,EDLDB.MRCH_SANDBOX.MEDIAN_HOUSEHOLD_INCOME_ZIPCODE,EDLDB.MRCH_SANDBOX.CLINIC_PROFILE,EDLDB.MRCH_SANDBOX.CBSA_POPULATION,"active_customer_yoy_growth, active_customers_per_1000_households, clinic_orders_per_clinic, clinics_per_10000_households, corporate_clinic_share, practice_hub_clinic_share, veterinarians_per_10000_households",Hypothesis,True,market-attractiveness-synthetic-v1,1.0,SYNTHETIC_COMPLETE,prototype_ready,synthetic_prototype_only
proto:26003d15ae,,"Marinette, WI-MI","Marinette, WI-MI",micropolitan,2026-07-31,2025-07-31,2385,2805.0,-0.149733,0.01316,22464.0,22464.0,106.1698717948718,65340.0,65340.0,48765.333333,48765.333333,12.0,12.0,12.0,12.0,5.341880341880342,5.341880341880342,0.0,0.0,0.0,2.0,2.0,0.16666666666666666,10604.0,10604.0,883.6666666666666,2012-11-19,2012-11-19,2021-09-26,2021-09-26,21.0,21.0,2026-07-31,2026-07-31,EDLDB.CDM.CUSTOMER_AGGREGATE_SNAPSHOT,EDLDB.MRCH_SANDBOX.CBSA_ZIPCODE_MAPPING,EDLDB.MRCH_SANDBOX.MEDIAN_HOUSEHOLD_INCOME_ZIPCODE,EDLDB.MRCH_SANDBOX.CLINIC_PROFILE,EDLDB.MRCH_SANDBOX.CBSA_POPULATION,"active_customer_yoy_growth, active_customers_per_1000_households, clinic_orders_per_clinic, clinics_per_10000_households, corporate_clinic_share, practice_hub_clinic_share, veterinarians_per_10000_households",Hypothesis,True,market-attractiveness-synthetic-v1,1.0,SYNTHETIC_COMPLETE,prototype_ready,synthetic_prototype_only
proto:0b2b1cf8d1,,"Branson, MO","Branson, MO",micropolitan,2026-07-31,2025-07-31,2369,2765.0,-0.143219,0.021354,24377.0,24377.0,97.18176970094763,56062.0,56062.0,43447.153846,43447.153846,7.0,7.0,11.0,11.0,2.8715592566763752,4.5124502604914465,0.0,0.0,0.0,2.0,2.0,0.2857142857142857,10168.0,10168.0,1452.5714285714287,2013-01-27,2013-01-27,2015-04-07,2015-04-07,13.0,13.0,2026-07-31,2026-07-31,EDLDB.CDM.CUSTOMER_AGGREGATE_SNAPSHOT,EDLDB.MRCH_SANDBOX.CBSA_ZIPCODE_MAPPING,EDLDB.MRCH_SANDBOX.MEDIAN_HOUSEHOLD_INCOME_ZIPCODE,EDLDB.MRCH_SANDBOX.CLINIC_PROFILE,EDLDB.MRCH_SANDBOX.CBSA_POPULATION,"active_customer_yoy_growth, active_customers_per_1000_households, clinic_orders_per_clinic, clinics_per_10000_households, corporate_clinic_share, practice_hub_clinic_share, veterinarians_per_10000_households",Hypothesis,True,market-attractiveness-synthetic-v1,1.0,SYNTHETIC_COMPLETE,prototype_ready,synthetic_prototype_only
proto:82087ca05a,,"Huntsville, TX","Huntsville, TX",micropolitan,2026-07-31,2025-07-31,2366,2730.0,-0.133333,0.035868,26927.0,26927.0,87.86719649422513,76553.0,76553.0,32982.625,32982.625,6.0,6.0,10.0,10.0,2.228246741189141,3.7137445686485684,0.0,0.0,0.0,1.0,1.0,0.16666666666666666,11500.0,11500.0,1916.6666666666667,2014-04-22,2014-04-22,2014-12-30,2014-12-30,8.0,8.0,2026-07-31,2026-07-31,EDLDB.CDM.CUSTOMER_AGGREGATE_SNAPSHOT,EDLDB.MRCH_SANDBOX.CBSA_ZIPCODE_MAPPING,EDLDB.MRCH_SANDBOX.MEDIAN_HOUSEHOLD_INCOME_ZIPCODE,EDLDB.MRCH_SANDBOX.CLINIC_PROFILE,EDLDB.MRCH_SANDBOX.CBSA_POPULATION,"active_customer_yoy_growth, active_customers_per_1000_households, clinic_orders_per_clinic, clinics_per_10000_households, corporate_clinic_share, practice_hub_clinic_share, veterinarians_per_10000_households",Hypothesis,True,market-attractiveness-synthetic-v1,1.0,SYNTHETIC_COMPLETE,prototype_ready,synthetic_prototype_only
proto:cc8f6ab06d,,"Sault Ste. Marie, MI","Sault Ste, Marie, MI",micropolitan,2026-07-31,2025-07-31,2350,2651.0,-0.113542,0.061518,17113.0,17113.0,137.3225033600187,,42774.0,,49441.22,6.0,6.0,8.0,8.0,3.506106468766435,4.674808625021913,0.0,0.0,0.0,3.0,3.0,0.5,8915.0,8915.0,1485.8333333333333,2012-11-14,2012-11-14,2022-08-09,2022-08-09,,10.0,2026-07-31,2026-07-31,EDLDB.CDM.CUSTOMER_AGGREGATE_SNAPSHOT,EDLDB.MRCH_SANDBOX.CBSA_ZIPCODE_MAPPING,EDLDB.MRCH_SANDBOX.MEDIAN_HOUSEHOLD_INCOME_ZIPCODE,EDLDB.MRCH_SANDBOX.CLINIC_PROFILE,EDLDB.MRCH_SANDBOX.CBSA_POPULATION,"active_customer_yoy_growth, active_customers_per_1000_households, avg_zip_median_household_income, clinic_orders_per_clinic, clinics_per_10000_households, corporate_clinic_share, practice_hub_clinic_share, total_population, veterinarians_per_10000_households, zips_represented_within_cbsa",Hypothesis,True,market-attractiveness-synthetic-v1,1.0,SYNTHETIC_COMPLETE,prototype_ready,synthetic_prototype_only
proto:c0f50ec33b,,"Clinton, IA","Clinton, IA",micropolitan,2026-07-31,2025-07-31,2334,2812.0,-0.169986,-0.010124,24959.0,24959.0,93.5133619135382,46427.0,46427.0,56618.4,56618.4,8.0,8.0,12.0,12.0,3.2052566208582074,4.807884931287311,0.0,0.0,0.0,2.0,2.0,0.25,7743.0,7743.0,967.875,2013-11-06,2013-11-06,2022-02-17,2022-02-17,20.0,20.0,2026-07-31,2026-07-31,EDLDB.CDM.CUSTOMER_AGGREGATE_SNAPSHOT,EDLDB.MRCH_SANDBOX.CBSA_ZIPCODE_MAPPING,EDLDB.MRCH_SANDBOX.MEDIAN_HOUSEHOLD_INCOME_ZIPCODE,EDLDB.MRCH_SANDBOX.CLINIC_PROFILE,EDLDB.MRCH_SANDBOX.CBSA_POPULATION,"active_customer_yoy_growth, active_customers_per_1000_households, clinic_orders_per_clinic, clinics_per_10000_households, corporate_clinic_share, practice_hub_clinic_share, veterinarians_per_10000_households",Hypothesis,True,market-attractiveness-synthetic-v1,1.0,SYNTHETIC_COMPLETE,prototype_ready,synthetic_prototype_only
proto:570dd31f47,,"Tiffin, OH","Tiffin, OH",micropolitan,2026-07-31,2025-07-31,2332,2652.0,-0.120664,0.04951,19667.0,19667.0,118.5742614531957,55054.0,55054.0,53557.571429,53557.571429,9.0,9.0,10.0,10.0,4.576193623836884,5.084659582040983,0.0,0.0,0.0,4.0,4.0,0.4444444444444444,6226.0,6226.0,691.7777777777778,2012-12-08,2012-12-08,2020-06-05,2020-06-05,14.0,14.0,2026-07-31,2026-07-31,EDLDB.CDM.CUSTOMER_AGGREGATE_SNAPSHOT,EDLDB.MRCH_SANDBOX.CBSA_ZIPCODE_MAPPING,EDLDB.MRCH_SANDBOX.MEDIAN_HOUSEHOLD_INCOME_ZIPCODE,EDLDB.MRCH_SANDBOX.CLINIC_PROFILE,EDLDB.MRCH_SANDBOX.CBSA_POPULATION,"active_customer_yoy_growth, active_customers_per_1000_households, clinic_orders_per_clinic, clinics_per_10000_households, corporate_clinic_share, practice_hub_clinic_share, veterinarians_per_10000_households",Hypothesis,True,market-attractiveness-synthetic-v1,1.0,SYNTHETIC_COMPLETE,prototype_ready,synthetic_prototype_only
proto:c940c8b139,,"Hutchinson, KS","Hutchinson, KS",micropolitan,2026-07-31,2025-07-31,2320,2664.0,-0.129129,0.040604,27359.0,27359.0,84.79842099491941,61878.0,61878.0,52183.25,52183.25,9.0,9.0,17.0,17.0,3.2895939179063562,6.213677400489784,0.0,0.0,0.0,2.0,2.0,0.2222222222222222,6203.0,6203.0,689.2222222222222,2013-12-15,2013-12-15,2022-08-29,2022-08-29,16.0,16.0,2026-07-31,2026-07-31,EDLDB.CDM.CUSTOMER_AGGREGATE_SNAPSHOT,EDLDB.MRCH_SANDBOX.CBSA_ZIPCODE_MAPPING,EDLDB.MRCH_SANDBOX.MEDIAN_HOUSEHOLD_INCOME_ZIPCODE,EDLDB.MRCH_SANDBOX.CLINIC_PROFILE,EDLDB.MRCH_SANDBOX.CBSA_POPULATION,"active_customer_yoy_growth, active_customers_per_1000_households, clinic_orders_per_clinic, clinics_per_10000_households, corporate_clinic_share, practice_hub_clinic_share, veterinarians_per_10000_households",Hypothesis,True,market-attractiveness-synthetic-v1,1.0,SYNTHETIC_COMPLETE,prototype_ready,synthetic_prototype_only
proto:5440c49f9a,,"Kerrville, TX","Kerrville, TX",micropolitan,2026-07-31,2025-07-31,2303,2690.0,-0.143866,0.020416,21137.0,21137.0,108.95585939348062,52693.0,52693.0,52749.333333,52749.333333,10.0,10.0,19.0,19.0,4.731040355774234,8.988976675971045,0.0,0.0,0.0,3.0,3.0,0.3,8662.0,8662.0,866.2,2013-12-03,2013-12-03,2022-05-21,2022-05-21,6.0,6.0,2026-07-31,2026-07-31,EDLDB.CDM.CUSTOMER_AGGREGATE_SNAPSHOT,EDLDB.MRCH_SANDBOX.CBSA_ZIPCODE_MAPPING,EDLDB.MRCH_SANDBOX.MEDIAN_HOUSEHOLD_INCOME_ZIPCODE,EDLDB.MRCH_SANDBOX.CLINIC_PROFILE,EDLDB.MRCH_SANDBOX.CBSA_POPULATION,"active_customer_yoy_growth, active_customers_per_1000_households, clinic_orders_per_clinic, clinics_per_10000_households, corporate_clinic_share, practice_hub_clinic_share, veterinarians_per_10000_households",Hypothesis,True,market-attractiveness-synthetic-v1,1.0,SYNTHETIC_COMPLETE,prototype_ready,synthetic_prototype_only
proto:e6dc7730d2,,"Russellville, AR","Russellville, AR",micropolitan,2026-07-31,2025-07-31,2279,2742.0,-0.168855,-0.008505,32584.0,32584.0,69.9423029707832,83622.0,83622.0,37402.869565,37402.869565,13.0,13.0,16.0,16.0,3.9896881905229558,4.910385465259023,0.0,0.0,0.0,3.0,3.0,0.23076923076923078,9414.0,9414.0,724.1538461538462,2014-07-16,2014-07-16,2021-10-17,2021-10-17,23.0,23.0,2026-07-31,2026-07-31,EDLDB.CDM.CUSTOMER_AGGREGATE_SNAPSHOT,EDLDB.MRCH_SANDBOX.CBSA_ZIPCODE_MAPPING,EDLDB.MRCH_SANDBOX.MEDIAN_HOUSEHOLD_INCOME_ZIPCODE,EDLDB.MRCH_SANDBOX.CLINIC_PROFILE,EDLDB.MRCH_SANDBOX.CBSA_POPULATION,"active_customer_yoy_growth, active_customers_per_1000_households, clinic_orders_per_clinic, clinics_per_10000_households, corporate_clinic_share, practice_hub_clinic_share, veterinarians_per_10000_households",Hypothesis,True,market-attractiveness-synthetic-v1,1.0,SYNTHETIC_COMPLETE,prototype_ready,synthetic_prototype_only
proto:c51a22c56d,,"Scottsbluff, NE","Scottsbluff, NE",micropolitan,2026-07-31,2025-07-31,2263,2634.0,-0.14085,0.025654,23017.0,23017.0,98.3186340530912,36730.0,36730.0,51803.882353,51803.882353,5.0,5.0,6.0,6.0,2.172307424946778,2.606768909936134,0.0,0.0,0.0,0.0,0.0,0.0,4218.0,4218.0,843.6,2013-09-15,2013-09-15,2023-10-16,2023-10-16,17.0,17.0,2026-07-31,2026-07-31,EDLDB.CDM.CUSTOMER_AGGREGATE_SNAPSHOT,EDLDB.MRCH_SANDBOX.CBSA_ZIPCODE_MAPPING,EDLDB.MRCH_SANDBOX.MEDIAN_HOUSEHOLD_INCOME_ZIPCODE,EDLDB.MRCH_SANDBOX.CLINIC_PROFILE,EDLDB.MRCH_SANDBOX.CBSA_POPULATION,"active_customer_yoy_growth, active_customers_per_1000_households, clinic_orders_per_clinic, clinics_per_10000_households, corporate_clinic_share, practice_hub_clinic_share, veterinarians_per_10000_households",Hypothesis,True,market-attractiveness-synthetic-v1,1.0,SYNTHETIC_COMPLETE,prototype_ready,synthetic_prototype_only
proto:8e34d10ff9,,"Bemidji, MN","Bemidji, MN",micropolitan,2026-07-31,2025-07-31,2253,2528.0,-0.108782,0.069293,19396.0,19396.0,116.15797071561147,46255.0,46255.0,51960.2,51960.2,8.0,8.0,13.0,13.0,4.124561765312436,6.702412868632708,0.0,0.0,0.0,4.0,4.0,0.5,15096.0,15096.0,1887.0,2012-10-24,2012-10-24,2021-09-04,2021-09-04,15.0,15.0,2026-07-31,2026-07-31,EDLDB.CDM.CUSTOMER_AGGREGATE_SNAPSHOT,EDLDB.MRCH_SANDBOX.CBSA_ZIPCODE_MAPPING,EDLDB.MRCH_SANDBOX.MEDIAN_HOUSEHOLD_INCOME_ZIPCODE,EDLDB.MRCH_SANDBOX.CLINIC_PROFILE,EDLDB.MRCH_SANDBOX.CBSA_POPULATION,"active_customer_yoy_growth, active_customers_per_1000_households, clinic_orders_per_clinic, clinics_per_10000_households, corporate_clinic_share, practice_hub_clinic_share, veterinarians_per_10000_households",Hypothesis,True,market-attractiveness-synthetic-v1,1.0,SYNTHETIC_COMPLETE,prototype_ready,synthetic_prototype_only
proto:8e6f33e72b,,"Marion, IN","Marion, IN",micropolitan,2026-07-31,2025-07-31,2248,2702.0,-0.168024,-0.007456,28260.0,28260.0,79.54706298655344,66507.0,66507.0,48201.0,48201.0,10.0,10.0,12.0,12.0,3.5385704175513095,4.246284501061571,0.0,0.0,0.0,2.0,2.0,0.2,6006.0,6006.0,600.6,2012-10-19,2012-10-19,2021-11-19,2021-11-19,11.0,11.0,2026-07-31,2026-07-31,EDLDB.CDM.CUSTOMER_AGGREGATE_SNAPSHOT,EDLDB.MRCH_SANDBOX.CBSA_ZIPCODE_MAPPING,EDLDB.MRCH_SANDBOX.MEDIAN_HOUSEHOLD_INCOME_ZIPCODE,EDLDB.MRCH_SANDBOX.CLINIC_PROFILE,EDLDB.MRCH_SANDBOX.CBSA_POPULATION,"active_customer_yoy_growth, active_customers_per_1000_households, clinic_orders_per_clinic, clinics_per_10000_households, corporate_clinic_share, practice_hub_clinic_share, veterinarians_per_10000_households",Hypothesis,True,market-attractiveness-synthetic-v1,1.0,SYNTHETIC_COMPLETE,prototype_ready,synthetic_prototype_only
proto:3c143aa9ca,,"Breckenridge, CO","Breckenridge, CO",micropolitan,2026-07-31,2025-07-31,2247,2419.0,-0.071104,0.111912,11609.0,11609.0,193.5567232319752,38409.0,38409.0,78147.8,78147.8,11.0,11.0,14.0,14.0,9.475407011801188,12.059608924110604,0.0,0.0,0.0,5.0,5.0,0.45454545454545453,17588.0,17588.0,1598.909090909091,2013-07-09,2013-07-09,2023-09-23,2023-09-23,5.0,5.0,2026-07-31,2026-07-31,EDLDB.CDM.CUSTOMER_AGGREGATE_SNAPSHOT,EDLDB.MRCH_SANDBOX.CBSA_ZIPCODE_MAPPING,EDLDB.MRCH_SANDBOX.MEDIAN_HOUSEHOLD_INCOME_ZIPCODE,EDLDB.MRCH_SANDBOX.CLINIC_PROFILE,EDLDB.MRCH_SANDBOX.CBSA_POPULATION,"active_customer_yoy_growth, active_customers_per_1000_households, clinic_orders_per_clinic, clinics_per_10000_households, corporate_clinic_share, practice_hub_clinic_share, veterinarians_per_10000_households",Hypothesis,True,market-attractiveness-synthetic-v1,1.0,SYNTHETIC_COMPLETE,prototype_ready,synthetic_prototype_only
proto:24362c8b6c,,"Big Rapids, MI","Big Rapids, MI",micropolitan,2026-07-31,2025-07-31,2244,2576.0,-0.128882,0.041008,18370.0,18370.0,122.15568862275448,39790.0,39790.0,48272.181818,48272.181818,6.0,6.0,10.0,10.0,3.2661948829613503,5.443658138268917,0.0,0.0,0.0,1.0,1.0,0.16666666666666666,9710.0,9710.0,1618.3333333333333,2014-07-28,2014-07-28,2021-11-02,2021-11-02,11.0,11.0,2026-07-31,2026-07-31,EDLDB.CDM.CUSTOMER_AGGREGATE_SNAPSHOT,EDLDB.MRCH_SANDBOX.CBSA_ZIPCODE_MAPPING,EDLDB.MRCH_SANDBOX.MEDIAN_HOUSEHOLD_INCOME_ZIPCODE,EDLDB.MRCH_SANDBOX.CLINIC_PROFILE,EDLDB.MRCH_SANDBOX.CBSA_POPULATION,"active_customer_yoy_growth, active_customers_per_1000_households, clinic_orders_per_clinic, clinics_per_10000_households, corporate_clinic_share, practice_hub_clinic_share, veterinarians_per_10000_households",Hypothesis,True,market-attractiveness-synthetic-v1,1.0,SYNTHETIC_COMPLETE,prototype_ready,synthetic_prototype_only
proto:b605b52f3a,,"Searcy, AR","Searcy, AR",micropolitan,2026-07-31,2025-07-31,2243,2692.0,-0.16679,-0.00694,30052.0,30052.0,74.63729535471849,76860.0,76860.0,39461.75,39461.75,14.0,14.0,18.0,18.0,4.658591774257953,5.989617995474511,0.0,0.0,0.0,5.0,5.0,0.35714285714285715,10400.0,10400.0,742.8571428571429,2013-12-09,2013-12-09,2021-06-29,2021-06-29,16.0,16.0,2026-07-31,2026-07-31,EDLDB.CDM.CUSTOMER_AGGREGATE_SNAPSHOT,EDLDB.MRCH_SANDBOX.CBSA_ZIPCODE_MAPPING,EDLDB.MRCH_SANDBOX.MEDIAN_HOUSEHOLD_INCOME_ZIPCODE,EDLDB.MRCH_SANDBOX.CLINIC_PROFILE,EDLDB.MRCH_SANDBOX.CBSA_POPULATION,"active_customer_yoy_growth, active_customers_per_1000_households, clinic_orders_per_clinic, clinics_per_10000_households, corporate_clinic_share, practice_hub_clinic_share, veterinarians_per_10000_households",Hypothesis,True,market-attractiveness-synthetic-v1,1.0,SYNTHETIC_COMPLETE,prototype_ready,synthetic_prototype_only
proto:f2fe5a2897,,"Rolla, MO","Rolla, MO",micropolitan,2026-07-31,2025-07-31,2238,2574.0,-0.130536,0.039004,27277.0,27277.0,82.04714594713495,44559.0,44559.0,39475.7,39475.7,8.0,8.0,8.0,8.0,2.9328738497635367,2.9328738497635367,0.0,0.0,0.0,4.0,4.0,0.5,7418.0,7418.0,927.25,2014-01-04,2014-01-04,2023-06-18,2023-06-18,10.0,10.0,2026-07-31,2026-07-31,EDLDB.CDM.CUSTOMER_AGGREGATE_SNAPSHOT,EDLDB.MRCH_SANDBOX.CBSA_ZIPCODE_MAPPING,EDLDB.MRCH_SANDBOX.MEDIAN_HOUSEHOLD_INCOME_ZIPCODE,EDLDB.MRCH_SANDBOX.CLINIC_PROFILE,EDLDB.MRCH_SANDBOX.CBSA_POPULATION,"active_customer_yoy_growth, active_customers_per_1000_households, clinic_orders_per_clinic, clinics_per_10000_households, corporate_clinic_share, practice_hub_clinic_share, veterinarians_per_10000_households",Hypothesis,True,market-attractiveness-synthetic-v1,1.0,SYNTHETIC_COMPLETE,prototype_ready,synthetic_prototype_only
proto:eae73e1a6c,,"Batavia, NY","Batavia, NY",micropolitan,2026-07-31,2025-07-31,2236,2619.0,-0.146239,0.017772,15925.0,15925.0,140.40816326530611,58302.0,58302.0,66163.285714,66163.285714,5.0,5.0,15.0,15.0,3.1397174254317113,9.419152276295133,0.0,0.0,0.0,1.0,1.0,0.2,10183.0,10183.0,2036.6,2012-11-19,2012-11-19,2016-03-27,2016-03-27,7.0,7.0,2026-07-31,2026-07-31,EDLDB.CDM.CUSTOMER_AGGREGATE_SNAPSHOT,EDLDB.MRCH_SANDBOX.CBSA_ZIPCODE_MAPPING,EDLDB.MRCH_SANDBOX.MEDIAN_HOUSEHOLD_INCOME_ZIPCODE,EDLDB.MRCH_SANDBOX.CLINIC_PROFILE,EDLDB.MRCH_SANDBOX.CBSA_POPULATION,"active_customer_yoy_growth, active_customers_per_1000_households, clinic_orders_per_clinic, clinics_per_10000_households, corporate_clinic_share, practice_hub_clinic_share, veterinarians_per_10000_households",Hypothesis,True,market-attractiveness-synthetic-v1,1.0,SYNTHETIC_COMPLETE,prototype_ready,synthetic_prototype_only
proto:177d9f0ef1,,"Steamboat Springs, CO","Steamboat Springs, CO",micropolitan,2026-07-31,2025-07-31,2234,2431.0,-0.081037,0.099279,10003.0,10003.0,223.33300009997,38101.0,38101.0,57255.25,57255.25,14.0,14.0,22.0,22.0,13.995801259622112,21.993401979406176,0.0,0.0,0.0,3.0,3.0,0.21428571428571427,13486.0,13486.0,963.2857142857143,2012-12-19,2012-12-19,2022-10-18,2022-10-18,8.0,8.0,2026-07-31,2026-07-31,EDLDB.CDM.CUSTOMER_AGGREGATE_SNAPSHOT,EDLDB.MRCH_SANDBOX.CBSA_ZIPCODE_MAPPING,EDLDB.MRCH_SANDBOX.MEDIAN_HOUSEHOLD_INCOME_ZIPCODE,EDLDB.MRCH_SANDBOX.CLINIC_PROFILE,EDLDB.MRCH_SANDBOX.CBSA_POPULATION,"active_customer_yoy_growth, active_customers_per_1000_households, clinic_orders_per_clinic, clinics_per_10000_households, corporate_clinic_share, practice_hub_clinic_share, veterinarians_per_10000_households",Hypothesis,True,market-attractiveness-synthetic-v1,1.0,SYNTHETIC_COMPLETE,prototype_ready,synthetic_prototype_only
proto:771cbe1d17,,"Oxford, MS","Oxford, MS",micropolitan,2026-07-31,2025-07-31,2185,2605.0,-0.161228,-0.001804,28811.0,28811.0,75.83908923674986,68351.0,68351.0,40602.9,40602.9,8.0,8.0,19.0,19.0,2.776717226059491,6.594703411891292,0.0,0.0,0.0,2.0,2.0,0.25,9976.0,9976.0,1247.0,2014-01-31,2014-01-31,2023-07-06,2023-07-06,10.0,10.0,2026-07-31,2026-07-31,EDLDB.CDM.CUSTOMER_AGGREGATE_SNAPSHOT,EDLDB.MRCH_SANDBOX.CBSA_ZIPCODE_MAPPING,EDLDB.MRCH_SANDBOX.MEDIAN_HOUSEHOLD_INCOME_ZIPCODE,EDLDB.MRCH_SANDBOX.CLINIC_PROFILE,EDLDB.MRCH_SANDBOX.CBSA_POPULATION,"active_customer_yoy_growth, active_customers_per_1000_households, clinic_orders_per_clinic, clinics_per_10000_households, corporate_clinic_share, practice_hub_clinic_share, veterinarians_per_10000_households",Hypothesis,True,market-attractiveness-synthetic-v1,1.0,SYNTHETIC_COMPLETE,prototype_ready,synthetic_prototype_only
proto:9ff6d1f918,,"Moses Lake, WA","Moses Lake, WA",micropolitan,2026-07-31,2025-07-31,2183,2531.0,-0.137495,0.03147,23191.0,23191.0,94.13134405588374,99441.0,99441.0,44657.846154,44657.846154,11.0,11.0,9.0,9.0,4.7432193523349575,3.8808158337286014,0.0,0.0,0.0,4.0,4.0,0.36363636363636365,12559.0,12559.0,1141.7272727272727,2012-12-11,2012-12-11,2023-05-10,2023-05-10,13.0,13.0,2026-07-31,2026-07-31,EDLDB.CDM.CUSTOMER_AGGREGATE_SNAPSHOT,EDLDB.MRCH_SANDBOX.CBSA_ZIPCODE_MAPPING,EDLDB.MRCH_SANDBOX.MEDIAN_HOUSEHOLD_INCOME_ZIPCODE,EDLDB.MRCH_SANDBOX.CLINIC_PROFILE,EDLDB.MRCH_SANDBOX.CBSA_POPULATION,"active_customer_yoy_growth, active_customers_per_1000_households, clinic_orders_per_clinic, clinics_per_10000_households, corporate_clinic_share, practice_hub_clinic_share, veterinarians_per_10000_households",Hypothesis,True,market-attractiveness-synthetic-v1,1.0,SYNTHETIC_COMPLETE,prototype_ready,synthetic_prototype_only
proto:a507f5a0c7,,"Houghton, MI","Houghton, MI",micropolitan,2026-07-31,2025-07-31,2175,2447.0,-0.111157,0.063548,15036.0,15036.0,144.65283320031924,39297.0,39297.0,48182.238095,48182.238095,6.0,6.0,8.0,8.0,3.990422984836393,5.320563979781857,0.0,0.0,0.0,2.0,2.0,0.3333333333333333,14639.0,14639.0,2439.8333333333335,2013-04-29,2013-04-29,2021-12-10,2021-12-10,21.0,21.0,2026-07-31,2026-07-31,EDLDB.CDM.CUSTOMER_AGGREGATE_SNAPSHOT,EDLDB.MRCH_SANDBOX.CBSA_ZIPCODE_MAPPING,EDLDB.MRCH_SANDBOX.MEDIAN_HOUSEHOLD_INCOME_ZIPCODE,EDLDB.MRCH_SANDBOX.CLINIC_PROFILE,EDLDB.MRCH_SANDBOX.CBSA_POPULATION,"active_customer_yoy_growth, active_customers_per_1000_households, clinic_orders_per_clinic, clinics_per_10000_households, corporate_clinic_share, practice_hub_clinic_share, veterinarians_per_10000_households",Hypothesis,True,market-attractiveness-synthetic-v1,1.0,SYNTHETIC_COMPLETE,prototype_ready,synthetic_prototype_only
proto:924181cc73,,"Meridian, MS","Meridian, MS",micropolitan,2026-07-31,2025-07-31,2146,2604.0,-0.175883,-0.015061,58413.0,58413.0,36.73839727457929,88220.0,88220.0,37678.608696,37678.608696,12.0,12.0,14.0,14.0,2.0543372194545735,2.396726756030336,0.0,0.0,0.0,0.0,0.0,0.0,6713.0,6713.0,559.4166666666666,2013-04-01,2013-04-01,2019-04-03,2019-04-03,23.0,23.0,2026-07-31,2026-07-31,EDLDB.CDM.CUSTOMER_AGGREGATE_SNAPSHOT,EDLDB.MRCH_SANDBOX.CBSA_ZIPCODE_MAPPING,EDLDB.MRCH_SANDBOX.MEDIAN_HOUSEHOLD_INCOME_ZIPCODE,EDLDB.MRCH_SANDBOX.CLINIC_PROFILE,EDLDB.MRCH_SANDBOX.CBSA_POPULATION,"active_customer_yoy_growth, active_customers_per_1000_households, clinic_orders_per_clinic, clinics_per_10000_households, corporate_clinic_share, practice_hub_clinic_share, veterinarians_per_10000_households",Hypothesis,True,market-attractiveness-synthetic-v1,1.0,SYNTHETIC_COMPLETE,prototype_ready,synthetic_prototype_only
proto:3d723290c4,,"Fort Leonard Wood, MO","Fort Leonard Wood, MO",micropolitan,2026-07-31,2025-07-31,2141,2454.0,-0.127547,0.042229,17341.0,17341.0,123.46462141744998,54010.0,54010.0,56532.111111,56532.111111,8.0,8.0,11.0,11.0,4.613344097802895,6.343348134478981,0.0,0.0,0.0,3.0,3.0,0.375,10049.0,10049.0,1256.125,2014-01-27,2014-01-27,2023-12-05,2023-12-05,9.0,9.0,2026-07-31,2026-07-31,EDLDB.CDM.CUSTOMER_AGGREGATE_SNAPSHOT,EDLDB.MRCH_SANDBOX.CBSA_ZIPCODE_MAPPING,EDLDB.MRCH_SANDBOX.MEDIAN_HOUSEHOLD_INCOME_ZIPCODE,EDLDB.MRCH_SANDBOX.CLINIC_PROFILE,EDLDB.MRCH_SANDBOX.CBSA_POPULATION,"active_customer_yoy_growth, active_customers_per_1000_households, clinic_orders_per_clinic, clinics_per_10000_households, corporate_clinic_share, practice_hub_clinic_share, veterinarians_per_10000_households",Hypothesis,True,market-attractiveness-synthetic-v1,1.0,SYNTHETIC_COMPLETE,prototype_ready,synthetic_prototype_only
proto:8d65fa8655,,"Kearney, NE","Kearney, NE",micropolitan,2026-07-31,2025-07-31,2116,2372.0,-0.107926,0.071423,21783.0,21783.0,97.13997153743745,56881.0,56881.0,53940.333333,53940.333333,12.0,12.0,19.0,19.0,5.508883073956755,8.72239820043153,0.0,0.0,0.0,4.0,4.0,0.3333333333333333,8424.0,8424.0,702.0,2013-10-17,2013-10-17,2023-09-22,2023-09-22,21.0,21.0,2026-07-31,2026-07-31,EDLDB.CDM.CUSTOMER_AGGREGATE_SNAPSHOT,EDLDB.MRCH_SANDBOX.CBSA_ZIPCODE_MAPPING,EDLDB.MRCH_SANDBOX.MEDIAN_HOUSEHOLD_INCOME_ZIPCODE,EDLDB.MRCH_SANDBOX.CLINIC_PROFILE,EDLDB.MRCH_SANDBOX.CBSA_POPULATION,"active_customer_yoy_growth, active_customers_per_1000_households, clinic_orders_per_clinic, clinics_per_10000_households, corporate_clinic_share, practice_hub_clinic_share, veterinarians_per_10000_households",Hypothesis,True,market-attractiveness-synthetic-v1,1.0,SYNTHETIC_COMPLETE,prototype_ready,synthetic_prototype_only
proto:25606a4f8f,,"Taos, NM","Taos, NM",micropolitan,2026-07-31,2025-07-31,2115,2350.0,-0.1,0.079247,13094.0,13094.0,161.52436230334504,34463.0,34463.0,26737.6,26737.6,6.0,6.0,10.0,10.0,4.5822514128608525,7.637085688101421,1.0,1.0,0.16666666666666666,2.0,2.0,0.3333333333333333,7877.0,7877.0,1312.8333333333333,2013-10-25,2013-10-25,2023-04-20,2023-04-20,20.0,20.0,2026-07-31,2026-07-31,EDLDB.CDM.CUSTOMER_AGGREGATE_SNAPSHOT,EDLDB.MRCH_SANDBOX.CBSA_ZIPCODE_MAPPING,EDLDB.MRCH_SANDBOX.MEDIAN_HOUSEHOLD_INCOME_ZIPCODE,EDLDB.MRCH_SANDBOX.CLINIC_PROFILE,EDLDB.MRCH_SANDBOX.CBSA_POPULATION,"active_customer_yoy_growth, active_customers_per_1000_households, clinic_orders_per_clinic, clinics_per_10000_households, corporate_clinic_share, practice_hub_clinic_share, veterinarians_per_10000_households",Hypothesis,True,market-attractiveness-synthetic-v1,1.0,SYNTHETIC_COMPLETE,prototype_ready,synthetic_prototype_only
proto:f5dd5a9a68,,"La Grande, OR","La Grande, OR",micropolitan,2026-07-31,2025-07-31,2113,2436.0,-0.132594,0.036645,16071.0,16071.0,131.4790616638666,26173.0,26173.0,61824.0,61824.0,5.0,5.0,8.0,8.0,3.1111940762864787,4.977910522058366,0.0,0.0,0.0,0.0,0.0,0.0,3638.0,3638.0,727.6,2014-02-23,2014-02-23,2018-12-01,2018-12-01,8.0,8.0,2026-07-31,2026-07-31,EDLDB.CDM.CUSTOMER_AGGREGATE_SNAPSHOT,EDLDB.MRCH_SANDBOX.CBSA_ZIPCODE_MAPPING,EDLDB.MRCH_SANDBOX.MEDIAN_HOUSEHOLD_INCOME_ZIPCODE,EDLDB.MRCH_SANDBOX.CLINIC_PROFILE,EDLDB.MRCH_SANDBOX.CBSA_POPULATION,"active_customer_yoy_growth, active_customers_per_1000_households, clinic_orders_per_clinic, clinics_per_10000_households, corporate_clinic_share, practice_hub_clinic_share, veterinarians_per_10000_households",Hypothesis,True,market-attractiveness-synthetic-v1,1.0,SYNTHETIC_COMPLETE,prototype_ready,synthetic_prototype_only
proto:33fbd21cd6,,"Norfolk, NE","Norfolk, NE",micropolitan,2026-07-31,2025-07-31,2111,2327.0,-0.092823,0.087965,22914.0,22914.0,92.12708387885135,48704.0,48704.0,60202.055556,60202.055556,9.0,9.0,14.0,14.0,3.9277297721916735,6.109801867853713,0.0,0.0,0.0,1.0,1.0,0.1111111111111111,4986.0,4986.0,554.0,2014-09-25,2014-09-25,2022-01-15,2022-01-15,18.0,18.0,2026-07-31,2026-07-31,EDLDB.CDM.CUSTOMER_AGGREGATE_SNAPSHOT,EDLDB.MRCH_SANDBOX.CBSA_ZIPCODE_MAPPING,EDLDB.MRCH_SANDBOX.MEDIAN_HOUSEHOLD_INCOME_ZIPCODE,EDLDB.MRCH_SANDBOX.CLINIC_PROFILE,EDLDB.MRCH_SANDBOX.CBSA_POPULATION,"active_customer_yoy_growth, active_customers_per_1000_households, clinic_orders_per_clinic, clinics_per_10000_households, corporate_clinic_share, practice_hub_clinic_share, veterinarians_per_10000_households",Hypothesis,True,market-attractiveness-synthetic-v1,1.0,SYNTHETIC_COMPLETE,prototype_ready,synthetic_prototype_only
proto:dd9f0c30b8,,"Escanaba, MI","Escanaba, MI",micropolitan,2026-07-31,2025-07-31,2110,2430.0,-0.131687,0.037623,19956.0,19956.0,105.73261174584086,36870.0,36870.0,47881.230769,47881.230769,9.0,9.0,10.0,10.0,4.509921828021648,5.0110242533573865,0.0,0.0,0.0,2.0,2.0,0.2222222222222222,4596.0,4596.0,510.6666666666667,2013-01-19,2013-01-19,2023-08-04,2023-08-04,13.0,13.0,2026-07-31,2026-07-31,EDLDB.CDM.CUSTOMER_AGGREGATE_SNAPSHOT,EDLDB.MRCH_SANDBOX.CBSA_ZIPCODE_MAPPING,EDLDB.MRCH_SANDBOX.MEDIAN_HOUSEHOLD_INCOME_ZIPCODE,EDLDB.MRCH_SANDBOX.CLINIC_PROFILE,EDLDB.MRCH_SANDBOX.CBSA_POPULATION,"active_customer_yoy_growth, active_customers_per_1000_households, clinic_orders_per_clinic, clinics_per_10000_households, corporate_clinic_share, practice_hub_clinic_share, veterinarians_per_10000_households",Hypothesis,True,market-attractiveness-synthetic-v1,1.0,SYNTHETIC_COMPLETE,prototype_ready,synthetic_prototype_only
proto:4fa2f5f224,,"Greenwood, SC","Greenwood, SC",micropolitan,2026-07-31,2025-07-31,2101,2460.0,-0.145935,0.018908,25542.0,25542.0,82.25667527993109,93656.0,93656.0,43978.6,43978.6,7.0,7.0,12.0,12.0,2.740584135932973,4.698144233027954,0.0,0.0,0.0,3.0,3.0,0.42857142857142855,15381.0,15381.0,2197.285714285714,2014-03-21,2014-03-21,2023-08-01,2023-08-01,5.0,5.0,2026-07-31,2026-07-31,EDLDB.CDM.CUSTOMER_AGGREGATE_SNAPSHOT,EDLDB.MRCH_SANDBOX.CBSA_ZIPCODE_MAPPING,EDLDB.MRCH_SANDBOX.MEDIAN_HOUSEHOLD_INCOME_ZIPCODE,EDLDB.MRCH_SANDBOX.CLINIC_PROFILE,EDLDB.MRCH_SANDBOX.CBSA_POPULATION,"active_customer_yoy_growth, active_customers_per_1000_households, clinic_orders_per_clinic, clinics_per_10000_households, corporate_clinic_share, practice_hub_clinic_share, veterinarians_per_10000_households",Hypothesis,True,market-attractiveness-synthetic-v1,1.0,SYNTHETIC_COMPLETE,prototype_ready,synthetic_prototype_only
proto:f50f8331fe,,"Batesville, AR","Batesville, AR",micropolitan,2026-07-31,2025-07-31,2097,2495.0,-0.159519,3.8e-05,29227.0,29227.0,71.74872549355048,37940.0,37940.0,35896.655172,35896.655172,9.0,9.0,9.0,9.0,3.0793444417832827,3.0793444417832827,0.0,0.0,0.0,2.0,2.0,0.2222222222222222,5208.0,5208.0,578.6666666666666,2013-11-30,2013-11-30,2023-05-26,2023-05-26,29.0,29.0,2026-07-31,2026-07-31,EDLDB.CDM.CUSTOMER_AGGREGATE_SNAPSHOT,EDLDB.MRCH_SANDBOX.CBSA_ZIPCODE_MAPPING,EDLDB.MRCH_SANDBOX.MEDIAN_HOUSEHOLD_INCOME_ZIPCODE,EDLDB.MRCH_SANDBOX.CLINIC_PROFILE,EDLDB.MRCH_SANDBOX.CBSA_POPULATION,"active_customer_yoy_growth, active_customers_per_1000_households, clinic_orders_per_clinic, clinics_per_10000_households, corporate_clinic_share, practice_hub_clinic_share, veterinarians_per_10000_households",Hypothesis,True,market-attractiveness-synthetic-v1,1.0,SYNTHETIC_COMPLETE,prototype_ready,synthetic_prototype_only
proto:60ee210966,,"Alexandria, MN","Alexandria, MN",micropolitan,2026-07-31,2025-07-31,2088,2341.0,-0.108073,0.070699,18883.0,18883.0,110.57565005560558,39087.0,39087.0,67859.833333,67859.833333,5.0,5.0,7.0,7.0,2.647884340412011,3.707038076576815,0.0,0.0,0.0,4.0,4.0,0.8,6385.0,6385.0,1277.0,2013-11-12,2013-11-12,2023-10-19,2023-10-19,12.0,12.0,2026-07-31,2026-07-31,EDLDB.CDM.CUSTOMER_AGGREGATE_SNAPSHOT,EDLDB.MRCH_SANDBOX.CBSA_ZIPCODE_MAPPING,EDLDB.MRCH_SANDBOX.MEDIAN_HOUSEHOLD_INCOME_ZIPCODE,EDLDB.MRCH_SANDBOX.CLINIC_PROFILE,EDLDB.MRCH_SANDBOX.CBSA_POPULATION,"active_customer_yoy_growth, active_customers_per_1000_households, clinic_orders_per_clinic, clinics_per_10000_households, corporate_clinic_share, practice_hub_clinic_share, veterinarians_per_10000_households",Hypothesis,True,market-attractiveness-synthetic-v1,1.0,SYNTHETIC_COMPLETE,prototype_ready,synthetic_prototype_only
proto:f6ee506f60,,"Enterprise, AL","Enterprise, AL",micropolitan,2026-07-31,2025-07-31,2087,2489.0,-0.161511,-0.002038,20235.0,20235.0,103.13812700765999,53549.0,53549.0,50094.4,50094.4,5.0,5.0,10.0,10.0,2.4709661477637757,4.941932295527551,0.0,0.0,0.0,1.0,1.0,0.2,8628.0,8628.0,1725.6,2013-01-09,2013-01-09,2022-10-29,2022-10-29,5.0,5.0,2026-07-31,2026-07-31,EDLDB.CDM.CUSTOMER_AGGREGATE_SNAPSHOT,EDLDB.MRCH_SANDBOX.CBSA_ZIPCODE_MAPPING,EDLDB.MRCH_SANDBOX.MEDIAN_HOUSEHOLD_INCOME_ZIPCODE,EDLDB.MRCH_SANDBOX.CLINIC_PROFILE,EDLDB.MRCH_SANDBOX.CBSA_POPULATION,"active_customer_yoy_growth, active_customers_per_1000_households, clinic_orders_per_clinic, clinics_per_10000_households, corporate_clinic_share, practice_hub_clinic_share, veterinarians_per_10000_households",Hypothesis,True,market-attractiveness-synthetic-v1,1.0,SYNTHETIC_COMPLETE,prototype_ready,synthetic_prototype_only
proto:179aee6ea7,,"Burlington, IA-IL","Burlington, IA-IL",micropolitan,2026-07-31,2025-07-31,2071,2408.0,-0.13995,0.027897,21808.0,21808.0,94.96515040352165,45158.0,45158.0,59805.15,59805.15,6.0,6.0,12.0,12.0,2.7512839325018343,5.502567865003669,0.0,0.0,0.0,2.0,2.0,0.3333333333333333,7640.0,7640.0,1273.3333333333333,2013-05-29,2013-05-29,2021-10-06,2021-10-06,20.0,20.0,2026-07-31,2026-07-31,EDLDB.CDM.CUSTOMER_AGGREGATE_SNAPSHOT,EDLDB.MRCH_SANDBOX.CBSA_ZIPCODE_MAPPING,EDLDB.MRCH_SANDBOX.MEDIAN_HOUSEHOLD_INCOME_ZIPCODE,EDLDB.MRCH_SANDBOX.CLINIC_PROFILE,EDLDB.MRCH_SANDBOX.CBSA_POPULATION,"active_customer_yoy_growth, active_customers_per_1000_households, clinic_orders_per_clinic, clinics_per_10000_households, corporate_clinic_share, practice_hub_clinic_share, veterinarians_per_10000_households",Hypothesis,True,market-attractiveness-synthetic-v1,1.0,SYNTHETIC_COMPLETE,prototype_ready,synthetic_prototype_only
proto:a35dc2c922,,"Greeneville, TN","Greeneville, TN",micropolitan,2026-07-31,2025-07-31,2067,2467.0,-0.16214,-0.002509,15406.0,15406.0,134.16850577697002,70344.0,70344.0,46306.4,46306.4,9.0,9.0,15.0,15.0,5.8418797870959365,9.736466311826561,0.0,0.0,0.0,4.0,4.0,0.4444444444444444,17156.0,17156.0,1906.2222222222222,2013-08-27,2013-08-27,2018-08-14,2018-08-14,5.0,5.0,2026-07-31,2026-07-31,EDLDB.CDM.CUSTOMER_AGGREGATE_SNAPSHOT,EDLDB.MRCH_SANDBOX.CBSA_ZIPCODE_MAPPING,EDLDB.MRCH_SANDBOX.MEDIAN_HOUSEHOLD_INCOME_ZIPCODE,EDLDB.MRCH_SANDBOX.CLINIC_PROFILE,EDLDB.MRCH_SANDBOX.CBSA_POPULATION,"active_customer_yoy_growth, active_customers_per_1000_households, clinic_orders_per_clinic, clinics_per_10000_households, corporate_clinic_share, practice_hub_clinic_share, veterinarians_per_10000_households",Hypothesis,True,market-attractiveness-synthetic-v1,1.0,SYNTHETIC_COMPLETE,prototype_ready,synthetic_prototype_only
proto:ac84f4ca74,,"Lufkin, TX","Lufkin, TX",micropolitan,2026-07-31,2025-07-31,2065,2471.0,-0.164306,-0.004434,37608.0,37608.0,54.908530099978734,86388.0,86388.0,48278.142857,48278.142857,8.0,8.0,11.0,11.0,2.127206977238885,2.9249095937034673,0.0,0.0,0.0,4.0,4.0,0.5,10533.0,10533.0,1316.625,2013-05-20,2013-05-20,2015-06-04,2015-06-04,7.0,7.0,2026-07-31,2026-07-31,EDLDB.CDM.CUSTOMER_AGGREGATE_SNAPSHOT,EDLDB.MRCH_SANDBOX.CBSA_ZIPCODE_MAPPING,EDLDB.MRCH_SANDBOX.MEDIAN_HOUSEHOLD_INCOME_ZIPCODE,EDLDB.MRCH_SANDBOX.CLINIC_PROFILE,EDLDB.MRCH_SANDBOX.CBSA_POPULATION,"active_customer_yoy_growth, active_customers_per_1000_households, clinic_orders_per_clinic, clinics_per_10000_households, corporate_clinic_share, practice_hub_clinic_share, veterinarians_per_10000_households",Hypothesis,True,market-attractiveness-synthetic-v1,1.0,SYNTHETIC_COMPLETE,prototype_ready,synthetic_prototype_only
proto:bf950154fa,,"Bellefontaine, OH","Bellefontaine, OH",micropolitan,2026-07-31,2025-07-31,2064,2395.0,-0.138205,0.030714,17014.0,17014.0,121.31186082050075,46116.0,46116.0,55999.0,55999.0,7.0,7.0,11.0,11.0,4.114258845656519,6.465263900317386,0.0,0.0,0.0,0.0,0.0,0.0,4763.0,4763.0,680.4285714285714,2013-09-19,2013-09-19,2023-02-07,2023-02-07,11.0,11.0,2026-07-31,2026-07-31,EDLDB.CDM.CUSTOMER_AGGREGATE_SNAPSHOT,EDLDB.MRCH_SANDBOX.CBSA_ZIPCODE_MAPPING,EDLDB.MRCH_SANDBOX.MEDIAN_HOUSEHOLD_INCOME_ZIPCODE,EDLDB.MRCH_SANDBOX.CLINIC_PROFILE,EDLDB.MRCH_SANDBOX.CBSA_POPULATION,"active_customer_yoy_growth, active_customers_per_1000_households, clinic_orders_per_clinic, clinics_per_10000_households, corporate_clinic_share, practice_hub_clinic_share, veterinarians_per_10000_households",Hypothesis,True,market-attractiveness-synthetic-v1,1.0,SYNTHETIC_COMPLETE,prototype_ready,synthetic_prototype_only
proto:a248395492,,"Sterling, IL","Sterling, IL",micropolitan,2026-07-31,2025-07-31,2063,2526.0,-0.183294,-0.02254,21223.0,21223.0,97.20586156528294,55565.0,55565.0,63945.3,63945.3,5.0,5.0,8.0,8.0,2.3559345992555247,3.7694953588088396,0.0,0.0,0.0,3.0,3.0,0.6,5929.0,5929.0,1185.8,2013-12-18,2013-12-18,2019-07-13,2019-07-13,10.0,10.0,2026-07-31,2026-07-31,EDLDB.CDM.CUSTOMER_AGGREGATE_SNAPSHOT,EDLDB.MRCH_SANDBOX.CBSA_ZIPCODE_MAPPING,EDLDB.MRCH_SANDBOX.MEDIAN_HOUSEHOLD_INCOME_ZIPCODE,EDLDB.MRCH_SANDBOX.CLINIC_PROFILE,EDLDB.MRCH_SANDBOX.CBSA_POPULATION,"active_customer_yoy_growth, active_customers_per_1000_households, clinic_orders_per_clinic, clinics_per_10000_households, corporate_clinic_share, practice_hub_clinic_share, veterinarians_per_10000_households",Hypothesis,True,market-attractiveness-synthetic-v1,1.0,SYNTHETIC_COMPLETE,prototype_ready,synthetic_prototype_only
proto:b76ca0fa28,,"Roanoke Rapids, NC","Roanoke Rapids, NC",micropolitan,2026-07-31,2025-07-31,2062,2516.0,-0.180445,-0.019989,34686.0,34686.0,59.44761575275327,65961.0,65961.0,41514.9,41514.9,6.0,6.0,9.0,9.0,1.729804532087874,2.594706798131811,0.0,0.0,0.0,3.0,3.0,0.5,9266.0,9266.0,1544.3333333333333,2013-12-03,2013-12-03,2023-02-07,2023-02-07,20.0,20.0,2026-07-31,2026-07-31,EDLDB.CDM.CUSTOMER_AGGREGATE_SNAPSHOT,EDLDB.MRCH_SANDBOX.CBSA_ZIPCODE_MAPPING,EDLDB.MRCH_SANDBOX.MEDIAN_HOUSEHOLD_INCOME_ZIPCODE,EDLDB.MRCH_SANDBOX.CLINIC_PROFILE,EDLDB.MRCH_SANDBOX.CBSA_POPULATION,"active_customer_yoy_growth, active_customers_per_1000_households, clinic_orders_per_clinic, clinics_per_10000_households, corporate_clinic_share, practice_hub_clinic_share, veterinarians_per_10000_households",Hypothesis,True,market-attractiveness-synthetic-v1,1.0,SYNTHETIC_COMPLETE,prototype_ready,synthetic_prototype_only
proto:c61622984e,,"Shelby, NC","Shelby, NC",micropolitan,2026-07-31,2025-07-31,2047,2547.0,-0.196309,-0.03326,22792.0,22792.0,89.8122148122148,99817.0,99817.0,30885.0,30885.0,11.0,11.0,18.0,18.0,4.826254826254826,7.897507897507897,0.0,0.0,0.0,4.0,4.0,0.36363636363636365,16175.0,16175.0,1470.4545454545455,2013-10-08,2013-10-08,2021-09-29,2021-09-29,7.0,7.0,2026-07-31,2026-07-31,EDLDB.CDM.CUSTOMER_AGGREGATE_SNAPSHOT,EDLDB.MRCH_SANDBOX.CBSA_ZIPCODE_MAPPING,EDLDB.MRCH_SANDBOX.MEDIAN_HOUSEHOLD_INCOME_ZIPCODE,EDLDB.MRCH_SANDBOX.CLINIC_PROFILE,EDLDB.MRCH_SANDBOX.CBSA_POPULATION,"active_customer_yoy_growth, active_customers_per_1000_households, clinic_orders_per_clinic, clinics_per_10000_households, corporate_clinic_share, practice_hub_clinic_share, veterinarians_per_10000_households",Hypothesis,True,market-attractiveness-synthetic-v1,1.0,SYNTHETIC_COMPLETE,prototype_ready,synthetic_prototype_only
proto:b32895b2f1,,"Albemarle, NC","Albemarle, NC",micropolitan,2026-07-31,2025-07-31,2019,2392.0,-0.155936,0.002706,18534.0,18534.0,108.93493039818712,62642.0,62642.0,48250.666667,48250.666667,9.0,9.0,14.0,14.0,4.855940433797345,7.553685119240316,0.0,0.0,0.0,2.0,2.0,0.2222222222222222,11549.0,11549.0,1283.2222222222222,2013-12-11,2013-12-11,2022-10-12,2022-10-12,6.0,6.0,2026-07-31,2026-07-31,EDLDB.CDM.CUSTOMER_AGGREGATE_SNAPSHOT,EDLDB.MRCH_SANDBOX.CBSA_ZIPCODE_MAPPING,EDLDB.MRCH_SANDBOX.MEDIAN_HOUSEHOLD_INCOME_ZIPCODE,EDLDB.MRCH_SANDBOX.CLINIC_PROFILE,EDLDB.MRCH_SANDBOX.CBSA_POPULATION,"active_customer_yoy_growth, active_customers_per_1000_households, clinic_orders_per_clinic, clinics_per_10000_households, corporate_clinic_share, practice_hub_clinic_share, veterinarians_per_10000_households",Hypothesis,True,market-attractiveness-synthetic-v1,1.0,SYNTHETIC_COMPLETE,prototype_ready,synthetic_prototype_only
proto:e133fd961f,,"Greenville, OH","Greenville, OH",micropolitan,2026-07-31,2025-07-31,1999,2330.0,-0.14206,0.023786,18695.0,18695.0,106.92698582508692,51893.0,51893.0,63535.4,63535.4,10.0,10.0,9.0,9.0,5.349023803155924,4.814121422840332,0.0,0.0,0.0,3.0,3.0,0.3,2231.0,2231.0,223.1,2013-10-13,2013-10-13,2022-06-24,2022-06-24,15.0,15.0,2026-07-31,2026-07-31,EDLDB.CDM.CUSTOMER_AGGREGATE_SNAPSHOT,EDLDB.MRCH_SANDBOX.CBSA_ZIPCODE_MAPPING,EDLDB.MRCH_SANDBOX.MEDIAN_HOUSEHOLD_INCOME_ZIPCODE,EDLDB.MRCH_SANDBOX.CLINIC_PROFILE,EDLDB.MRCH_SANDBOX.CBSA_POPULATION,"active_customer_yoy_growth, active_customers_per_1000_households, clinic_orders_per_clinic, clinics_per_10000_households, corporate_clinic_share, practice_hub_clinic_share, veterinarians_per_10000_households",Hypothesis,True,market-attractiveness-synthetic-v1,1.0,SYNTHETIC_COMPLETE,prototype_ready,synthetic_prototype_only
proto:29b9e5dee2,,"El Centro, CA","El Centro, CA",metropolitan,2026-07-31,2025-07-31,1992,2405.0,-0.171726,-0.047889,43786.0,43786.0,45.493993513908556,179612.0,179612.0,34725.666667,34725.666667,4.0,4.0,2.0,2.0,0.9135340063033847,0.45676700315169233,0.0,0.0,0.0,0.0,0.0,0.0,27.0,27.0,6.75,2017-08-04,2017-08-04,2023-03-07,2023-03-07,15.0,15.0,2026-07-31,2026-07-31,EDLDB.CDM.CUSTOMER_AGGREGATE_SNAPSHOT,EDLDB.MRCH_SANDBOX.CBSA_ZIPCODE_MAPPING,EDLDB.MRCH_SANDBOX.MEDIAN_HOUSEHOLD_INCOME_ZIPCODE,EDLDB.MRCH_SANDBOX.CLINIC_PROFILE,EDLDB.MRCH_SANDBOX.CBSA_POPULATION,"active_customer_yoy_growth, active_customers_per_1000_households, clinic_orders_per_clinic, clinics_per_10000_households, corporate_clinic_share, practice_hub_clinic_share, veterinarians_per_10000_households",Hypothesis,True,market-attractiveness-synthetic-v1,1.0,SYNTHETIC_COMPLETE,prototype_ready,synthetic_prototype_only
proto:4fa9c69e0f,,"Kendallville, IN","Kendallville, IN",micropolitan,2026-07-31,2025-07-31,1989,2318.0,-0.141933,0.023973,18801.0,18801.0,105.7922450933461,47460.0,47460.0,60985.8,60985.8,4.0,4.0,4.0,4.0,2.127546407106005,2.127546407106005,0.0,0.0,0.0,3.0,3.0,0.75,3500.0,3500.0,875.0,2014-09-26,2014-09-26,2018-11-30,2018-11-30,10.0,10.0,2026-07-31,2026-07-31,EDLDB.CDM.CUSTOMER_AGGREGATE_SNAPSHOT,EDLDB.MRCH_SANDBOX.CBSA_ZIPCODE_MAPPING,EDLDB.MRCH_SANDBOX.MEDIAN_HOUSEHOLD_INCOME_ZIPCODE,EDLDB.MRCH_SANDBOX.CLINIC_PROFILE,EDLDB.MRCH_SANDBOX.CBSA_POPULATION,"active_customer_yoy_growth, active_customers_per_1000_households, clinic_orders_per_clinic, clinics_per_10000_households, corporate_clinic_share, practice_hub_clinic_share, veterinarians_per_10000_households",Hypothesis,True,market-attractiveness-synthetic-v1,1.0,SYNTHETIC_COMPLETE,prototype_ready,synthetic_prototype_only
proto:e21fe22673,,"Alpena, MI","Alpena, MI",micropolitan,2026-07-31,2025-07-31,1988,2334.0,-0.148243,0.014712,15809.0,15809.0,125.75115440571827,28886.0,28886.0,44483.25,44483.25,4.0,4.0,14.0,14.0,2.530204313998355,8.855715098994244,0.0,0.0,0.0,0.0,0.0,0.0,9073.0,9073.0,2268.25,2014-01-04,2014-01-04,2021-06-25,2021-06-25,8.0,8.0,2026-07-31,2026-07-31,EDLDB.CDM.CUSTOMER_AGGREGATE_SNAPSHOT,EDLDB.MRCH_SANDBOX.CBSA_ZIPCODE_MAPPING,EDLDB.MRCH_SANDBOX.MEDIAN_HOUSEHOLD_INCOME_ZIPCODE,EDLDB.MRCH_SANDBOX.CLINIC_PROFILE,EDLDB.MRCH_SANDBOX.CBSA_POPULATION,"active_customer_yoy_growth, active_customers_per_1000_households, clinic_orders_per_clinic, clinics_per_10000_households, corporate_clinic_share, practice_hub_clinic_share, veterinarians_per_10000_households",Hypothesis,True,market-attractiveness-synthetic-v1,1.0,SYNTHETIC_COMPLETE,prototype_ready,synthetic_prototype_only
proto:ef2982b73c,,"Angola, IN","Angola, IN",micropolitan,2026-07-31,2025-07-31,1987,2366.0,-0.160186,-0.000418,18916.0,18916.0,105.04334954535844,34441.0,34441.0,60038.285714,60038.285714,3.0,3.0,4.0,4.0,1.585958976527807,2.1146119687037426,0.0,0.0,0.0,1.0,1.0,0.3333333333333333,2693.0,2693.0,897.6666666666666,2014-03-13,2014-03-13,2022-07-15,2022-07-15,7.0,7.0,2026-07-31,2026-07-31,EDLDB.CDM.CUSTOMER_AGGREGATE_SNAPSHOT,EDLDB.MRCH_SANDBOX.CBSA_ZIPCODE_MAPPING,EDLDB.MRCH_SANDBOX.MEDIAN_HOUSEHOLD_INCOME_ZIPCODE,EDLDB.MRCH_SANDBOX.CLINIC_PROFILE,EDLDB.MRCH_SANDBOX.CBSA_POPULATION,"active_customer_yoy_growth, active_customers_per_1000_households, clinic_orders_per_clinic, clinics_per_10000_households, corporate_clinic_share, practice_hub_clinic_share, veterinarians_per_10000_households",Hypothesis,True,market-attractiveness-synthetic-v1,1.0,SYNTHETIC_COMPLETE,prototype_ready,synthetic_prototype_only
proto:82e768bdd3,,"Cullman, AL","Cullman, AL",micropolitan,2026-07-31,2025-07-31,1985,2393.0,-0.170497,-0.011236,24411.0,24411.0,81.31580025398385,88136.0,88136.0,50742.888889,50742.888889,8.0,8.0,10.0,10.0,3.277211093359551,4.096513866699438,0.0,0.0,0.0,4.0,4.0,0.5,7472.0,7472.0,934.0,2013-10-07,2013-10-07,2017-12-06,2017-12-06,9.0,9.0,2026-07-31,2026-07-31,EDLDB.CDM.CUSTOMER_AGGREGATE_SNAPSHOT,EDLDB.MRCH_SANDBOX.CBSA_ZIPCODE_MAPPING,EDLDB.MRCH_SANDBOX.MEDIAN_HOUSEHOLD_INCOME_ZIPCODE,EDLDB.MRCH_SANDBOX.CLINIC_PROFILE,EDLDB.MRCH_SANDBOX.CBSA_POPULATION,"active_customer_yoy_growth, active_customers_per_1000_households, clinic_orders_per_clinic, clinics_per_10000_households, corporate_clinic_share, practice_hub_clinic_share, veterinarians_per_10000_households",Hypothesis,True,market-attractiveness-synthetic-v1,1.0,SYNTHETIC_COMPLETE,prototype_ready,synthetic_prototype_only
proto:7ed038c347,,"Baraboo, WI","Baraboo, WI",micropolitan,2026-07-31,2025-07-31,1974,2227.0,-0.113606,0.060955,12607.0,12607.0,156.57967795669072,,31511.0,61036.727273,61036.727273,18.0,18.0,32.0,32.0,14.277782184500674,25.382723883556757,0.0,0.0,0.0,7.0,7.0,0.3888888888888889,19843.0,19843.0,1102.388888888889,2012-11-27,2012-11-27,2022-06-24,2022-06-24,11.0,11.0,2026-07-31,2026-07-31,EDLDB.CDM.CUSTOMER_AGGREGATE_SNAPSHOT,EDLDB.MRCH_SANDBOX.CBSA_ZIPCODE_MAPPING,EDLDB.MRCH_SANDBOX.MEDIAN_HOUSEHOLD_INCOME_ZIPCODE,EDLDB.MRCH_SANDBOX.CLINIC_PROFILE,EDLDB.MRCH_SANDBOX.CBSA_POPULATION,"active_customer_yoy_growth, active_customers_per_1000_households, clinic_orders_per_clinic, clinics_per_10000_households, corporate_clinic_share, practice_hub_clinic_share, total_population, veterinarians_per_10000_households",Hypothesis,True,market-attractiveness-synthetic-v1,1.0,SYNTHETIC_COMPLETE,prototype_ready,synthetic_prototype_only
proto:2084cf700e,,"Brevard, NC","Brevard, NC",micropolitan,2026-07-31,2025-07-31,1969,2247.0,-0.123721,0.046427,10424.0,10424.0,188.8910207214121,33048.0,33048.0,48099.8,48099.8,7.0,7.0,12.0,12.0,6.71527244819647,11.511895625479662,0.0,0.0,0.0,2.0,2.0,0.2857142857142857,15305.0,15305.0,2186.4285714285716,2012-11-05,2012-11-05,2023-05-22,2023-05-22,5.0,5.0,2026-07-31,2026-07-31,EDLDB.CDM.CUSTOMER_AGGREGATE_SNAPSHOT,EDLDB.MRCH_SANDBOX.CBSA_ZIPCODE_MAPPING,EDLDB.MRCH_SANDBOX.MEDIAN_HOUSEHOLD_INCOME_ZIPCODE,EDLDB.MRCH_SANDBOX.CLINIC_PROFILE,EDLDB.MRCH_SANDBOX.CBSA_POPULATION,"active_customer_yoy_growth, active_customers_per_1000_households, clinic_orders_per_clinic, clinics_per_10000_households, corporate_clinic_share, practice_hub_clinic_share, veterinarians_per_10000_households",Hypothesis,True,market-attractiveness-synthetic-v1,1.0,SYNTHETIC_COMPLETE,prototype_ready,synthetic_prototype_only
proto:4363b9a3dd,,"Palatka, FL","Palatka, FL",micropolitan,2026-07-31,2025-07-31,1963,2344.0,-0.162543,-0.003463,20887.0,20887.0,93.98190261885384,73372.0,73372.0,45693.5,45693.5,14.0,14.0,31.0,31.0,6.7027337578398045,14.84176760664528,0.0,0.0,0.0,4.0,4.0,0.2857142857142857,19826.0,19826.0,1416.142857142857,2012-11-19,2012-11-19,2023-01-01,2023-01-01,8.0,8.0,2026-07-31,2026-07-31,EDLDB.CDM.CUSTOMER_AGGREGATE_SNAPSHOT,EDLDB.MRCH_SANDBOX.CBSA_ZIPCODE_MAPPING,EDLDB.MRCH_SANDBOX.MEDIAN_HOUSEHOLD_INCOME_ZIPCODE,EDLDB.MRCH_SANDBOX.CLINIC_PROFILE,EDLDB.MRCH_SANDBOX.CBSA_POPULATION,"active_customer_yoy_growth, active_customers_per_1000_households, clinic_orders_per_clinic, clinics_per_10000_households, corporate_clinic_share, practice_hub_clinic_share, veterinarians_per_10000_households",Hypothesis,True,market-attractiveness-synthetic-v1,1.0,SYNTHETIC_COMPLETE,prototype_ready,synthetic_prototype_only
proto:7b61f81cf8,,"Butte-Silver Bow, MT","Butte-Silver Bow, MT",micropolitan,2026-07-31,2025-07-31,1958,2277.0,-0.140097,0.027616,19255.0,19255.0,101.68787327966763,35210.0,35210.0,46986.25,46986.25,5.0,5.0,14.0,14.0,2.596728122565567,7.270838743183588,0.0,0.0,0.0,0.0,0.0,0.0,5477.0,5477.0,1095.4,2014-01-10,2014-01-10,2020-11-17,2020-11-17,8.0,8.0,2026-07-31,2026-07-31,EDLDB.CDM.CUSTOMER_AGGREGATE_SNAPSHOT,EDLDB.MRCH_SANDBOX.CBSA_ZIPCODE_MAPPING,EDLDB.MRCH_SANDBOX.MEDIAN_HOUSEHOLD_INCOME_ZIPCODE,EDLDB.MRCH_SANDBOX.CLINIC_PROFILE,EDLDB.MRCH_SANDBOX.CBSA_POPULATION,"active_customer_yoy_growth, active_customers_per_1000_households, clinic_orders_per_clinic, clinics_per_10000_households, corporate_clinic_share, practice_hub_clinic_share, veterinarians_per_10000_households",Hypothesis,True,market-attractiveness-synthetic-v1,1.0,SYNTHETIC_COMPLETE,prototype_ready,synthetic_prototype_only
proto:86bb912d2b,,"Huntingdon, PA","Huntingdon, PA",micropolitan,2026-07-31,2025-07-31,1957,2244.0,-0.127897,0.042024,11384.0,11384.0,171.90794096978215,44049.0,44049.0,56435.928571,56435.928571,4.0,4.0,10.0,10.0,3.5137034434293746,8.784258608573436,0.0,0.0,0.0,1.0,1.0,0.25,6563.0,6563.0,1640.75,2014-05-27,2014-05-27,2019-06-28,2019-06-28,28.0,28.0,2026-07-31,2026-07-31,EDLDB.CDM.CUSTOMER_AGGREGATE_SNAPSHOT,EDLDB.MRCH_SANDBOX.CBSA_ZIPCODE_MAPPING,EDLDB.MRCH_SANDBOX.MEDIAN_HOUSEHOLD_INCOME_ZIPCODE,EDLDB.MRCH_SANDBOX.CLINIC_PROFILE,EDLDB.MRCH_SANDBOX.CBSA_POPULATION,"active_customer_yoy_growth, active_customers_per_1000_households, clinic_orders_per_clinic, clinics_per_10000_households, corporate_clinic_share, practice_hub_clinic_share, veterinarians_per_10000_households",Hypothesis,True,market-attractiveness-synthetic-v1,1.0,SYNTHETIC_COMPLETE,prototype_ready,synthetic_prototype_only
proto:1df297a83f,,"Norwalk, OH","Norwalk, OH",micropolitan,2026-07-31,2025-07-31,1955,2251.0,-0.131497,0.038213,16455.0,16455.0,118.80887268307505,58495.0,58495.0,49553.833333,49553.833333,11.0,11.0,18.0,18.0,6.684898207231845,10.938924339106654,0.0,0.0,0.0,1.0,1.0,0.09090909090909091,10769.0,10769.0,979.0,2013-04-24,2013-04-24,2023-05-12,2023-05-12,6.0,6.0,2026-07-31,2026-07-31,EDLDB.CDM.CUSTOMER_AGGREGATE_SNAPSHOT,EDLDB.MRCH_SANDBOX.CBSA_ZIPCODE_MAPPING,EDLDB.MRCH_SANDBOX.MEDIAN_HOUSEHOLD_INCOME_ZIPCODE,EDLDB.MRCH_SANDBOX.CLINIC_PROFILE,EDLDB.MRCH_SANDBOX.CBSA_POPULATION,"active_customer_yoy_growth, active_customers_per_1000_households, clinic_orders_per_clinic, clinics_per_10000_households, corporate_clinic_share, practice_hub_clinic_share, veterinarians_per_10000_households",Hypothesis,True,market-attractiveness-synthetic-v1,1.0,SYNTHETIC_COMPLETE,prototype_ready,synthetic_prototype_only
proto:285de65028,,"Glasgow, KY","Glasgow, KY",micropolitan,2026-07-31,2025-07-31,1954,2289.0,-0.146352,0.017392,25937.0,25937.0,75.33639202683426,54793.0,54793.0,30166.0,30166.0,8.0,8.0,9.0,9.0,3.0843968076493042,3.469946408605467,0.0,0.0,0.0,2.0,2.0,0.25,3634.0,3634.0,454.25,2014-01-20,2014-01-20,2021-04-20,2021-04-20,15.0,15.0,2026-07-31,2026-07-31,EDLDB.CDM.CUSTOMER_AGGREGATE_SNAPSHOT,EDLDB.MRCH_SANDBOX.CBSA_ZIPCODE_MAPPING,EDLDB.MRCH_SANDBOX.MEDIAN_HOUSEHOLD_INCOME_ZIPCODE,EDLDB.MRCH_SANDBOX.CLINIC_PROFILE,EDLDB.MRCH_SANDBOX.CBSA_POPULATION,"active_customer_yoy_growth, active_customers_per_1000_households, clinic_orders_per_clinic, clinics_per_10000_households, corporate_clinic_share, practice_hub_clinic_share, veterinarians_per_10000_households",Hypothesis,True,market-attractiveness-synthetic-v1,1.0,SYNTHETIC_COMPLETE,prototype_ready,synthetic_prototype_only
proto:de13590023,,"Coshocton, OH","Coshocton, OH",micropolitan,2026-07-31,2025-07-31,1951,2265.0,-0.138631,0.029772,20326.0,20326.0,95.98543737085507,36584.0,36584.0,46803.090909,46803.090909,5.0,5.0,5.0,5.0,2.459903571779986,2.459903571779986,0.0,0.0,0.0,2.0,2.0,0.4,3638.0,3638.0,727.6,2013-09-08,2013-09-08,2023-08-14,2023-08-14,11.0,11.0,2026-07-31,2026-07-31,EDLDB.CDM.CUSTOMER_AGGREGATE_SNAPSHOT,EDLDB.MRCH_SANDBOX.CBSA_ZIPCODE_MAPPING,EDLDB.MRCH_SANDBOX.MEDIAN_HOUSEHOLD_INCOME_ZIPCODE,EDLDB.MRCH_SANDBOX.CLINIC_PROFILE,EDLDB.MRCH_SANDBOX.CBSA_POPULATION,"active_customer_yoy_growth, active_customers_per_1000_households, clinic_orders_per_clinic, clinics_per_10000_households, corporate_clinic_share, practice_hub_clinic_share, veterinarians_per_10000_households",Hypothesis,True,market-attractiveness-synthetic-v1,1.0,SYNTHETIC_COMPLETE,prototype_ready,synthetic_prototype_only
proto:c59cc8fcf9,,"Farmington, MO","Farmington, MO",micropolitan,2026-07-31,2025-07-31,1947,2343.0,-0.169014,-0.008771,29034.0,29034.0,67.05930977474685,66443.0,66443.0,45061.769231,45061.769231,6.0,6.0,15.0,15.0,2.0665426741062203,5.1663566852655505,0.0,0.0,0.0,2.0,2.0,0.3333333333333333,8728.0,8728.0,1454.6666666666667,2013-11-13,2013-11-13,2023-12-06,2023-12-06,13.0,13.0,2026-07-31,2026-07-31,EDLDB.CDM.CUSTOMER_AGGREGATE_SNAPSHOT,EDLDB.MRCH_SANDBOX.CBSA_ZIPCODE_MAPPING,EDLDB.MRCH_SANDBOX.MEDIAN_HOUSEHOLD_INCOME_ZIPCODE,EDLDB.MRCH_SANDBOX.CLINIC_PROFILE,EDLDB.MRCH_SANDBOX.CBSA_POPULATION,"active_customer_yoy_growth, active_customers_per_1000_households, clinic_orders_per_clinic, clinics_per_10000_households, corporate_clinic_share, practice_hub_clinic_share, veterinarians_per_10000_households",Hypothesis,True,market-attractiveness-synthetic-v1,1.0,SYNTHETIC_COMPLETE,prototype_ready,synthetic_prototype_only
proto:65d598b1c4,,"Fort Payne, AL","Fort Payne, AL",micropolitan,2026-07-31,2025-07-31,1941,2241.0,-0.133869,0.035095,27225.0,27225.0,71.29476584022039,71659.0,71659.0,43072.4375,43072.4375,8.0,8.0,11.0,11.0,2.9384756657483933,4.040404040404041,0.0,0.0,0.0,2.0,2.0,0.25,5365.0,5365.0,670.625,2013-10-23,2013-10-23,2022-03-15,2022-03-15,16.0,16.0,2026-07-31,2026-07-31,EDLDB.CDM.CUSTOMER_AGGREGATE_SNAPSHOT,EDLDB.MRCH_SANDBOX.CBSA_ZIPCODE_MAPPING,EDLDB.MRCH_SANDBOX.MEDIAN_HOUSEHOLD_INCOME_ZIPCODE,EDLDB.MRCH_SANDBOX.CLINIC_PROFILE,EDLDB.MRCH_SANDBOX.CBSA_POPULATION,"active_customer_yoy_growth, active_customers_per_1000_households, clinic_orders_per_clinic, clinics_per_10000_households, corporate_clinic_share, practice_hub_clinic_share, veterinarians_per_10000_households",Hypothesis,True,market-attractiveness-synthetic-v1,1.0,SYNTHETIC_COMPLETE,prototype_ready,synthetic_prototype_only
proto:a12fecc793,,"Cornelia, GA","Cornelia, GA",micropolitan,2026-07-31,2025-07-31,1931,2288.0,-0.156031,0.002268,12926.0,12926.0,149.38882871731394,46142.0,46142.0,53620.4,53620.4,6.0,6.0,18.0,18.0,4.641807210273867,13.925421630821601,0.0,0.0,0.0,3.0,3.0,0.5,19429.0,19429.0,3238.1666666666665,2012-11-06,2012-11-06,2014-10-08,2014-10-08,5.0,5.0,2026-07-31,2026-07-31,EDLDB.CDM.CUSTOMER_AGGREGATE_SNAPSHOT,EDLDB.MRCH_SANDBOX.CBSA_ZIPCODE_MAPPING,EDLDB.MRCH_SANDBOX.MEDIAN_HOUSEHOLD_INCOME_ZIPCODE,EDLDB.MRCH_SANDBOX.CLINIC_PROFILE,EDLDB.MRCH_SANDBOX.CBSA_POPULATION,"active_customer_yoy_growth, active_customers_per_1000_households, clinic_orders_per_clinic, clinics_per_10000_households, corporate_clinic_share, practice_hub_clinic_share, veterinarians_per_10000_households",Hypothesis,True,market-attractiveness-synthetic-v1,1.0,SYNTHETIC_COMPLETE,prototype_ready,synthetic_prototype_only
proto:b0f5025931,,"Stephenville, TX","Stephenville, TX",micropolitan,2026-07-31,2025-07-31,1929,2132.0,-0.095216,0.086101,19196.0,19196.0,100.48968535111482,42719.0,42719.0,46934.083333,46934.083333,13.0,13.0,15.0,15.0,6.772244217545322,7.814127943321526,0.0,0.0,0.0,5.0,5.0,0.38461538461538464,8247.0,8247.0,634.3846153846154,2013-10-30,2013-10-30,2023-05-14,2023-05-14,12.0,12.0,2026-07-31,2026-07-31,EDLDB.CDM.CUSTOMER_AGGREGATE_SNAPSHOT,EDLDB.MRCH_SANDBOX.CBSA_ZIPCODE_MAPPING,EDLDB.MRCH_SANDBOX.MEDIAN_HOUSEHOLD_INCOME_ZIPCODE,EDLDB.MRCH_SANDBOX.CLINIC_PROFILE,EDLDB.MRCH_SANDBOX.CBSA_POPULATION,"active_customer_yoy_growth, active_customers_per_1000_households, clinic_orders_per_clinic, clinics_per_10000_households, corporate_clinic_share, practice_hub_clinic_share, veterinarians_per_10000_households",Hypothesis,True,market-attractiveness-synthetic-v1,1.0,SYNTHETIC_COMPLETE,prototype_ready,synthetic_prototype_only
proto:14f841abcb,,"Iron Mountain, MI-WI","Iron Mountain, MI-WI",micropolitan,2026-07-31,2025-07-31,1915,2205.0,-0.131519,0.038016,15255.0,15255.0,125.53261225827598,30469.0,30469.0,52631.533333,52631.533333,2.0,2.0,8.0,8.0,1.3110455588331693,5.244182235332677,0.0,0.0,0.0,1.0,1.0,0.5,4849.0,4849.0,2424.5,2014-09-28,2014-09-28,2015-08-19,2015-08-19,15.0,15.0,2026-07-31,2026-07-31,EDLDB.CDM.CUSTOMER_AGGREGATE_SNAPSHOT,EDLDB.MRCH_SANDBOX.CBSA_ZIPCODE_MAPPING,EDLDB.MRCH_SANDBOX.MEDIAN_HOUSEHOLD_INCOME_ZIPCODE,EDLDB.MRCH_SANDBOX.CLINIC_PROFILE,EDLDB.MRCH_SANDBOX.CBSA_POPULATION,"active_customer_yoy_growth, active_customers_per_1000_households, clinic_orders_per_clinic, clinics_per_10000_households, corporate_clinic_share, practice_hub_clinic_share, veterinarians_per_10000_households",Hypothesis,True,market-attractiveness-synthetic-v1,1.0,SYNTHETIC_COMPLETE,prototype_ready,synthetic_prototype_only
proto:f5f0321cb9,,"Warrensburg, MO","Warrensburg, MO",micropolitan,2026-07-31,2025-07-31,1910,2228.0,-0.142729,0.023039,15940.0,15940.0,119.82434127979926,54031.0,54031.0,57250.714286,57250.714286,6.0,6.0,9.0,9.0,3.764115432873275,5.646173149309912,0.0,0.0,0.0,1.0,1.0,0.16666666666666666,7182.0,7182.0,1197.0,2014-05-30,2014-05-30,2021-10-12,2021-10-12,7.0,7.0,2026-07-31,2026-07-31,EDLDB.CDM.CUSTOMER_AGGREGATE_SNAPSHOT,EDLDB.MRCH_SANDBOX.CBSA_ZIPCODE_MAPPING,EDLDB.MRCH_SANDBOX.MEDIAN_HOUSEHOLD_INCOME_ZIPCODE,EDLDB.MRCH_SANDBOX.CLINIC_PROFILE,EDLDB.MRCH_SANDBOX.CBSA_POPULATION,"active_customer_yoy_growth, active_customers_per_1000_households, clinic_orders_per_clinic, clinics_per_10000_households, corporate_clinic_share, practice_hub_clinic_share, veterinarians_per_10000_households",Hypothesis,True,market-attractiveness-synthetic-v1,1.0,SYNTHETIC_COMPLETE,prototype_ready,synthetic_prototype_only
proto:59b4211d83,,"Bardstown, KY","Bardstown, KY",micropolitan,2026-07-31,2025-07-31,1909,2212.0,-0.13698,0.031848,17375.0,17375.0,109.87050359712231,,43429.0,55039.571429,55039.571429,5.0,5.0,6.0,6.0,2.8776978417266186,3.4532374100719427,0.0,0.0,0.0,1.0,1.0,0.2,3630.0,3630.0,726.0,2013-11-19,2013-11-19,2023-05-20,2023-05-20,7.0,7.0,2026-07-31,2026-07-31,EDLDB.CDM.CUSTOMER_AGGREGATE_SNAPSHOT,EDLDB.MRCH_SANDBOX.CBSA_ZIPCODE_MAPPING,EDLDB.MRCH_SANDBOX.MEDIAN_HOUSEHOLD_INCOME_ZIPCODE,EDLDB.MRCH_SANDBOX.CLINIC_PROFILE,EDLDB.MRCH_SANDBOX.CBSA_POPULATION,"active_customer_yoy_growth, active_customers_per_1000_households, clinic_orders_per_clinic, clinics_per_10000_households, corporate_clinic_share, practice_hub_clinic_share, total_population, veterinarians_per_10000_households",Hypothesis,True,market-attractiveness-synthetic-v1,1.0,SYNTHETIC_COMPLETE,prototype_ready,synthetic_prototype_only
proto:314f85c1fe,,"Fort Dodge, IA","Fort Dodge, IA",micropolitan,2026-07-31,2025-07-31,1908,2226.0,-0.142857,0.022758,24572.0,24572.0,77.64935699169787,36996.0,36996.0,55102.2,55102.2,10.0,10.0,11.0,11.0,4.069672798307017,4.476640078137718,0.0,0.0,0.0,2.0,2.0,0.2,4044.0,4044.0,404.4,2013-11-26,2013-11-26,2023-07-03,2023-07-03,20.0,20.0,2026-07-31,2026-07-31,EDLDB.CDM.CUSTOMER_AGGREGATE_SNAPSHOT,EDLDB.MRCH_SANDBOX.CBSA_ZIPCODE_MAPPING,EDLDB.MRCH_SANDBOX.MEDIAN_HOUSEHOLD_INCOME_ZIPCODE,EDLDB.MRCH_SANDBOX.CLINIC_PROFILE,EDLDB.MRCH_SANDBOX.CBSA_POPULATION,"active_customer_yoy_growth, active_customers_per_1000_households, clinic_orders_per_clinic, clinics_per_10000_households, corporate_clinic_share, practice_hub_clinic_share, veterinarians_per_10000_households",Hypothesis,True,market-attractiveness-synthetic-v1,1.0,SYNTHETIC_COMPLETE,prototype_ready,synthetic_prototype_only
proto:265a55ccb5,,"Pine Bluff, AR","Pine Bluff, AR",metropolitan,2026-07-31,2025-07-31,1902,2356.0,-0.192699,-0.068054,49887.0,49887.0,38.126165133201035,74382.0,74382.0,38649.681818,38649.681818,10.0,10.0,8.0,8.0,2.004530238338645,1.6036241906709163,0.0,0.0,0.0,1.0,1.0,0.1,4078.0,4078.0,407.8,2014-09-11,2014-09-11,2023-01-23,2023-01-23,22.0,22.0,2026-07-31,2026-07-31,EDLDB.CDM.CUSTOMER_AGGREGATE_SNAPSHOT,EDLDB.MRCH_SANDBOX.CBSA_ZIPCODE_MAPPING,EDLDB.MRCH_SANDBOX.MEDIAN_HOUSEHOLD_INCOME_ZIPCODE,EDLDB.MRCH_SANDBOX.CLINIC_PROFILE,EDLDB.MRCH_SANDBOX.CBSA_POPULATION,"active_customer_yoy_growth, active_customers_per_1000_households, clinic_orders_per_clinic, clinics_per_10000_households, corporate_clinic_share, practice_hub_clinic_share, veterinarians_per_10000_households",Hypothesis,True,market-attractiveness-synthetic-v1,1.0,SYNTHETIC_COMPLETE,prototype_ready,synthetic_prototype_only
proto:bfa8f84a78,,"Enid, OK","Enid, OK",metropolitan,2026-07-31,2025-07-31,1892,2226.0,-0.150045,-0.00829,25856.0,25856.0,73.17450495049505,62691.0,62691.0,60501.047619,60501.047619,12.0,12.0,19.0,19.0,4.641089108910891,7.348391089108911,0.0,0.0,0.0,4.0,4.0,0.3333333333333333,10349.0,10349.0,862.4166666666666,2014-02-23,2014-02-23,2021-07-14,2021-07-14,21.0,21.0,2026-07-31,2026-07-31,EDLDB.CDM.CUSTOMER_AGGREGATE_SNAPSHOT,EDLDB.MRCH_SANDBOX.CBSA_ZIPCODE_MAPPING,EDLDB.MRCH_SANDBOX.MEDIAN_HOUSEHOLD_INCOME_ZIPCODE,EDLDB.MRCH_SANDBOX.CLINIC_PROFILE,EDLDB.MRCH_SANDBOX.CBSA_POPULATION,"active_customer_yoy_growth, active_customers_per_1000_households, clinic_orders_per_clinic, clinics_per_10000_households, corporate_clinic_share, practice_hub_clinic_share, veterinarians_per_10000_households",Hypothesis,True,market-attractiveness-synthetic-v1,1.0,SYNTHETIC_COMPLETE,prototype_ready,synthetic_prototype_only
proto:74601642b1,,"Brookings, OR","Brookings, OR",micropolitan,2026-07-31,2025-07-31,1892,2188.0,-0.135283,0.033751,10790.0,10790.0,175.3475440222428,23519.0,23519.0,45108.666667,45108.666667,7.0,7.0,18.0,18.0,6.487488415199259,16.682113067655234,0.0,0.0,0.0,1.0,1.0,0.14285714285714285,12452.0,12452.0,1778.857142857143,2013-11-24,2013-11-24,2021-05-07,2021-05-07,6.0,6.0,2026-07-31,2026-07-31,EDLDB.CDM.CUSTOMER_AGGREGATE_SNAPSHOT,EDLDB.MRCH_SANDBOX.CBSA_ZIPCODE_MAPPING,EDLDB.MRCH_SANDBOX.MEDIAN_HOUSEHOLD_INCOME_ZIPCODE,EDLDB.MRCH_SANDBOX.CLINIC_PROFILE,EDLDB.MRCH_SANDBOX.CBSA_POPULATION,"active_customer_yoy_growth, active_customers_per_1000_households, clinic_orders_per_clinic, clinics_per_10000_households, corporate_clinic_share, practice_hub_clinic_share, veterinarians_per_10000_households",Hypothesis,True,market-attractiveness-synthetic-v1,1.0,SYNTHETIC_COMPLETE,prototype_ready,synthetic_prototype_only
proto:9751165eb5,,"Winona, MN","Winona, MN",micropolitan,2026-07-31,2025-07-31,1891,2064.0,-0.083818,0.096344,16359.0,16359.0,115.59386270554435,49647.0,49647.0,67137.4,67137.4,6.0,6.0,23.0,23.0,3.667705849990831,14.059539091631517,0.0,0.0,0.0,3.0,3.0,0.5,24171.0,24171.0,4028.5,2012-10-26,2012-10-26,2014-11-10,2014-11-10,5.0,5.0,2026-07-31,2026-07-31,EDLDB.CDM.CUSTOMER_AGGREGATE_SNAPSHOT,EDLDB.MRCH_SANDBOX.CBSA_ZIPCODE_MAPPING,EDLDB.MRCH_SANDBOX.MEDIAN_HOUSEHOLD_INCOME_ZIPCODE,EDLDB.MRCH_SANDBOX.CLINIC_PROFILE,EDLDB.MRCH_SANDBOX.CBSA_POPULATION,"active_customer_yoy_growth, active_customers_per_1000_households, clinic_orders_per_clinic, clinics_per_10000_households, corporate_clinic_share, practice_hub_clinic_share, veterinarians_per_10000_households",Hypothesis,True,market-attractiveness-synthetic-v1,1.0,SYNTHETIC_COMPLETE,prototype_ready,synthetic_prototype_only
proto:cf593310c6,,"Faribault-Northfield, MN","Faribault-Northfield, MN",micropolitan,2026-07-31,2025-07-31,1886,2128.0,-0.113722,0.060677,15446.0,15446.0,122.10280978894212,67102.0,67102.0,84148.666667,84148.666667,8.0,8.0,25.0,25.0,5.179334455522465,16.185420173507705,0.0,0.0,0.0,2.0,2.0,0.25,11480.0,11480.0,1435.0,2013-12-25,2013-12-25,2019-04-30,2019-04-30,6.0,6.0,2026-07-31,2026-07-31,EDLDB.CDM.CUSTOMER_AGGREGATE_SNAPSHOT,EDLDB.MRCH_SANDBOX.CBSA_ZIPCODE_MAPPING,EDLDB.MRCH_SANDBOX.MEDIAN_HOUSEHOLD_INCOME_ZIPCODE,EDLDB.MRCH_SANDBOX.CLINIC_PROFILE,EDLDB.MRCH_SANDBOX.CBSA_POPULATION,"active_customer_yoy_growth, active_customers_per_1000_households, clinic_orders_per_clinic, clinics_per_10000_households, corporate_clinic_share, practice_hub_clinic_share, veterinarians_per_10000_households",Hypothesis,True,market-attractiveness-synthetic-v1,1.0,SYNTHETIC_COMPLETE,prototype_ready,synthetic_prototype_only
proto:43474a4989,,"Dublin, GA","Dublin, GA",micropolitan,2026-07-31,2025-07-31,1882,2293.0,-0.179241,-0.01895,31350.0,31350.0,60.03189792663477,58718.0,58718.0,40799.363636,40799.363636,4.0,4.0,7.0,7.0,1.2759170653907497,2.2328548644338118,0.0,0.0,0.0,2.0,2.0,0.5,5216.0,5216.0,1304.0,2013-10-07,2013-10-07,2015-03-11,2015-03-11,22.0,22.0,2026-07-31,2026-07-31,EDLDB.CDM.CUSTOMER_AGGREGATE_SNAPSHOT,EDLDB.MRCH_SANDBOX.CBSA_ZIPCODE_MAPPING,EDLDB.MRCH_SANDBOX.MEDIAN_HOUSEHOLD_INCOME_ZIPCODE,EDLDB.MRCH_SANDBOX.CLINIC_PROFILE,EDLDB.MRCH_SANDBOX.CBSA_POPULATION,"active_customer_yoy_growth, active_customers_per_1000_households, clinic_orders_per_clinic, clinics_per_10000_households, corporate_clinic_share, practice_hub_clinic_share, veterinarians_per_10000_households",Hypothesis,True,market-attractiveness-synthetic-v1,1.0,SYNTHETIC_COMPLETE,prototype_ready,synthetic_prototype_only
proto:631f729209,,"Los Alamos, NM","Los Alamos, NM",micropolitan,2026-07-31,2025-07-31,1868,2043.0,-0.085658,0.094582,7895.0,7895.0,236.60544648511717,19418.0,19418.0,119266.0,119266.0,8.0,8.0,12.0,12.0,10.13299556681444,15.199493350221658,0.0,0.0,0.0,2.0,2.0,0.25,5575.0,5575.0,696.875,2013-01-27,2013-01-27,2022-04-11,2022-04-11,1.0,1.0,2026-07-31,2026-07-31,EDLDB.CDM.CUSTOMER_AGGREGATE_SNAPSHOT,EDLDB.MRCH_SANDBOX.CBSA_ZIPCODE_MAPPING,EDLDB.MRCH_SANDBOX.MEDIAN_HOUSEHOLD_INCOME_ZIPCODE,EDLDB.MRCH_SANDBOX.CLINIC_PROFILE,EDLDB.MRCH_SANDBOX.CBSA_POPULATION,"active_customer_yoy_growth, active_customers_per_1000_households, clinic_orders_per_clinic, clinics_per_10000_households, corporate_clinic_share, practice_hub_clinic_share, veterinarians_per_10000_households",Hypothesis,True,market-attractiveness-synthetic-v1,1.0,SYNTHETIC_COMPLETE,prototype_ready,synthetic_prototype_only
proto:36d8d25fd3,,"Mountain Home, AR","Mountain Home, AR",micropolitan,2026-07-31,2025-07-31,1856,2252.0,-0.175844,-0.014754,20112.0,20112.0,92.28321400159109,41686.0,41686.0,45618.153846,45618.153846,9.0,9.0,17.0,17.0,4.4749403341288785,8.45266507557677,0.0,0.0,0.0,0.0,0.0,0.0,7180.0,7180.0,797.7777777777778,2013-04-30,2013-04-30,2015-03-03,2015-03-03,13.0,13.0,2026-07-31,2026-07-31,EDLDB.CDM.CUSTOMER_AGGREGATE_SNAPSHOT,EDLDB.MRCH_SANDBOX.CBSA_ZIPCODE_MAPPING,EDLDB.MRCH_SANDBOX.MEDIAN_HOUSEHOLD_INCOME_ZIPCODE,EDLDB.MRCH_SANDBOX.CLINIC_PROFILE,EDLDB.MRCH_SANDBOX.CBSA_POPULATION,"active_customer_yoy_growth, active_customers_per_1000_households, clinic_orders_per_clinic, clinics_per_10000_households, corporate_clinic_share, practice_hub_clinic_share, veterinarians_per_10000_households",Hypothesis,True,market-attractiveness-synthetic-v1,1.0,SYNTHETIC_COMPLETE,prototype_ready,synthetic_prototype_only
proto:1b280ee248,,"Harrison, AR","Harrison, AR",micropolitan,2026-07-31,2025-07-31,1840,2169.0,-0.151683,0.009597,24076.0,24076.0,76.42465525834857,44577.0,44577.0,42508.444444,42508.444444,6.0,6.0,10.0,10.0,2.492108323641801,4.153513872736335,0.0,0.0,0.0,1.0,1.0,0.16666666666666666,4656.0,4656.0,776.0,2012-11-11,2012-11-11,2023-11-01,2023-11-01,18.0,18.0,2026-07-31,2026-07-31,EDLDB.CDM.CUSTOMER_AGGREGATE_SNAPSHOT,EDLDB.MRCH_SANDBOX.CBSA_ZIPCODE_MAPPING,EDLDB.MRCH_SANDBOX.MEDIAN_HOUSEHOLD_INCOME_ZIPCODE,EDLDB.MRCH_SANDBOX.CLINIC_PROFILE,EDLDB.MRCH_SANDBOX.CBSA_POPULATION,"active_customer_yoy_growth, active_customers_per_1000_households, clinic_orders_per_clinic, clinics_per_10000_households, corporate_clinic_share, practice_hub_clinic_share, veterinarians_per_10000_households",Hypothesis,True,market-attractiveness-synthetic-v1,1.0,SYNTHETIC_COMPLETE,prototype_ready,synthetic_prototype_only
proto:14d48aaa72,,"Aberdeen, SD","Aberdeen, SD",micropolitan,2026-07-31,2025-07-31,1837,2134.0,-0.139175,0.029397,18829.0,18829.0,97.56227096500079,42213.0,42213.0,58835.44,58835.44,11.0,11.0,15.0,15.0,5.842052153592863,7.966434754899357,0.0,0.0,0.0,5.0,5.0,0.45454545454545453,7114.0,7114.0,646.7272727272727,2014-02-26,2014-02-26,2023-06-12,2023-06-12,25.0,25.0,2026-07-31,2026-07-31,EDLDB.CDM.CUSTOMER_AGGREGATE_SNAPSHOT,EDLDB.MRCH_SANDBOX.CBSA_ZIPCODE_MAPPING,EDLDB.MRCH_SANDBOX.MEDIAN_HOUSEHOLD_INCOME_ZIPCODE,EDLDB.MRCH_SANDBOX.CLINIC_PROFILE,EDLDB.MRCH_SANDBOX.CBSA_POPULATION,"active_customer_yoy_growth, active_customers_per_1000_households, clinic_orders_per_clinic, clinics_per_10000_households, corporate_clinic_share, practice_hub_clinic_share, veterinarians_per_10000_households",Hypothesis,True,market-attractiveness-synthetic-v1,1.0,SYNTHETIC_COMPLETE,prototype_ready,synthetic_prototype_only
proto:9d4e1b1536,,"Fallon, NV","Fallon, NV",micropolitan,2026-07-31,2025-07-31,1834,2069.0,-0.113581,0.061236,9949.0,9949.0,184.3401346869032,25572.0,25572.0,56514.0,56514.0,3.0,3.0,9.0,9.0,3.015378429992964,9.046135289978892,0.0,0.0,0.0,2.0,2.0,0.6666666666666666,5174.0,5174.0,1724.6666666666667,2013-11-21,2013-11-21,2018-10-03,2018-10-03,1.0,1.0,2026-07-31,2026-07-31,EDLDB.CDM.CUSTOMER_AGGREGATE_SNAPSHOT,EDLDB.MRCH_SANDBOX.CBSA_ZIPCODE_MAPPING,EDLDB.MRCH_SANDBOX.MEDIAN_HOUSEHOLD_INCOME_ZIPCODE,EDLDB.MRCH_SANDBOX.CLINIC_PROFILE,EDLDB.MRCH_SANDBOX.CBSA_POPULATION,"active_customer_yoy_growth, active_customers_per_1000_households, clinic_orders_per_clinic, clinics_per_10000_households, corporate_clinic_share, practice_hub_clinic_share, veterinarians_per_10000_households",Hypothesis,True,market-attractiveness-synthetic-v1,1.0,SYNTHETIC_COMPLETE,prototype_ready,synthetic_prototype_only
proto:fad3e192cb,,"Ardmore, OK","Ardmore, OK",micropolitan,2026-07-31,2025-07-31,1834,2219.0,-0.173502,-0.013252,28372.0,28372.0,64.64119554490343,48042.0,48042.0,47014.166667,47014.166667,9.0,9.0,14.0,14.0,3.1721415480050754,4.934442408007895,0.0,0.0,0.0,4.0,4.0,0.4444444444444444,4626.0,4626.0,514.0,2012-11-13,2012-11-13,2021-06-30,2021-06-30,18.0,18.0,2026-07-31,2026-07-31,EDLDB.CDM.CUSTOMER_AGGREGATE_SNAPSHOT,EDLDB.MRCH_SANDBOX.CBSA_ZIPCODE_MAPPING,EDLDB.MRCH_SANDBOX.MEDIAN_HOUSEHOLD_INCOME_ZIPCODE,EDLDB.MRCH_SANDBOX.CLINIC_PROFILE,EDLDB.MRCH_SANDBOX.CBSA_POPULATION,"active_customer_yoy_growth, active_customers_per_1000_households, clinic_orders_per_clinic, clinics_per_10000_households, corporate_clinic_share, practice_hub_clinic_share, veterinarians_per_10000_households",Hypothesis,True,market-attractiveness-synthetic-v1,1.0,SYNTHETIC_COMPLETE,prototype_ready,synthetic_prototype_only
proto:ca4fb20d4a,,"Rochelle, IL","Rochelle, IL",micropolitan,2026-07-31,2025-07-31,1831,2091.0,-0.124342,0.045783,11858.0,11858.0,154.41052454039468,51692.0,51692.0,57658.166667,57658.166667,10.0,10.0,15.0,15.0,8.433125316242199,12.649687974363298,0.0,0.0,0.0,1.0,1.0,0.1,8911.0,8911.0,891.1,2012-11-16,2012-11-16,2022-09-24,2022-09-24,12.0,12.0,2026-07-31,2026-07-31,EDLDB.CDM.CUSTOMER_AGGREGATE_SNAPSHOT,EDLDB.MRCH_SANDBOX.CBSA_ZIPCODE_MAPPING,EDLDB.MRCH_SANDBOX.MEDIAN_HOUSEHOLD_INCOME_ZIPCODE,EDLDB.MRCH_SANDBOX.CLINIC_PROFILE,EDLDB.MRCH_SANDBOX.CBSA_POPULATION,"active_customer_yoy_growth, active_customers_per_1000_households, clinic_orders_per_clinic, clinics_per_10000_households, corporate_clinic_share, practice_hub_clinic_share, veterinarians_per_10000_households",Hypothesis,True,market-attractiveness-synthetic-v1,1.0,SYNTHETIC_COMPLETE,prototype_ready,synthetic_prototype_only
proto:b33a369dcc,,"Freeport, IL","Freeport, IL",micropolitan,2026-07-31,2025-07-31,1830,2067.0,-0.114659,0.059308,19623.0,19623.0,93.25791163430668,44503.0,44503.0,54107.571429,54107.571429,7.0,7.0,14.0,14.0,3.567242521530857,7.134485043061714,0.0,0.0,0.0,4.0,4.0,0.5714285714285714,7736.0,7736.0,1105.142857142857,2014-01-15,2014-01-15,2022-08-22,2022-08-22,14.0,14.0,2026-07-31,2026-07-31,EDLDB.CDM.CUSTOMER_AGGREGATE_SNAPSHOT,EDLDB.MRCH_SANDBOX.CBSA_ZIPCODE_MAPPING,EDLDB.MRCH_SANDBOX.MEDIAN_HOUSEHOLD_INCOME_ZIPCODE,EDLDB.MRCH_SANDBOX.CLINIC_PROFILE,EDLDB.MRCH_SANDBOX.CBSA_POPULATION,"active_customer_yoy_growth, active_customers_per_1000_households, clinic_orders_per_clinic, clinics_per_10000_households, corporate_clinic_share, practice_hub_clinic_share, veterinarians_per_10000_households",Hypothesis,True,market-attractiveness-synthetic-v1,1.0,SYNTHETIC_COMPLETE,prototype_ready,synthetic_prototype_only
proto:dab24df969,,"Moscow, ID","Moscow, ID",micropolitan,2026-07-31,2025-07-31,1808,1991.0,-0.091914,0.089289,14624.0,14624.0,123.63238512035012,39638.0,39638.0,56230.2,56230.2,9.0,9.0,19.0,19.0,6.1542669584245075,12.99234135667396,0.0,0.0,0.0,5.0,5.0,0.5555555555555556,9459.0,9459.0,1051.0,2014-10-10,2014-10-10,2023-01-15,2023-01-15,10.0,10.0,2026-07-31,2026-07-31,EDLDB.CDM.CUSTOMER_AGGREGATE_SNAPSHOT,EDLDB.MRCH_SANDBOX.CBSA_ZIPCODE_MAPPING,EDLDB.MRCH_SANDBOX.MEDIAN_HOUSEHOLD_INCOME_ZIPCODE,EDLDB.MRCH_SANDBOX.CLINIC_PROFILE,EDLDB.MRCH_SANDBOX.CBSA_POPULATION,"active_customer_yoy_growth, active_customers_per_1000_households, clinic_orders_per_clinic, clinics_per_10000_households, corporate_clinic_share, practice_hub_clinic_share, veterinarians_per_10000_households",Hypothesis,True,market-attractiveness-synthetic-v1,1.0,SYNTHETIC_COMPLETE,prototype_ready,synthetic_prototype_only
proto:9536378f18,,"Vineyard Haven, MA","Vineyard Haven, MA",micropolitan,2026-07-31,2025-07-31,1804,1971.0,-0.084729,0.095446,4955.0,18471.0,97.6666125277462,20593.0,46168.0,87019.2,87019.2,8.0,8.0,14.0,14.0,4.331113637594067,7.579448865789616,0.0,0.0,0.0,3.0,3.0,0.375,12077.0,12077.0,1509.625,2013-08-17,2013-08-17,2021-07-06,2021-07-06,5.0,5.0,2026-07-31,2026-07-31,EDLDB.CDM.CUSTOMER_AGGREGATE_SNAPSHOT,EDLDB.MRCH_SANDBOX.CBSA_ZIPCODE_MAPPING,EDLDB.MRCH_SANDBOX.MEDIAN_HOUSEHOLD_INCOME_ZIPCODE,EDLDB.MRCH_SANDBOX.CLINIC_PROFILE,EDLDB.MRCH_SANDBOX.CBSA_POPULATION,"active_customer_yoy_growth, active_customers_per_1000_households, clinic_orders_per_clinic, clinics_per_10000_households, corporate_clinic_share, practice_hub_clinic_share, total_households, total_population, veterinarians_per_10000_households",Hypothesis,True,market-attractiveness-synthetic-v1,1.0,SYNTHETIC_COMPLETE,prototype_ready,synthetic_prototype_only
proto:3b28be158d,,"Hutchinson, MN","Hutchinson, MN",micropolitan,2026-07-31,2025-07-31,1802,2026.0,-0.110563,0.06537,18211.0,18211.0,98.95118335072209,36755.0,36755.0,65582.625,65582.625,5.0,5.0,9.0,9.0,2.7455933227170393,4.94206798089067,0.0,0.0,0.0,3.0,3.0,0.6,6981.0,6981.0,1396.2,2013-03-19,2013-03-19,2014-10-05,2014-10-05,8.0,8.0,2026-07-31,2026-07-31,EDLDB.CDM.CUSTOMER_AGGREGATE_SNAPSHOT,EDLDB.MRCH_SANDBOX.CBSA_ZIPCODE_MAPPING,EDLDB.MRCH_SANDBOX.MEDIAN_HOUSEHOLD_INCOME_ZIPCODE,EDLDB.MRCH_SANDBOX.CLINIC_PROFILE,EDLDB.MRCH_SANDBOX.CBSA_POPULATION,"active_customer_yoy_growth, active_customers_per_1000_households, clinic_orders_per_clinic, clinics_per_10000_households, corporate_clinic_share, practice_hub_clinic_share, veterinarians_per_10000_households",Hypothesis,True,market-attractiveness-synthetic-v1,1.0,SYNTHETIC_COMPLETE,prototype_ready,synthetic_prototype_only
proto:e5b200f85f,,"Marion, NC","Marion, NC",micropolitan,2026-07-31,2025-07-31,1789,2084.0,-0.141555,0.02472,16095.0,16095.0,111.15253184218702,44547.0,44547.0,32863.666667,32863.666667,3.0,3.0,7.0,7.0,1.8639328984156571,4.349176762969866,0.0,0.0,0.0,3.0,3.0,1.0,14924.0,14924.0,4974.666666666667,2014-03-08,2014-03-08,2015-05-22,2015-05-22,3.0,3.0,2026-07-31,2026-07-31,EDLDB.CDM.CUSTOMER_AGGREGATE_SNAPSHOT,EDLDB.MRCH_SANDBOX.CBSA_ZIPCODE_MAPPING,EDLDB.MRCH_SANDBOX.MEDIAN_HOUSEHOLD_INCOME_ZIPCODE,EDLDB.MRCH_SANDBOX.CLINIC_PROFILE,EDLDB.MRCH_SANDBOX.CBSA_POPULATION,"active_customer_yoy_growth, active_customers_per_1000_households, clinic_orders_per_clinic, clinics_per_10000_households, corporate_clinic_share, practice_hub_clinic_share, veterinarians_per_10000_households",Hypothesis,True,market-attractiveness-synthetic-v1,1.0,SYNTHETIC_COMPLETE,prototype_ready,synthetic_prototype_only
proto:3628c1dbaf,,"Owatonna, MN","Owatonna, MN",micropolitan,2026-07-31,2025-07-31,1763,2037.0,-0.134512,0.034134,19564.0,19564.0,90.11449601308526,37384.0,37384.0,63940.666667,63940.666667,8.0,8.0,12.0,12.0,4.089143324473523,6.1337149867102845,0.0,0.0,0.0,2.0,2.0,0.25,7343.0,7343.0,917.875,2013-11-07,2013-11-07,2022-12-19,2022-12-19,6.0,6.0,2026-07-31,2026-07-31,EDLDB.CDM.CUSTOMER_AGGREGATE_SNAPSHOT,EDLDB.MRCH_SANDBOX.CBSA_ZIPCODE_MAPPING,EDLDB.MRCH_SANDBOX.MEDIAN_HOUSEHOLD_INCOME_ZIPCODE,EDLDB.MRCH_SANDBOX.CLINIC_PROFILE,EDLDB.MRCH_SANDBOX.CBSA_POPULATION,"active_customer_yoy_growth, active_customers_per_1000_households, clinic_orders_per_clinic, clinics_per_10000_households, corporate_clinic_share, practice_hub_clinic_share, veterinarians_per_10000_households",Hypothesis,True,market-attractiveness-synthetic-v1,1.0,SYNTHETIC_COMPLETE,prototype_ready,synthetic_prototype_only
proto:99dd2855f3,,"Cambridge, OH","Cambridge, OH",micropolitan,2026-07-31,2025-07-31,1759,2015.0,-0.127047,0.043052,15464.0,15464.0,113.7480600103466,38423.0,38423.0,33830.846154,33830.846154,4.0,4.0,12.0,12.0,2.586652871184687,7.759958613554061,0.0,0.0,0.0,0.0,0.0,0.0,8839.0,8839.0,2209.75,2013-07-02,2013-07-02,2022-07-17,2022-07-17,13.0,13.0,2026-07-31,2026-07-31,EDLDB.CDM.CUSTOMER_AGGREGATE_SNAPSHOT,EDLDB.MRCH_SANDBOX.CBSA_ZIPCODE_MAPPING,EDLDB.MRCH_SANDBOX.MEDIAN_HOUSEHOLD_INCOME_ZIPCODE,EDLDB.MRCH_SANDBOX.CLINIC_PROFILE,EDLDB.MRCH_SANDBOX.CBSA_POPULATION,"active_customer_yoy_growth, active_customers_per_1000_households, clinic_orders_per_clinic, clinics_per_10000_households, corporate_clinic_share, practice_hub_clinic_share, veterinarians_per_10000_households",Hypothesis,True,market-attractiveness-synthetic-v1,1.0,SYNTHETIC_COMPLETE,prototype_ready,synthetic_prototype_only
proto:775dc5a744,,"Ontario, OR-ID","Ontario, OR-ID",micropolitan,2026-07-31,2025-07-31,1748,2026.0,-0.137216,0.031659,17020.0,17020.0,102.70270270270271,57232.0,57232.0,36596.285714,36596.285714,7.0,7.0,13.0,13.0,4.112808460634548,7.638072855464159,0.0,0.0,0.0,2.0,2.0,0.2857142857142857,6893.0,6893.0,984.7142857142857,2013-09-11,2013-09-11,2018-11-19,2018-11-19,14.0,14.0,2026-07-31,2026-07-31,EDLDB.CDM.CUSTOMER_AGGREGATE_SNAPSHOT,EDLDB.MRCH_SANDBOX.CBSA_ZIPCODE_MAPPING,EDLDB.MRCH_SANDBOX.MEDIAN_HOUSEHOLD_INCOME_ZIPCODE,EDLDB.MRCH_SANDBOX.CLINIC_PROFILE,EDLDB.MRCH_SANDBOX.CBSA_POPULATION,"active_customer_yoy_growth, active_customers_per_1000_households, clinic_orders_per_clinic, clinics_per_10000_households, corporate_clinic_share, practice_hub_clinic_share, veterinarians_per_10000_households",Hypothesis,True,market-attractiveness-synthetic-v1,1.0,SYNTHETIC_COMPLETE,prototype_ready,synthetic_prototype_only
proto:9fc1bc89f8,,"Shawnee, OK","Shawnee, OK",micropolitan,2026-07-31,2025-07-31,1748,2062.0,-0.152279,0.008383,23238.0,23238.0,75.22161976073673,72559.0,72559.0,53430.142857,53430.142857,10.0,10.0,14.0,14.0,4.303296324984939,6.024614854978913,0.0,0.0,0.0,2.0,2.0,0.2,9821.0,9821.0,982.1,2014-01-20,2014-01-20,2015-02-02,2015-02-02,7.0,7.0,2026-07-31,2026-07-31,EDLDB.CDM.CUSTOMER_AGGREGATE_SNAPSHOT,EDLDB.MRCH_SANDBOX.CBSA_ZIPCODE_MAPPING,EDLDB.MRCH_SANDBOX.MEDIAN_HOUSEHOLD_INCOME_ZIPCODE,EDLDB.MRCH_SANDBOX.CLINIC_PROFILE,EDLDB.MRCH_SANDBOX.CBSA_POPULATION,"active_customer_yoy_growth, active_customers_per_1000_households, clinic_orders_per_clinic, clinics_per_10000_households, corporate_clinic_share, practice_hub_clinic_share, veterinarians_per_10000_households",Hypothesis,True,market-attractiveness-synthetic-v1,1.0,SYNTHETIC_COMPLETE,prototype_ready,synthetic_prototype_only
proto:08d7451d5b,,"Starkville, MS","Starkville, MS",micropolitan,2026-07-31,2025-07-31,1746,2031.0,-0.140325,0.026774,27943.0,27943.0,62.48434312708013,61611.0,61611.0,38057.214286,38057.214286,17.0,17.0,41.0,41.0,6.08381347743621,14.672726622052034,0.0,0.0,0.0,2.0,2.0,0.11764705882352941,12961.0,12961.0,762.4117647058823,2013-08-23,2013-08-23,2022-12-02,2022-12-02,14.0,14.0,2026-07-31,2026-07-31,EDLDB.CDM.CUSTOMER_AGGREGATE_SNAPSHOT,EDLDB.MRCH_SANDBOX.CBSA_ZIPCODE_MAPPING,EDLDB.MRCH_SANDBOX.MEDIAN_HOUSEHOLD_INCOME_ZIPCODE,EDLDB.MRCH_SANDBOX.CLINIC_PROFILE,EDLDB.MRCH_SANDBOX.CBSA_POPULATION,"active_customer_yoy_growth, active_customers_per_1000_households, clinic_orders_per_clinic, clinics_per_10000_households, corporate_clinic_share, practice_hub_clinic_share, veterinarians_per_10000_households",Hypothesis,True,market-attractiveness-synthetic-v1,1.0,SYNTHETIC_COMPLETE,prototype_ready,synthetic_prototype_only
proto:88254839f8,,"Dixon, IL","Dixon, IL",micropolitan,2026-07-31,2025-07-31,1730,1958.0,-0.116445,0.056684,12846.0,12846.0,134.6722715242099,34062.0,34062.0,51241.363636,51241.363636,3.0,3.0,6.0,6.0,2.335357309668379,4.670714619336758,0.0,0.0,0.0,1.0,1.0,0.3333333333333333,3733.0,3733.0,1244.3333333333333,2013-10-24,2013-10-24,2021-04-09,2021-04-09,11.0,11.0,2026-07-31,2026-07-31,EDLDB.CDM.CUSTOMER_AGGREGATE_SNAPSHOT,EDLDB.MRCH_SANDBOX.CBSA_ZIPCODE_MAPPING,EDLDB.MRCH_SANDBOX.MEDIAN_HOUSEHOLD_INCOME_ZIPCODE,EDLDB.MRCH_SANDBOX.CLINIC_PROFILE,EDLDB.MRCH_SANDBOX.CBSA_POPULATION,"active_customer_yoy_growth, active_customers_per_1000_households, clinic_orders_per_clinic, clinics_per_10000_households, corporate_clinic_share, practice_hub_clinic_share, veterinarians_per_10000_households",Hypothesis,True,market-attractiveness-synthetic-v1,1.0,SYNTHETIC_COMPLETE,prototype_ready,synthetic_prototype_only
proto:2f1f88d3bc,,"Platteville, WI","Platteville, WI",micropolitan,2026-07-31,2025-07-31,1719,1963.0,-0.1243,0.045997,16834.0,16834.0,102.114767731971,51985.0,51985.0,55054.888889,55054.888889,13.0,13.0,19.0,19.0,7.722466436972793,11.28668171557562,0.0,0.0,0.0,3.0,3.0,0.23076923076923078,5346.0,5346.0,411.2307692307692,2013-11-20,2013-11-20,2021-05-04,2021-05-04,18.0,18.0,2026-07-31,2026-07-31,EDLDB.CDM.CUSTOMER_AGGREGATE_SNAPSHOT,EDLDB.MRCH_SANDBOX.CBSA_ZIPCODE_MAPPING,EDLDB.MRCH_SANDBOX.MEDIAN_HOUSEHOLD_INCOME_ZIPCODE,EDLDB.MRCH_SANDBOX.CLINIC_PROFILE,EDLDB.MRCH_SANDBOX.CBSA_POPULATION,"active_customer_yoy_growth, active_customers_per_1000_households, clinic_orders_per_clinic, clinics_per_10000_households, corporate_clinic_share, practice_hub_clinic_share, veterinarians_per_10000_households",Hypothesis,True,market-attractiveness-synthetic-v1,1.0,SYNTHETIC_COMPLETE,prototype_ready,synthetic_prototype_only
proto:6bdc1a3bf3,,"Sevierville, TN","Sevierville, TN",micropolitan,2026-07-31,2025-07-31,1704,2007.0,-0.150972,0.011392,13820.0,13820.0,123.29956584659914,,34543.0,46171.666667,46171.666667,11.0,11.0,28.0,28.0,7.959479015918959,20.260492040520983,0.0,0.0,0.0,5.0,5.0,0.45454545454545453,34077.0,34077.0,3097.909090909091,2012-10-29,2012-10-29,2021-12-29,2021-12-29,3.0,3.0,2026-07-31,2026-07-31,EDLDB.CDM.CUSTOMER_AGGREGATE_SNAPSHOT,EDLDB.MRCH_SANDBOX.CBSA_ZIPCODE_MAPPING,EDLDB.MRCH_SANDBOX.MEDIAN_HOUSEHOLD_INCOME_ZIPCODE,EDLDB.MRCH_SANDBOX.CLINIC_PROFILE,EDLDB.MRCH_SANDBOX.CBSA_POPULATION,"active_customer_yoy_growth, active_customers_per_1000_households, clinic_orders_per_clinic, clinics_per_10000_households, corporate_clinic_share, practice_hub_clinic_share, total_population, veterinarians_per_10000_households",Hypothesis,True,market-attractiveness-synthetic-v1,1.0,SYNTHETIC_COMPLETE,prototype_ready,synthetic_prototype_only
proto:fb1588e13c,,"Thomasville, GA","Thomasville, GA",micropolitan,2026-07-31,2025-07-31,1701,2015.0,-0.155831,0.002923,25634.0,25634.0,66.35718186783178,71999.0,71999.0,45811.857143,45811.857143,5.0,5.0,17.0,17.0,1.950534446438324,6.631817117890302,0.0,0.0,0.0,2.0,2.0,0.4,9439.0,9439.0,1887.8,2013-11-27,2013-11-27,2021-12-31,2021-12-31,7.0,7.0,2026-07-31,2026-07-31,EDLDB.CDM.CUSTOMER_AGGREGATE_SNAPSHOT,EDLDB.MRCH_SANDBOX.CBSA_ZIPCODE_MAPPING,EDLDB.MRCH_SANDBOX.MEDIAN_HOUSEHOLD_INCOME_ZIPCODE,EDLDB.MRCH_SANDBOX.CLINIC_PROFILE,EDLDB.MRCH_SANDBOX.CBSA_POPULATION,"active_customer_yoy_growth, active_customers_per_1000_households, clinic_orders_per_clinic, clinics_per_10000_households, corporate_clinic_share, practice_hub_clinic_share, veterinarians_per_10000_households",Hypothesis,True,market-attractiveness-synthetic-v1,1.0,SYNTHETIC_COMPLETE,prototype_ready,synthetic_prototype_only
proto:35c724a8b7,,"Dickinson, ND","Dickinson, ND",micropolitan,2026-07-31,2025-07-31,1698,1952.0,-0.130123,0.039402,14560.0,14560.0,116.62087912087912,38863.0,38863.0,76368.714286,76368.714286,3.0,3.0,8.0,8.0,2.0604395604395602,5.4945054945054945,0.0,0.0,0.0,1.0,1.0,0.3333333333333333,5640.0,5640.0,1880.0,2013-12-29,2013-12-29,2021-07-23,2021-07-23,14.0,14.0,2026-07-31,2026-07-31,EDLDB.CDM.CUSTOMER_AGGREGATE_SNAPSHOT,EDLDB.MRCH_SANDBOX.CBSA_ZIPCODE_MAPPING,EDLDB.MRCH_SANDBOX.MEDIAN_HOUSEHOLD_INCOME_ZIPCODE,EDLDB.MRCH_SANDBOX.CLINIC_PROFILE,EDLDB.MRCH_SANDBOX.CBSA_POPULATION,"active_customer_yoy_growth, active_customers_per_1000_households, clinic_orders_per_clinic, clinics_per_10000_households, corporate_clinic_share, practice_hub_clinic_share, veterinarians_per_10000_households",Hypothesis,True,market-attractiveness-synthetic-v1,1.0,SYNTHETIC_COMPLETE,prototype_ready,synthetic_prototype_only
proto:8dfb857c3f,,"Sheridan, WY","Sheridan, WY",micropolitan,2026-07-31,2025-07-31,1698,1925.0,-0.117922,0.05419,13462.0,13462.0,126.13281830337245,31000.0,31000.0,44067.0,44067.0,10.0,10.0,19.0,19.0,7.428316743425939,14.113801812509285,0.0,0.0,0.0,2.0,2.0,0.2,9577.0,9577.0,957.7,2013-10-23,2013-10-23,2023-07-17,2023-07-17,12.0,12.0,2026-07-31,2026-07-31,EDLDB.CDM.CUSTOMER_AGGREGATE_SNAPSHOT,EDLDB.MRCH_SANDBOX.CBSA_ZIPCODE_MAPPING,EDLDB.MRCH_SANDBOX.MEDIAN_HOUSEHOLD_INCOME_ZIPCODE,EDLDB.MRCH_SANDBOX.CLINIC_PROFILE,EDLDB.MRCH_SANDBOX.CBSA_POPULATION,"active_customer_yoy_growth, active_customers_per_1000_households, clinic_orders_per_clinic, clinics_per_10000_households, corporate_clinic_share, practice_hub_clinic_share, veterinarians_per_10000_households",Hypothesis,True,market-attractiveness-synthetic-v1,1.0,SYNTHETIC_COMPLETE,prototype_ready,synthetic_prototype_only
proto:2ec0d29a24,,"Prineville, OR","Prineville, OR",micropolitan,2026-07-31,2025-07-31,1674,1910.0,-0.12356,0.046643,9961.0,9961.0,168.05541612287922,,24898.0,50434.75,50434.75,6.0,6.0,19.0,19.0,6.023491617307499,19.074390121473748,0.0,0.0,0.0,2.0,2.0,0.3333333333333333,8389.0,8389.0,1398.1666666666667,2013-10-10,2013-10-10,2022-09-02,2022-09-02,4.0,4.0,2026-07-31,2026-07-31,EDLDB.CDM.CUSTOMER_AGGREGATE_SNAPSHOT,EDLDB.MRCH_SANDBOX.CBSA_ZIPCODE_MAPPING,EDLDB.MRCH_SANDBOX.MEDIAN_HOUSEHOLD_INCOME_ZIPCODE,EDLDB.MRCH_SANDBOX.CLINIC_PROFILE,EDLDB.MRCH_SANDBOX.CBSA_POPULATION,"active_customer_yoy_growth, active_customers_per_1000_households, clinic_orders_per_clinic, clinics_per_10000_households, corporate_clinic_share, practice_hub_clinic_share, total_population, veterinarians_per_10000_households",Hypothesis,True,market-attractiveness-synthetic-v1,1.0,SYNTHETIC_COMPLETE,prototype_ready,synthetic_prototype_only
proto:104f8dd337,,"Rock Springs, WY","Rock Springs, WY",micropolitan,2026-07-31,2025-07-31,1641,1915.0,-0.143081,0.021916,15613.0,15613.0,105.10472042528663,42197.0,42197.0,46331.0,46331.0,7.0,7.0,11.0,11.0,4.483443284442452,7.045410875552424,0.0,0.0,0.0,3.0,3.0,0.42857142857142855,7066.0,7066.0,1009.4285714285714,2013-12-02,2013-12-02,2022-01-10,2022-01-10,10.0,10.0,2026-07-31,2026-07-31,EDLDB.CDM.CUSTOMER_AGGREGATE_SNAPSHOT,EDLDB.MRCH_SANDBOX.CBSA_ZIPCODE_MAPPING,EDLDB.MRCH_SANDBOX.MEDIAN_HOUSEHOLD_INCOME_ZIPCODE,EDLDB.MRCH_SANDBOX.CLINIC_PROFILE,EDLDB.MRCH_SANDBOX.CBSA_POPULATION,"active_customer_yoy_growth, active_customers_per_1000_households, clinic_orders_per_clinic, clinics_per_10000_households, corporate_clinic_share, practice_hub_clinic_share, veterinarians_per_10000_households",Hypothesis,True,market-attractiveness-synthetic-v1,1.0,SYNTHETIC_COMPLETE,prototype_ready,synthetic_prototype_only
proto:f2f49a96a5,,"Willmar, MN","Willmar, MN",micropolitan,2026-07-31,2025-07-31,1641,1869.0,-0.12199,0.047952,20783.0,20783.0,78.95876437472934,43722.0,43722.0,64571.5625,64571.5625,9.0,9.0,10.0,10.0,4.330462397151518,4.8116248857239095,0.0,0.0,0.0,1.0,1.0,0.1111111111111111,1504.0,1504.0,167.11111111111111,2014-10-06,2014-10-06,2021-08-19,2021-08-19,16.0,16.0,2026-07-31,2026-07-31,EDLDB.CDM.CUSTOMER_AGGREGATE_SNAPSHOT,EDLDB.MRCH_SANDBOX.CBSA_ZIPCODE_MAPPING,EDLDB.MRCH_SANDBOX.MEDIAN_HOUSEHOLD_INCOME_ZIPCODE,EDLDB.MRCH_SANDBOX.CLINIC_PROFILE,EDLDB.MRCH_SANDBOX.CBSA_POPULATION,"active_customer_yoy_growth, active_customers_per_1000_households, clinic_orders_per_clinic, clinics_per_10000_households, corporate_clinic_share, practice_hub_clinic_share, veterinarians_per_10000_households",Hypothesis,True,market-attractiveness-synthetic-v1,1.0,SYNTHETIC_COMPLETE,prototype_ready,synthetic_prototype_only
proto:9b9feb2090,,"Williston, ND","Williston, ND",micropolitan,2026-07-31,2025-07-31,1636,1957.0,-0.164027,-0.00419,14891.0,14891.0,109.8650191390773,41182.0,41182.0,61802.0,61802.0,4.0,4.0,11.0,11.0,2.6861862870190047,7.3870122893022625,0.0,0.0,0.0,2.0,2.0,0.5,4580.0,4580.0,1145.0,2013-12-04,2013-12-04,2017-11-14,2017-11-14,11.0,11.0,2026-07-31,2026-07-31,EDLDB.CDM.CUSTOMER_AGGREGATE_SNAPSHOT,EDLDB.MRCH_SANDBOX.CBSA_ZIPCODE_MAPPING,EDLDB.MRCH_SANDBOX.MEDIAN_HOUSEHOLD_INCOME_ZIPCODE,EDLDB.MRCH_SANDBOX.CLINIC_PROFILE,EDLDB.MRCH_SANDBOX.CBSA_POPULATION,"active_customer_yoy_growth, active_customers_per_1000_households, clinic_orders_per_clinic, clinics_per_10000_households, corporate_clinic_share, practice_hub_clinic_share, veterinarians_per_10000_households",Hypothesis,True,market-attractiveness-synthetic-v1,1.0,SYNTHETIC_COMPLETE,prototype_ready,synthetic_prototype_only
proto:5de8cf5c9e,,"Point Pleasant, WV-OH","Point Pleasant, WV-OH",micropolitan,2026-07-31,2025-07-31,1621,1910.0,-0.151309,0.010598,19821.0,19821.0,81.7819484385248,,49543.0,46468.777778,46468.777778,5.0,5.0,7.0,7.0,2.5225770647293277,3.5316078906210584,0.0,0.0,0.0,0.0,0.0,0.0,2768.0,2768.0,553.6,2014-08-11,2014-08-11,2014-11-11,2014-11-11,18.0,18.0,2026-07-31,2026-07-31,EDLDB.CDM.CUSTOMER_AGGREGATE_SNAPSHOT,EDLDB.MRCH_SANDBOX.CBSA_ZIPCODE_MAPPING,EDLDB.MRCH_SANDBOX.MEDIAN_HOUSEHOLD_INCOME_ZIPCODE,EDLDB.MRCH_SANDBOX.CLINIC_PROFILE,EDLDB.MRCH_SANDBOX.CBSA_POPULATION,"active_customer_yoy_growth, active_customers_per_1000_households, clinic_orders_per_clinic, clinics_per_10000_households, corporate_clinic_share, practice_hub_clinic_share, total_population, veterinarians_per_10000_households",Hypothesis,True,market-attractiveness-synthetic-v1,1.0,SYNTHETIC_COMPLETE,prototype_ready,synthetic_prototype_only
proto:cbdba19d5a,,"Effingham, IL","Effingham, IL",micropolitan,2026-07-31,2025-07-31,1598,1863.0,-0.142244,0.023599,16392.0,16392.0,97.48657881893607,45136.0,45136.0,58027.166667,58027.166667,12.0,12.0,18.0,18.0,7.320644216691069,10.980966325036604,0.0,0.0,0.0,4.0,4.0,0.3333333333333333,7722.0,7722.0,643.5,2012-11-18,2012-11-18,2023-04-28,2023-04-28,12.0,12.0,2026-07-31,2026-07-31,EDLDB.CDM.CUSTOMER_AGGREGATE_SNAPSHOT,EDLDB.MRCH_SANDBOX.CBSA_ZIPCODE_MAPPING,EDLDB.MRCH_SANDBOX.MEDIAN_HOUSEHOLD_INCOME_ZIPCODE,EDLDB.MRCH_SANDBOX.CLINIC_PROFILE,EDLDB.MRCH_SANDBOX.CBSA_POPULATION,"active_customer_yoy_growth, active_customers_per_1000_households, clinic_orders_per_clinic, clinics_per_10000_households, corporate_clinic_share, practice_hub_clinic_share, veterinarians_per_10000_households",Hypothesis,True,market-attractiveness-synthetic-v1,1.0,SYNTHETIC_COMPLETE,prototype_ready,synthetic_prototype_only
proto:a4a2bac3f4,,"Carlsbad-Artesia, NM","Carlsbad-Artesia, NM",micropolitan,2026-07-31,2025-07-31,1591,1895.0,-0.160422,-0.000647,21444.0,21444.0,74.19324752844618,62333.0,62333.0,42931.571429,42931.571429,6.0,6.0,8.0,8.0,2.797985450475658,3.730647267300877,0.0,0.0,0.0,2.0,2.0,0.3333333333333333,8676.0,8676.0,1446.0,2013-10-17,2013-10-17,2022-08-04,2022-08-04,7.0,7.0,2026-07-31,2026-07-31,EDLDB.CDM.CUSTOMER_AGGREGATE_SNAPSHOT,EDLDB.MRCH_SANDBOX.CBSA_ZIPCODE_MAPPING,EDLDB.MRCH_SANDBOX.MEDIAN_HOUSEHOLD_INCOME_ZIPCODE,EDLDB.MRCH_SANDBOX.CLINIC_PROFILE,EDLDB.MRCH_SANDBOX.CBSA_POPULATION,"active_customer_yoy_growth, active_customers_per_1000_households, clinic_orders_per_clinic, clinics_per_10000_households, corporate_clinic_share, practice_hub_clinic_share, veterinarians_per_10000_households",Hypothesis,True,market-attractiveness-synthetic-v1,1.0,SYNTHETIC_COMPLETE,prototype_ready,synthetic_prototype_only
proto:49d50d2e19,,"Laredo, TX","Laredo, TX",metropolitan,2026-07-31,2025-07-31,1581,2058.0,-0.231778,-0.068054,76249.0,76249.0,20.734698159975867,267363.0,267363.0,37254.888889,37254.888889,6.0,6.0,7.0,7.0,0.7868955658434864,0.918044826817401,0.0,0.0,0.0,2.0,2.0,0.3333333333333333,3874.0,3874.0,645.6666666666666,2013-08-09,2013-08-09,2023-09-21,2023-09-21,9.0,9.0,2026-07-31,2026-07-31,EDLDB.CDM.CUSTOMER_AGGREGATE_SNAPSHOT,EDLDB.MRCH_SANDBOX.CBSA_ZIPCODE_MAPPING,EDLDB.MRCH_SANDBOX.MEDIAN_HOUSEHOLD_INCOME_ZIPCODE,EDLDB.MRCH_SANDBOX.CLINIC_PROFILE,EDLDB.MRCH_SANDBOX.CBSA_POPULATION,"active_customer_yoy_growth, active_customers_per_1000_households, clinic_orders_per_clinic, clinics_per_10000_households, corporate_clinic_share, practice_hub_clinic_share, veterinarians_per_10000_households",Hypothesis,True,market-attractiveness-synthetic-v1,1.0,SYNTHETIC_COMPLETE,prototype_ready,synthetic_prototype_only
proto:30d0ff1aa9,,"West Plains, MO","West Plains, MO",micropolitan,2026-07-31,2025-07-31,1579,1877.0,-0.158764,0.000264,22052.0,22052.0,71.60348267730818,39799.0,39799.0,32685.461538,32685.461538,8.0,8.0,11.0,11.0,3.6277888626881913,4.988209686196263,0.0,0.0,0.0,1.0,1.0,0.125,2925.0,2925.0,365.625,2013-12-26,2013-12-26,2020-03-12,2020-03-12,13.0,13.0,2026-07-31,2026-07-31,EDLDB.CDM.CUSTOMER_AGGREGATE_SNAPSHOT,EDLDB.MRCH_SANDBOX.CBSA_ZIPCODE_MAPPING,EDLDB.MRCH_SANDBOX.MEDIAN_HOUSEHOLD_INCOME_ZIPCODE,EDLDB.MRCH_SANDBOX.CLINIC_PROFILE,EDLDB.MRCH_SANDBOX.CBSA_POPULATION,"active_customer_yoy_growth, active_customers_per_1000_households, clinic_orders_per_clinic, clinics_per_10000_households, corporate_clinic_share, practice_hub_clinic_share, veterinarians_per_10000_households",Hypothesis,True,market-attractiveness-synthetic-v1,1.0,SYNTHETIC_COMPLETE,prototype_ready,synthetic_prototype_only
proto:6611fe47ef,,"Hood River, OR","Hood River, OR",micropolitan,2026-07-31,2025-07-31,1559,1695.0,-0.080236,0.101483,8213.0,8213.0,189.8210154632899,23962.0,23962.0,66654.5,66654.5,5.0,5.0,14.0,14.0,6.087909411907951,17.046146353342262,0.0,0.0,0.0,2.0,2.0,0.4,10589.0,10589.0,2117.8,2014-09-26,2014-09-26,2021-11-09,2021-11-09,2.0,2.0,2026-07-31,2026-07-31,EDLDB.CDM.CUSTOMER_AGGREGATE_SNAPSHOT,EDLDB.MRCH_SANDBOX.CBSA_ZIPCODE_MAPPING,EDLDB.MRCH_SANDBOX.MEDIAN_HOUSEHOLD_INCOME_ZIPCODE,EDLDB.MRCH_SANDBOX.CLINIC_PROFILE,EDLDB.MRCH_SANDBOX.CBSA_POPULATION,"active_customer_yoy_growth, active_customers_per_1000_households, clinic_orders_per_clinic, clinics_per_10000_households, corporate_clinic_share, practice_hub_clinic_share, veterinarians_per_10000_households",Hypothesis,True,market-attractiveness-synthetic-v1,1.0,SYNTHETIC_COMPLETE,prototype_ready,synthetic_prototype_only
proto:944678ea47,,"Coldwater, MI","Coldwater, MI",micropolitan,2026-07-31,2025-07-31,1551,1794.0,-0.135452,0.03356,14782.0,14782.0,104.92490867271005,44884.0,44884.0,52833.25,52833.25,5.0,5.0,8.0,8.0,3.3824922202678938,5.411987552428629,0.0,0.0,0.0,1.0,1.0,0.2,5520.0,5520.0,1104.0,2014-01-18,2014-01-18,2021-08-24,2021-08-24,4.0,4.0,2026-07-31,2026-07-31,EDLDB.CDM.CUSTOMER_AGGREGATE_SNAPSHOT,EDLDB.MRCH_SANDBOX.CBSA_ZIPCODE_MAPPING,EDLDB.MRCH_SANDBOX.MEDIAN_HOUSEHOLD_INCOME_ZIPCODE,EDLDB.MRCH_SANDBOX.CLINIC_PROFILE,EDLDB.MRCH_SANDBOX.CBSA_POPULATION,"active_customer_yoy_growth, active_customers_per_1000_households, clinic_orders_per_clinic, clinics_per_10000_households, corporate_clinic_share, practice_hub_clinic_share, veterinarians_per_10000_households",Hypothesis,True,market-attractiveness-synthetic-v1,1.0,SYNTHETIC_COMPLETE,prototype_ready,synthetic_prototype_only
proto:39c9a4f017,,"Elkins, WV","Elkins, WV",micropolitan,2026-07-31,2025-07-31,1543,1822.0,-0.153128,0.006948,12997.0,12997.0,118.7197045472032,27892.0,27892.0,37354.818182,37354.818182,6.0,6.0,12.0,12.0,4.616449949988459,9.232899899976918,0.0,0.0,0.0,0.0,0.0,0.0,3645.0,3645.0,607.5,2014-03-12,2014-03-12,2021-06-21,2021-06-21,22.0,22.0,2026-07-31,2026-07-31,EDLDB.CDM.CUSTOMER_AGGREGATE_SNAPSHOT,EDLDB.MRCH_SANDBOX.CBSA_ZIPCODE_MAPPING,EDLDB.MRCH_SANDBOX.MEDIAN_HOUSEHOLD_INCOME_ZIPCODE,EDLDB.MRCH_SANDBOX.CLINIC_PROFILE,EDLDB.MRCH_SANDBOX.CBSA_POPULATION,"active_customer_yoy_growth, active_customers_per_1000_households, clinic_orders_per_clinic, clinics_per_10000_households, corporate_clinic_share, practice_hub_clinic_share, veterinarians_per_10000_households",Hypothesis,True,market-attractiveness-synthetic-v1,1.0,SYNTHETIC_COMPLETE,prototype_ready,synthetic_prototype_only
proto:7789445f89,,"Mount Vernon, IL","Mount Vernon, IL",micropolitan,2026-07-31,2025-07-31,1542,1746.0,-0.116838,0.055923,17058.0,17058.0,90.39746746394653,36995.0,36995.0,57062.176471,57062.176471,2.0,2.0,2.0,2.0,1.172470395122523,1.172470395122523,0.0,0.0,0.0,2.0,2.0,1.0,6843.0,6843.0,3421.5,2014-02-24,2014-02-24,2014-10-19,2014-10-19,17.0,17.0,2026-07-31,2026-07-31,EDLDB.CDM.CUSTOMER_AGGREGATE_SNAPSHOT,EDLDB.MRCH_SANDBOX.CBSA_ZIPCODE_MAPPING,EDLDB.MRCH_SANDBOX.MEDIAN_HOUSEHOLD_INCOME_ZIPCODE,EDLDB.MRCH_SANDBOX.CLINIC_PROFILE,EDLDB.MRCH_SANDBOX.CBSA_POPULATION,"active_customer_yoy_growth, active_customers_per_1000_households, clinic_orders_per_clinic, clinics_per_10000_households, corporate_clinic_share, practice_hub_clinic_share, veterinarians_per_10000_households",Hypothesis,True,market-attractiveness-synthetic-v1,1.0,SYNTHETIC_COMPLETE,prototype_ready,synthetic_prototype_only
proto:a957557e5e,,"Muscatine, IA","Muscatine, IA",micropolitan,2026-07-31,2025-07-31,1539,1828.0,-0.158096,0.000715,15111.0,15111.0,101.84633710541989,43143.0,43143.0,64481.714286,64481.714286,5.0,5.0,8.0,8.0,3.308847859175435,5.294156574680697,0.0,0.0,0.0,0.0,0.0,0.0,5754.0,5754.0,1150.8,2014-06-03,2014-06-03,2021-01-08,2021-01-08,7.0,7.0,2026-07-31,2026-07-31,EDLDB.CDM.CUSTOMER_AGGREGATE_SNAPSHOT,EDLDB.MRCH_SANDBOX.CBSA_ZIPCODE_MAPPING,EDLDB.MRCH_SANDBOX.MEDIAN_HOUSEHOLD_INCOME_ZIPCODE,EDLDB.MRCH_SANDBOX.CLINIC_PROFILE,EDLDB.MRCH_SANDBOX.CBSA_POPULATION,"active_customer_yoy_growth, active_customers_per_1000_households, clinic_orders_per_clinic, clinics_per_10000_households, corporate_clinic_share, practice_hub_clinic_share, veterinarians_per_10000_households",Hypothesis,True,market-attractiveness-synthetic-v1,1.0,SYNTHETIC_COMPLETE,prototype_ready,synthetic_prototype_only
proto:1834ea7152,,"Sulphur Springs, TX","Sulphur Springs, TX",micropolitan,2026-07-31,2025-07-31,1526,1812.0,-0.157837,0.001385,17172.0,17172.0,88.86559515490333,36827.0,36827.0,55075.8,55075.8,7.0,7.0,6.0,6.0,4.07640344747263,3.4940600978336827,0.0,0.0,0.0,1.0,1.0,0.14285714285714285,3896.0,3896.0,556.5714285714286,2013-12-08,2013-12-08,2021-08-30,2021-08-30,10.0,10.0,2026-07-31,2026-07-31,EDLDB.CDM.CUSTOMER_AGGREGATE_SNAPSHOT,EDLDB.MRCH_SANDBOX.CBSA_ZIPCODE_MAPPING,EDLDB.MRCH_SANDBOX.MEDIAN_HOUSEHOLD_INCOME_ZIPCODE,EDLDB.MRCH_SANDBOX.CLINIC_PROFILE,EDLDB.MRCH_SANDBOX.CBSA_POPULATION,"active_customer_yoy_growth, active_customers_per_1000_households, clinic_orders_per_clinic, clinics_per_10000_households, corporate_clinic_share, practice_hub_clinic_share, veterinarians_per_10000_households",Hypothesis,True,market-attractiveness-synthetic-v1,1.0,SYNTHETIC_COMPLETE,prototype_ready,synthetic_prototype_only
proto:069844b1d2,,"Pella, IA","Pella, IA",micropolitan,2026-07-31,2025-07-31,1516,1815.0,-0.164738,-0.004926,14979.0,14979.0,101.2083583683824,33414.0,33414.0,52884.0,52884.0,7.0,7.0,9.0,9.0,4.673209159489953,6.008411776487082,0.0,0.0,0.0,2.0,2.0,0.2857142857142857,3939.0,3939.0,562.7142857142857,2012-10-26,2012-10-26,2019-01-25,2019-01-25,11.0,11.0,2026-07-31,2026-07-31,EDLDB.CDM.CUSTOMER_AGGREGATE_SNAPSHOT,EDLDB.MRCH_SANDBOX.CBSA_ZIPCODE_MAPPING,EDLDB.MRCH_SANDBOX.MEDIAN_HOUSEHOLD_INCOME_ZIPCODE,EDLDB.MRCH_SANDBOX.CLINIC_PROFILE,EDLDB.MRCH_SANDBOX.CBSA_POPULATION,"active_customer_yoy_growth, active_customers_per_1000_households, clinic_orders_per_clinic, clinics_per_10000_households, corporate_clinic_share, practice_hub_clinic_share, veterinarians_per_10000_households",Hypothesis,True,market-attractiveness-synthetic-v1,1.0,SYNTHETIC_COMPLETE,prototype_ready,synthetic_prototype_only
proto:b4d0cc7be8,,"Taylorville, IL","Taylorville, IL",micropolitan,2026-07-31,2025-07-31,1509,1762.0,-0.143587,0.020979,15120.0,15120.0,99.8015873015873,33960.0,33960.0,58634.928571,58634.928571,5.0,5.0,8.0,8.0,3.3068783068783065,5.291005291005291,0.0,0.0,0.0,0.0,0.0,0.0,7417.0,7417.0,1483.4,2013-06-20,2013-06-20,2022-11-23,2022-11-23,14.0,14.0,2026-07-31,2026-07-31,EDLDB.CDM.CUSTOMER_AGGREGATE_SNAPSHOT,EDLDB.MRCH_SANDBOX.CBSA_ZIPCODE_MAPPING,EDLDB.MRCH_SANDBOX.MEDIAN_HOUSEHOLD_INCOME_ZIPCODE,EDLDB.MRCH_SANDBOX.CLINIC_PROFILE,EDLDB.MRCH_SANDBOX.CBSA_POPULATION,"active_customer_yoy_growth, active_customers_per_1000_households, clinic_orders_per_clinic, clinics_per_10000_households, corporate_clinic_share, practice_hub_clinic_share, veterinarians_per_10000_households",Hypothesis,True,market-attractiveness-synthetic-v1,1.0,SYNTHETIC_COMPLETE,prototype_ready,synthetic_prototype_only
proto:4469d68698,,"Miami, OK","Miami, OK",micropolitan,2026-07-31,2025-07-31,1507,1884.0,-0.200106,-0.036101,21947.0,21947.0,68.6654212420832,30222.0,30222.0,42096.8,42096.8,5.0,5.0,4.0,4.0,2.2782157014626145,1.8225725611700916,0.0,0.0,0.0,1.0,1.0,0.2,1519.0,1519.0,303.8,2014-04-01,2014-04-01,2020-11-11,2020-11-11,10.0,10.0,2026-07-31,2026-07-31,EDLDB.CDM.CUSTOMER_AGGREGATE_SNAPSHOT,EDLDB.MRCH_SANDBOX.CBSA_ZIPCODE_MAPPING,EDLDB.MRCH_SANDBOX.MEDIAN_HOUSEHOLD_INCOME_ZIPCODE,EDLDB.MRCH_SANDBOX.CLINIC_PROFILE,EDLDB.MRCH_SANDBOX.CBSA_POPULATION,"active_customer_yoy_growth, active_customers_per_1000_households, clinic_orders_per_clinic, clinics_per_10000_households, corporate_clinic_share, practice_hub_clinic_share, veterinarians_per_10000_households",Hypothesis,True,market-attractiveness-synthetic-v1,1.0,SYNTHETIC_COMPLETE,prototype_ready,synthetic_prototype_only
proto:73378f3842,,"The Dalles, OR","The Dalles, OR",micropolitan,2026-07-31,2025-07-31,1506,1724.0,-0.12645,0.043259,10131.0,10131.0,148.65265028131478,26640.0,26640.0,40934.0,40934.0,3.0,3.0,6.0,6.0,2.961208172934557,5.922416345869114,0.0,0.0,0.0,1.0,1.0,0.3333333333333333,5645.0,5645.0,1881.6666666666667,2014-01-03,2014-01-03,2015-05-10,2015-05-10,7.0,7.0,2026-07-31,2026-07-31,EDLDB.CDM.CUSTOMER_AGGREGATE_SNAPSHOT,EDLDB.MRCH_SANDBOX.CBSA_ZIPCODE_MAPPING,EDLDB.MRCH_SANDBOX.MEDIAN_HOUSEHOLD_INCOME_ZIPCODE,EDLDB.MRCH_SANDBOX.CLINIC_PROFILE,EDLDB.MRCH_SANDBOX.CBSA_POPULATION,"active_customer_yoy_growth, active_customers_per_1000_households, clinic_orders_per_clinic, clinics_per_10000_households, corporate_clinic_share, practice_hub_clinic_share, veterinarians_per_10000_households",Hypothesis,True,market-attractiveness-synthetic-v1,1.0,SYNTHETIC_COMPLETE,prototype_ready,synthetic_prototype_only
proto:4003db6830,,"Nacogdoches, TX","Nacogdoches, TX",micropolitan,2026-07-31,2025-07-31,1483,1748.0,-0.151602,0.009798,21659.0,21659.0,68.47038182741585,64616.0,64616.0,41694.0,41694.0,10.0,10.0,14.0,14.0,4.617018329562768,6.463825661387876,0.0,0.0,0.0,1.0,1.0,0.1,5665.0,5665.0,566.5,2012-11-01,2012-11-01,2022-10-14,2022-10-14,8.0,8.0,2026-07-31,2026-07-31,EDLDB.CDM.CUSTOMER_AGGREGATE_SNAPSHOT,EDLDB.MRCH_SANDBOX.CBSA_ZIPCODE_MAPPING,EDLDB.MRCH_SANDBOX.MEDIAN_HOUSEHOLD_INCOME_ZIPCODE,EDLDB.MRCH_SANDBOX.CLINIC_PROFILE,EDLDB.MRCH_SANDBOX.CBSA_POPULATION,"active_customer_yoy_growth, active_customers_per_1000_households, clinic_orders_per_clinic, clinics_per_10000_households, corporate_clinic_share, practice_hub_clinic_share, veterinarians_per_10000_households",Hypothesis,True,market-attractiveness-synthetic-v1,1.0,SYNTHETIC_COMPLETE,prototype_ready,synthetic_prototype_only
proto:54387c463f,,"North Platte, NE","North Platte, NE",micropolitan,2026-07-31,2025-07-31,1480,1683.0,-0.120618,0.049736,16968.0,16968.0,87.22300801508723,35247.0,35247.0,61775.8125,61775.8125,8.0,8.0,7.0,7.0,4.714757190004715,4.125412541254126,0.0,0.0,0.0,0.0,0.0,0.0,1857.0,1857.0,232.125,2013-07-06,2013-07-06,2022-03-27,2022-03-27,16.0,16.0,2026-07-31,2026-07-31,EDLDB.CDM.CUSTOMER_AGGREGATE_SNAPSHOT,EDLDB.MRCH_SANDBOX.CBSA_ZIPCODE_MAPPING,EDLDB.MRCH_SANDBOX.MEDIAN_HOUSEHOLD_INCOME_ZIPCODE,EDLDB.MRCH_SANDBOX.CLINIC_PROFILE,EDLDB.MRCH_SANDBOX.CBSA_POPULATION,"active_customer_yoy_growth, active_customers_per_1000_households, clinic_orders_per_clinic, clinics_per_10000_households, corporate_clinic_share, practice_hub_clinic_share, veterinarians_per_10000_households",Hypothesis,True,market-attractiveness-synthetic-v1,1.0,SYNTHETIC_COMPLETE,prototype_ready,synthetic_prototype_only
proto:ed073460dc,,"Ottumwa, IA","Ottumwa, IA",micropolitan,2026-07-31,2025-07-31,1479,1752.0,-0.155822,0.00314,20337.0,20337.0,72.72459064758814,35326.0,35326.0,55404.0,55404.0,4.0,4.0,7.0,7.0,1.9668584353641148,3.442002261887201,0.0,0.0,0.0,2.0,2.0,0.5,2721.0,2721.0,680.25,2014-04-08,2014-04-08,2014-11-28,2014-11-28,11.0,11.0,2026-07-31,2026-07-31,EDLDB.CDM.CUSTOMER_AGGREGATE_SNAPSHOT,EDLDB.MRCH_SANDBOX.CBSA_ZIPCODE_MAPPING,EDLDB.MRCH_SANDBOX.MEDIAN_HOUSEHOLD_INCOME_ZIPCODE,EDLDB.MRCH_SANDBOX.CLINIC_PROFILE,EDLDB.MRCH_SANDBOX.CBSA_POPULATION,"active_customer_yoy_growth, active_customers_per_1000_households, clinic_orders_per_clinic, clinics_per_10000_households, corporate_clinic_share, practice_hub_clinic_share, veterinarians_per_10000_households",Hypothesis,True,market-attractiveness-synthetic-v1,1.0,SYNTHETIC_COMPLETE,prototype_ready,synthetic_prototype_only
proto:66bfc0848a,,"Pittsburg, KS","Pittsburg, KS",micropolitan,2026-07-31,2025-07-31,1479,1719.0,-0.139616,0.028271,21294.0,21294.0,69.45618484080022,38948.0,38948.0,41792.2,41792.2,5.0,5.0,9.0,9.0,2.348079271156194,4.22654268808115,0.0,0.0,0.0,1.0,1.0,0.2,3284.0,3284.0,656.8,2014-06-30,2014-06-30,2015-07-02,2015-07-02,15.0,15.0,2026-07-31,2026-07-31,EDLDB.CDM.CUSTOMER_AGGREGATE_SNAPSHOT,EDLDB.MRCH_SANDBOX.CBSA_ZIPCODE_MAPPING,EDLDB.MRCH_SANDBOX.MEDIAN_HOUSEHOLD_INCOME_ZIPCODE,EDLDB.MRCH_SANDBOX.CLINIC_PROFILE,EDLDB.MRCH_SANDBOX.CBSA_POPULATION,"active_customer_yoy_growth, active_customers_per_1000_households, clinic_orders_per_clinic, clinics_per_10000_households, corporate_clinic_share, practice_hub_clinic_share, veterinarians_per_10000_households",Hypothesis,True,market-attractiveness-synthetic-v1,1.0,SYNTHETIC_COMPLETE,prototype_ready,synthetic_prototype_only
proto:371b55554d,,"Durant, OK","Durant, OK",micropolitan,2026-07-31,2025-07-31,1473,1804.0,-0.183481,-0.02292,18871.0,18871.0,78.05627682687721,46330.0,46330.0,43882.153846,43882.153846,5.0,5.0,11.0,11.0,2.649568120396375,5.829049864872026,0.0,0.0,0.0,2.0,2.0,0.4,7382.0,7382.0,1476.4,2012-11-21,2012-11-21,2019-06-14,2019-06-14,13.0,13.0,2026-07-31,2026-07-31,EDLDB.CDM.CUSTOMER_AGGREGATE_SNAPSHOT,EDLDB.MRCH_SANDBOX.CBSA_ZIPCODE_MAPPING,EDLDB.MRCH_SANDBOX.MEDIAN_HOUSEHOLD_INCOME_ZIPCODE,EDLDB.MRCH_SANDBOX.CLINIC_PROFILE,EDLDB.MRCH_SANDBOX.CBSA_POPULATION,"active_customer_yoy_growth, active_customers_per_1000_households, clinic_orders_per_clinic, clinics_per_10000_households, corporate_clinic_share, practice_hub_clinic_share, veterinarians_per_10000_households",Hypothesis,True,market-attractiveness-synthetic-v1,1.0,SYNTHETIC_COMPLETE,prototype_ready,synthetic_prototype_only
proto:0ba57bd50f,,"Scottsboro, AL","Scottsboro, AL",micropolitan,2026-07-31,2025-07-31,1469,1780.0,-0.174719,-0.014147,20021.0,20021.0,73.37295839368663,52545.0,52545.0,39738.0,39738.0,9.0,9.0,9.0,9.0,4.495279956046152,4.495279956046152,0.0,0.0,0.0,3.0,3.0,0.3333333333333333,8207.0,8207.0,911.8888888888889,2012-10-18,2012-10-18,2022-08-08,2022-08-08,16.0,16.0,2026-07-31,2026-07-31,EDLDB.CDM.CUSTOMER_AGGREGATE_SNAPSHOT,EDLDB.MRCH_SANDBOX.CBSA_ZIPCODE_MAPPING,EDLDB.MRCH_SANDBOX.MEDIAN_HOUSEHOLD_INCOME_ZIPCODE,EDLDB.MRCH_SANDBOX.CLINIC_PROFILE,EDLDB.MRCH_SANDBOX.CBSA_POPULATION,"active_customer_yoy_growth, active_customers_per_1000_households, clinic_orders_per_clinic, clinics_per_10000_households, corporate_clinic_share, practice_hub_clinic_share, veterinarians_per_10000_households",Hypothesis,True,market-attractiveness-synthetic-v1,1.0,SYNTHETIC_COMPLETE,prototype_ready,synthetic_prototype_only
proto:46d82f6c47,,"Jacksonville, IL","Jacksonville, IL",micropolitan,2026-07-31,2025-07-31,1464,1725.0,-0.151304,0.010797,16149.0,16149.0,90.65576815901913,37786.0,37786.0,52494.833333,52494.833333,5.0,5.0,7.0,7.0,3.096166945321692,4.334633723450368,0.0,0.0,0.0,3.0,3.0,0.6,5654.0,5654.0,1130.8,2013-11-30,2013-11-30,2015-03-13,2015-03-13,12.0,12.0,2026-07-31,2026-07-31,EDLDB.CDM.CUSTOMER_AGGREGATE_SNAPSHOT,EDLDB.MRCH_SANDBOX.CBSA_ZIPCODE_MAPPING,EDLDB.MRCH_SANDBOX.MEDIAN_HOUSEHOLD_INCOME_ZIPCODE,EDLDB.MRCH_SANDBOX.CLINIC_PROFILE,EDLDB.MRCH_SANDBOX.CBSA_POPULATION,"active_customer_yoy_growth, active_customers_per_1000_households, clinic_orders_per_clinic, clinics_per_10000_households, corporate_clinic_share, practice_hub_clinic_share, veterinarians_per_10000_households",Hypothesis,True,market-attractiveness-synthetic-v1,1.0,SYNTHETIC_COMPLETE,prototype_ready,synthetic_prototype_only
proto:d51914e2bc,,"Shawano, WI","Shawano, WI",micropolitan,2026-07-31,2025-07-31,1462,1671.0,-0.125075,0.044302,12432.0,12432.0,117.5997425997426,45112.0,45112.0,48328.727273,48328.727273,3.0,3.0,3.0,3.0,2.413127413127413,2.413127413127413,0.0,0.0,0.0,2.0,2.0,0.6666666666666666,4205.0,4205.0,1401.6666666666667,2013-04-25,2013-04-25,2019-11-29,2019-11-29,11.0,11.0,2026-07-31,2026-07-31,EDLDB.CDM.CUSTOMER_AGGREGATE_SNAPSHOT,EDLDB.MRCH_SANDBOX.CBSA_ZIPCODE_MAPPING,EDLDB.MRCH_SANDBOX.MEDIAN_HOUSEHOLD_INCOME_ZIPCODE,EDLDB.MRCH_SANDBOX.CLINIC_PROFILE,EDLDB.MRCH_SANDBOX.CBSA_POPULATION,"active_customer_yoy_growth, active_customers_per_1000_households, clinic_orders_per_clinic, clinics_per_10000_households, corporate_clinic_share, practice_hub_clinic_share, veterinarians_per_10000_households",Hypothesis,True,market-attractiveness-synthetic-v1,1.0,SYNTHETIC_COMPLETE,prototype_ready,synthetic_prototype_only
proto:59e829b174,,"McAlester, OK","McAlester, OK",micropolitan,2026-07-31,2025-07-31,1458,1799.0,-0.18955,-0.029247,25128.0,25128.0,58.022922636103154,43788.0,43788.0,49461.722222,49461.722222,7.0,7.0,8.0,8.0,2.785737026424705,3.183699458771092,0.0,0.0,0.0,3.0,3.0,0.42857142857142855,2851.0,2851.0,407.2857142857143,2014-03-01,2014-03-01,2014-12-03,2014-12-03,18.0,18.0,2026-07-31,2026-07-31,EDLDB.CDM.CUSTOMER_AGGREGATE_SNAPSHOT,EDLDB.MRCH_SANDBOX.CBSA_ZIPCODE_MAPPING,EDLDB.MRCH_SANDBOX.MEDIAN_HOUSEHOLD_INCOME_ZIPCODE,EDLDB.MRCH_SANDBOX.CLINIC_PROFILE,EDLDB.MRCH_SANDBOX.CBSA_POPULATION,"active_customer_yoy_growth, active_customers_per_1000_households, clinic_orders_per_clinic, clinics_per_10000_households, corporate_clinic_share, practice_hub_clinic_share, veterinarians_per_10000_households",Hypothesis,True,market-attractiveness-synthetic-v1,1.0,SYNTHETIC_COMPLETE,prototype_ready,synthetic_prototype_only
proto:071a4c1746,,"Hannibal, MO","Hannibal, MO",micropolitan,2026-07-31,2025-07-31,1453,1694.0,-0.142267,0.023413,17381.0,17381.0,83.5970312410103,38844.0,38844.0,48039.846154,48039.846154,7.0,7.0,10.0,10.0,4.0273862263391065,5.753408894770152,0.0,0.0,0.0,1.0,1.0,0.14285714285714285,5172.0,5172.0,738.8571428571429,2012-11-21,2012-11-21,2015-07-09,2015-07-09,13.0,13.0,2026-07-31,2026-07-31,EDLDB.CDM.CUSTOMER_AGGREGATE_SNAPSHOT,EDLDB.MRCH_SANDBOX.CBSA_ZIPCODE_MAPPING,EDLDB.MRCH_SANDBOX.MEDIAN_HOUSEHOLD_INCOME_ZIPCODE,EDLDB.MRCH_SANDBOX.CLINIC_PROFILE,EDLDB.MRCH_SANDBOX.CBSA_POPULATION,"active_customer_yoy_growth, active_customers_per_1000_households, clinic_orders_per_clinic, clinics_per_10000_households, corporate_clinic_share, practice_hub_clinic_share, veterinarians_per_10000_households",Hypothesis,True,market-attractiveness-synthetic-v1,1.0,SYNTHETIC_COMPLETE,prototype_ready,synthetic_prototype_only
proto:0a73f4dc83,,"Peru, IN","Peru, IN",micropolitan,2026-07-31,2025-07-31,1449,1697.0,-0.14614,0.018152,12275.0,12275.0,118.04480651731161,35906.0,35906.0,52012.428571,52012.428571,5.0,5.0,5.0,5.0,4.0733197556008145,4.0733197556008145,0.0,0.0,0.0,2.0,2.0,0.4,2939.0,2939.0,587.8,2014-10-26,2014-10-26,2020-01-13,2020-01-13,7.0,7.0,2026-07-31,2026-07-31,EDLDB.CDM.CUSTOMER_AGGREGATE_SNAPSHOT,EDLDB.MRCH_SANDBOX.CBSA_ZIPCODE_MAPPING,EDLDB.MRCH_SANDBOX.MEDIAN_HOUSEHOLD_INCOME_ZIPCODE,EDLDB.MRCH_SANDBOX.CLINIC_PROFILE,EDLDB.MRCH_SANDBOX.CBSA_POPULATION,"active_customer_yoy_growth, active_customers_per_1000_households, clinic_orders_per_clinic, clinics_per_10000_households, corporate_clinic_share, practice_hub_clinic_share, veterinarians_per_10000_households",Hypothesis,True,market-attractiveness-synthetic-v1,1.0,SYNTHETIC_COMPLETE,prototype_ready,synthetic_prototype_only
proto:2f9340aaab,,"Fremont, OH","Fremont, OH",micropolitan,2026-07-31,2025-07-31,1437,1665.0,-0.136937,0.032038,10356.0,10356.0,138.76013904982617,,25885.0,54851.8,54851.8,9.0,9.0,13.0,13.0,8.690614136732329,12.553109308613365,0.0,0.0,0.0,3.0,3.0,0.3333333333333333,8206.0,8206.0,911.7777777777778,2013-10-30,2013-10-30,2022-02-15,2022-02-15,5.0,5.0,2026-07-31,2026-07-31,EDLDB.CDM.CUSTOMER_AGGREGATE_SNAPSHOT,EDLDB.MRCH_SANDBOX.CBSA_ZIPCODE_MAPPING,EDLDB.MRCH_SANDBOX.MEDIAN_HOUSEHOLD_INCOME_ZIPCODE,EDLDB.MRCH_SANDBOX.CLINIC_PROFILE,EDLDB.MRCH_SANDBOX.CBSA_POPULATION,"active_customer_yoy_growth, active_customers_per_1000_households, clinic_orders_per_clinic, clinics_per_10000_households, corporate_clinic_share, practice_hub_clinic_share, total_population, veterinarians_per_10000_households",Hypothesis,True,market-attractiveness-synthetic-v1,1.0,SYNTHETIC_COMPLETE,prototype_ready,synthetic_prototype_only
proto:3fff454f6d,,"Celina, OH","Celina, OH",micropolitan,2026-07-31,2025-07-31,1424,1656.0,-0.140097,0.027616,16092.0,16092.0,88.49117573949789,42542.0,42542.0,65683.2,65683.2,7.0,7.0,12.0,12.0,4.349987571464082,7.457121551081282,0.0,0.0,0.0,0.0,0.0,0.0,2426.0,2426.0,346.57142857142856,2013-11-28,2013-11-28,2019-06-23,2019-06-23,10.0,10.0,2026-07-31,2026-07-31,EDLDB.CDM.CUSTOMER_AGGREGATE_SNAPSHOT,EDLDB.MRCH_SANDBOX.CBSA_ZIPCODE_MAPPING,EDLDB.MRCH_SANDBOX.MEDIAN_HOUSEHOLD_INCOME_ZIPCODE,EDLDB.MRCH_SANDBOX.CLINIC_PROFILE,EDLDB.MRCH_SANDBOX.CBSA_POPULATION,"active_customer_yoy_growth, active_customers_per_1000_households, clinic_orders_per_clinic, clinics_per_10000_households, corporate_clinic_share, practice_hub_clinic_share, veterinarians_per_10000_households",Hypothesis,True,market-attractiveness-synthetic-v1,1.0,SYNTHETIC_COMPLETE,prototype_ready,synthetic_prototype_only
proto:d8f8614864,,"Plymouth, IN","Plymouth, IN",micropolitan,2026-07-31,2025-07-31,1423,1729.0,-0.176981,-0.015997,11077.0,11077.0,128.46438566398842,,27687.0,56596.571429,56596.571429,6.0,6.0,17.0,17.0,5.416629051187144,15.347115645030241,0.0,0.0,0.0,3.0,3.0,0.5,16086.0,16086.0,2681.0,2013-08-27,2013-08-27,2020-02-20,2020-02-20,7.0,7.0,2026-07-31,2026-07-31,EDLDB.CDM.CUSTOMER_AGGREGATE_SNAPSHOT,EDLDB.MRCH_SANDBOX.CBSA_ZIPCODE_MAPPING,EDLDB.MRCH_SANDBOX.MEDIAN_HOUSEHOLD_INCOME_ZIPCODE,EDLDB.MRCH_SANDBOX.CLINIC_PROFILE,EDLDB.MRCH_SANDBOX.CBSA_POPULATION,"active_customer_yoy_growth, active_customers_per_1000_households, clinic_orders_per_clinic, clinics_per_10000_households, corporate_clinic_share, practice_hub_clinic_share, total_population, veterinarians_per_10000_households",Hypothesis,True,market-attractiveness-synthetic-v1,1.0,SYNTHETIC_COMPLETE,prototype_ready,synthetic_prototype_only
proto:9d0cf6a010,,"New Castle, IN","New Castle, IN",micropolitan,2026-07-31,2025-07-31,1423,1644.0,-0.134428,0.034518,13108.0,13108.0,108.55965822398535,48903.0,48903.0,50225.8,50225.8,11.0,11.0,15.0,15.0,8.391821788220934,11.443393347574,0.0,0.0,0.0,3.0,3.0,0.2727272727272727,12692.0,12692.0,1153.8181818181818,2014-01-29,2014-01-29,2020-11-02,2020-11-02,10.0,10.0,2026-07-31,2026-07-31,EDLDB.CDM.CUSTOMER_AGGREGATE_SNAPSHOT,EDLDB.MRCH_SANDBOX.CBSA_ZIPCODE_MAPPING,EDLDB.MRCH_SANDBOX.MEDIAN_HOUSEHOLD_INCOME_ZIPCODE,EDLDB.MRCH_SANDBOX.CLINIC_PROFILE,EDLDB.MRCH_SANDBOX.CBSA_POPULATION,"active_customer_yoy_growth, active_customers_per_1000_households, clinic_orders_per_clinic, clinics_per_10000_households, corporate_clinic_share, practice_hub_clinic_share, veterinarians_per_10000_households",Hypothesis,True,market-attractiveness-synthetic-v1,1.0,SYNTHETIC_COMPLETE,prototype_ready,synthetic_prototype_only
proto:a4f4858a2f,,"Wilmington, OH","Wilmington, OH",micropolitan,2026-07-31,2025-07-31,1414,1651.0,-0.143549,0.021167,11150.0,11150.0,126.81614349775785,42028.0,42028.0,45252.2,45252.2,11.0,11.0,14.0,14.0,9.865470852017937,12.556053811659194,0.0,0.0,0.0,3.0,3.0,0.2727272727272727,11557.0,11557.0,1050.6363636363637,2013-12-16,2013-12-16,2023-07-25,2023-07-25,5.0,5.0,2026-07-31,2026-07-31,EDLDB.CDM.CUSTOMER_AGGREGATE_SNAPSHOT,EDLDB.MRCH_SANDBOX.CBSA_ZIPCODE_MAPPING,EDLDB.MRCH_SANDBOX.MEDIAN_HOUSEHOLD_INCOME_ZIPCODE,EDLDB.MRCH_SANDBOX.CLINIC_PROFILE,EDLDB.MRCH_SANDBOX.CBSA_POPULATION,"active_customer_yoy_growth, active_customers_per_1000_households, clinic_orders_per_clinic, clinics_per_10000_households, corporate_clinic_share, practice_hub_clinic_share, veterinarians_per_10000_households",Hypothesis,True,market-attractiveness-synthetic-v1,1.0,SYNTHETIC_COMPLETE,prototype_ready,synthetic_prototype_only
proto:232a551fc4,,"Auburn, NY","Auburn, NY",micropolitan,2026-07-31,2025-07-31,1405,1542.0,-0.088846,0.091416,7040.0,7040.0,199.57386363636365,,17597.0,64759.181818,64759.181818,14.0,14.0,21.0,21.0,19.886363636363633,29.829545454545457,0.0,0.0,0.0,2.0,2.0,0.14285714285714285,22304.0,22304.0,1593.142857142857,2013-03-13,2013-03-13,2022-10-07,2022-10-07,11.0,11.0,2026-07-31,2026-07-31,EDLDB.CDM.CUSTOMER_AGGREGATE_SNAPSHOT,EDLDB.MRCH_SANDBOX.CBSA_ZIPCODE_MAPPING,EDLDB.MRCH_SANDBOX.MEDIAN_HOUSEHOLD_INCOME_ZIPCODE,EDLDB.MRCH_SANDBOX.CLINIC_PROFILE,EDLDB.MRCH_SANDBOX.CBSA_POPULATION,"active_customer_yoy_growth, active_customers_per_1000_households, clinic_orders_per_clinic, clinics_per_10000_households, corporate_clinic_share, practice_hub_clinic_share, total_population, veterinarians_per_10000_households",Hypothesis,True,market-attractiveness-synthetic-v1,1.0,SYNTHETIC_COMPLETE,prototype_ready,synthetic_prototype_only
proto:6a28b9f442,,"Mayfield, KY","Mayfield, KY",micropolitan,2026-07-31,2025-07-31,1389,1559.0,-0.109044,0.06861,17052.0,17052.0,81.4567206192822,36528.0,36528.0,48149.692308,48149.692308,3.0,3.0,10.0,10.0,1.7593244194229416,5.864414731409806,0.0,0.0,0.0,3.0,3.0,1.0,8596.0,8596.0,2865.3333333333335,2013-10-16,2013-10-16,2015-02-19,2015-02-19,13.0,13.0,2026-07-31,2026-07-31,EDLDB.CDM.CUSTOMER_AGGREGATE_SNAPSHOT,EDLDB.MRCH_SANDBOX.CBSA_ZIPCODE_MAPPING,EDLDB.MRCH_SANDBOX.MEDIAN_HOUSEHOLD_INCOME_ZIPCODE,EDLDB.MRCH_SANDBOX.CLINIC_PROFILE,EDLDB.MRCH_SANDBOX.CBSA_POPULATION,"active_customer_yoy_growth, active_customers_per_1000_households, clinic_orders_per_clinic, clinics_per_10000_households, corporate_clinic_share, practice_hub_clinic_share, veterinarians_per_10000_households",Hypothesis,True,market-attractiveness-synthetic-v1,1.0,SYNTHETIC_COMPLETE,prototype_ready,synthetic_prototype_only
proto:d5c19bd27a,,"Madisonville, KY","Madisonville, KY",micropolitan,2026-07-31,2025-07-31,1387,1647.0,-0.157863,0.001162,16155.0,16155.0,85.85577220674713,45369.0,45369.0,48703.5,48703.5,3.0,3.0,4.0,4.0,1.8570102135561743,2.4760136180748997,0.0,0.0,0.0,2.0,2.0,0.6666666666666666,4142.0,4142.0,1380.6666666666667,2014-06-15,2014-06-15,2015-04-03,2015-04-03,8.0,8.0,2026-07-31,2026-07-31,EDLDB.CDM.CUSTOMER_AGGREGATE_SNAPSHOT,EDLDB.MRCH_SANDBOX.CBSA_ZIPCODE_MAPPING,EDLDB.MRCH_SANDBOX.MEDIAN_HOUSEHOLD_INCOME_ZIPCODE,EDLDB.MRCH_SANDBOX.CLINIC_PROFILE,EDLDB.MRCH_SANDBOX.CBSA_POPULATION,"active_customer_yoy_growth, active_customers_per_1000_households, clinic_orders_per_clinic, clinics_per_10000_households, corporate_clinic_share, practice_hub_clinic_share, veterinarians_per_10000_households",Hypothesis,True,market-attractiveness-synthetic-v1,1.0,SYNTHETIC_COMPLETE,prototype_ready,synthetic_prototype_only
proto:0808d9c08f,,"Martin, TN","Martin, TN",micropolitan,2026-07-31,2025-07-31,1384,1692.0,-0.182033,-0.021423,16729.0,16729.0,82.73058760236715,32903.0,32903.0,38391.375,38391.375,7.0,7.0,6.0,6.0,4.18435052902146,3.58658616773268,0.0,0.0,0.0,4.0,4.0,0.5714285714285714,3354.0,3354.0,479.14285714285717,2013-11-21,2013-11-21,2021-12-08,2021-12-08,8.0,8.0,2026-07-31,2026-07-31,EDLDB.CDM.CUSTOMER_AGGREGATE_SNAPSHOT,EDLDB.MRCH_SANDBOX.CBSA_ZIPCODE_MAPPING,EDLDB.MRCH_SANDBOX.MEDIAN_HOUSEHOLD_INCOME_ZIPCODE,EDLDB.MRCH_SANDBOX.CLINIC_PROFILE,EDLDB.MRCH_SANDBOX.CBSA_POPULATION,"active_customer_yoy_growth, active_customers_per_1000_households, clinic_orders_per_clinic, clinics_per_10000_households, corporate_clinic_share, practice_hub_clinic_share, veterinarians_per_10000_households",Hypothesis,True,market-attractiveness-synthetic-v1,1.0,SYNTHETIC_COMPLETE,prototype_ready,synthetic_prototype_only
proto:bc55a1fc42,,"Corsicana, TX","Corsicana, TX",micropolitan,2026-07-31,2025-07-31,1381,1706.0,-0.190504,-0.029719,18722.0,18722.0,73.76348680696506,52838.0,52838.0,50823.384615,50823.384615,7.0,7.0,8.0,8.0,3.738916782395043,4.273047751308621,0.0,0.0,0.0,3.0,3.0,0.42857142857142855,2929.0,2929.0,418.42857142857144,2013-07-10,2013-07-10,2022-09-01,2022-09-01,13.0,13.0,2026-07-31,2026-07-31,EDLDB.CDM.CUSTOMER_AGGREGATE_SNAPSHOT,EDLDB.MRCH_SANDBOX.CBSA_ZIPCODE_MAPPING,EDLDB.MRCH_SANDBOX.MEDIAN_HOUSEHOLD_INCOME_ZIPCODE,EDLDB.MRCH_SANDBOX.CLINIC_PROFILE,EDLDB.MRCH_SANDBOX.CBSA_POPULATION,"active_customer_yoy_growth, active_customers_per_1000_households, clinic_orders_per_clinic, clinics_per_10000_households, corporate_clinic_share, practice_hub_clinic_share, veterinarians_per_10000_households",Hypothesis,True,market-attractiveness-synthetic-v1,1.0,SYNTHETIC_COMPLETE,prototype_ready,synthetic_prototype_only
proto:9fbbb2ca6b,,"Bartlesville, OK","Bartlesville, OK",micropolitan,2026-07-31,2025-07-31,1378,1538.0,-0.104031,0.075301,13035.0,13035.0,105.71538166474875,52615.0,52615.0,61439.25,61439.25,13.0,13.0,17.0,17.0,9.973149213655542,13.041810510164941,0.0,0.0,0.0,2.0,2.0,0.15384615384615385,14674.0,14674.0,1128.7692307692307,2013-10-09,2013-10-09,2023-10-13,2023-10-13,4.0,4.0,2026-07-31,2026-07-31,EDLDB.CDM.CUSTOMER_AGGREGATE_SNAPSHOT,EDLDB.MRCH_SANDBOX.CBSA_ZIPCODE_MAPPING,EDLDB.MRCH_SANDBOX.MEDIAN_HOUSEHOLD_INCOME_ZIPCODE,EDLDB.MRCH_SANDBOX.CLINIC_PROFILE,EDLDB.MRCH_SANDBOX.CBSA_POPULATION,"active_customer_yoy_growth, active_customers_per_1000_households, clinic_orders_per_clinic, clinics_per_10000_households, corporate_clinic_share, practice_hub_clinic_share, veterinarians_per_10000_households",Hypothesis,True,market-attractiveness-synthetic-v1,1.0,SYNTHETIC_COMPLETE,prototype_ready,synthetic_prototype_only
proto:2ff073726d,,"Amsterdam, NY","Amsterdam, NY",micropolitan,2026-07-31,2025-07-31,1374,1574.0,-0.127065,0.042846,7247.0,7247.0,189.59569477024976,,18114.0,50306.0,50306.0,14.0,14.0,24.0,24.0,19.318338622878432,33.117151924934454,0.0,0.0,0.0,2.0,2.0,0.14285714285714285,14856.0,14856.0,1061.142857142857,2013-07-17,2013-07-17,2022-12-28,2022-12-28,9.0,9.0,2026-07-31,2026-07-31,EDLDB.CDM.CUSTOMER_AGGREGATE_SNAPSHOT,EDLDB.MRCH_SANDBOX.CBSA_ZIPCODE_MAPPING,EDLDB.MRCH_SANDBOX.MEDIAN_HOUSEHOLD_INCOME_ZIPCODE,EDLDB.MRCH_SANDBOX.CLINIC_PROFILE,EDLDB.MRCH_SANDBOX.CBSA_POPULATION,"active_customer_yoy_growth, active_customers_per_1000_households, clinic_orders_per_clinic, clinics_per_10000_households, corporate_clinic_share, practice_hub_clinic_share, total_population, veterinarians_per_10000_households",Hypothesis,True,market-attractiveness-synthetic-v1,1.0,SYNTHETIC_COMPLETE,prototype_ready,synthetic_prototype_only
proto:f7f0a5e0d9,,"Susanville, CA","Susanville, CA",micropolitan,2026-07-31,2025-07-31,1372,1511.0,-0.091992,0.088618,9440.0,9440.0,145.33898305084747,32315.0,32315.0,40787.357143,40787.357143,4.0,4.0,5.0,5.0,4.237288135593221,5.296610169491525,0.0,0.0,0.0,0.0,0.0,0.0,3106.0,3106.0,776.5,2013-04-20,2013-04-20,2019-01-13,2019-01-13,14.0,14.0,2026-07-31,2026-07-31,EDLDB.CDM.CUSTOMER_AGGREGATE_SNAPSHOT,EDLDB.MRCH_SANDBOX.CBSA_ZIPCODE_MAPPING,EDLDB.MRCH_SANDBOX.MEDIAN_HOUSEHOLD_INCOME_ZIPCODE,EDLDB.MRCH_SANDBOX.CLINIC_PROFILE,EDLDB.MRCH_SANDBOX.CBSA_POPULATION,"active_customer_yoy_growth, active_customers_per_1000_households, clinic_orders_per_clinic, clinics_per_10000_households, corporate_clinic_share, practice_hub_clinic_share, veterinarians_per_10000_households",Hypothesis,True,market-attractiveness-synthetic-v1,1.0,SYNTHETIC_COMPLETE,prototype_ready,synthetic_prototype_only
proto:23048e7ed5,,"Richmond, IN","Richmond, IN",micropolitan,2026-07-31,2025-07-31,1372,1531.0,-0.103854,0.075715,10218.0,10218.0,134.27285183010375,,25540.0,55889.083333,55889.083333,13.0,13.0,12.0,12.0,12.722646310432571,11.743981209630064,0.0,0.0,0.0,4.0,4.0,0.3076923076923077,15189.0,15189.0,1168.3846153846155,2014-09-03,2014-09-03,2023-04-08,2023-04-08,12.0,12.0,2026-07-31,2026-07-31,EDLDB.CDM.CUSTOMER_AGGREGATE_SNAPSHOT,EDLDB.MRCH_SANDBOX.CBSA_ZIPCODE_MAPPING,EDLDB.MRCH_SANDBOX.MEDIAN_HOUSEHOLD_INCOME_ZIPCODE,EDLDB.MRCH_SANDBOX.CLINIC_PROFILE,EDLDB.MRCH_SANDBOX.CBSA_POPULATION,"active_customer_yoy_growth, active_customers_per_1000_households, clinic_orders_per_clinic, clinics_per_10000_households, corporate_clinic_share, practice_hub_clinic_share, total_population, veterinarians_per_10000_households",Hypothesis,True,market-attractiveness-synthetic-v1,1.0,SYNTHETIC_COMPLETE,prototype_ready,synthetic_prototype_only
proto:9d29670583,,"Brookings, SD","Brookings, SD",micropolitan,2026-07-31,2025-07-31,1367,1550.0,-0.118065,0.053946,14448.0,14448.0,94.61517165005537,34343.0,34343.0,63245.1,63245.1,7.0,7.0,12.0,12.0,4.844961240310077,8.305647840531561,0.0,0.0,0.0,1.0,1.0,0.14285714285714285,3288.0,3288.0,469.7142857142857,2014-05-06,2014-05-06,2022-07-15,2022-07-15,10.0,10.0,2026-07-31,2026-07-31,EDLDB.CDM.CUSTOMER_AGGREGATE_SNAPSHOT,EDLDB.MRCH_SANDBOX.CBSA_ZIPCODE_MAPPING,EDLDB.MRCH_SANDBOX.MEDIAN_HOUSEHOLD_INCOME_ZIPCODE,EDLDB.MRCH_SANDBOX.CLINIC_PROFILE,EDLDB.MRCH_SANDBOX.CBSA_POPULATION,"active_customer_yoy_growth, active_customers_per_1000_households, clinic_orders_per_clinic, clinics_per_10000_households, corporate_clinic_share, practice_hub_clinic_share, veterinarians_per_10000_households",Hypothesis,True,market-attractiveness-synthetic-v1,1.0,SYNTHETIC_COMPLETE,prototype_ready,synthetic_prototype_only
proto:80fb835a91,,"Madison, IN","Madison, IN",micropolitan,2026-07-31,2025-07-31,1358,1539.0,-0.117609,0.054679,12851.0,12851.0,105.67271029491869,33100.0,33100.0,55725.6,55725.6,4.0,4.0,8.0,8.0,3.1125982413819933,6.2251964827639865,0.0,0.0,0.0,3.0,3.0,0.75,8170.0,8170.0,2042.5,2012-11-01,2012-11-01,2014-09-28,2014-09-28,5.0,5.0,2026-07-31,2026-07-31,EDLDB.CDM.CUSTOMER_AGGREGATE_SNAPSHOT,EDLDB.MRCH_SANDBOX.CBSA_ZIPCODE_MAPPING,EDLDB.MRCH_SANDBOX.MEDIAN_HOUSEHOLD_INCOME_ZIPCODE,EDLDB.MRCH_SANDBOX.CLINIC_PROFILE,EDLDB.MRCH_SANDBOX.CBSA_POPULATION,"active_customer_yoy_growth, active_customers_per_1000_households, clinic_orders_per_clinic, clinics_per_10000_households, corporate_clinic_share, practice_hub_clinic_share, veterinarians_per_10000_households",Hypothesis,True,market-attractiveness-synthetic-v1,1.0,SYNTHETIC_COMPLETE,prototype_ready,synthetic_prototype_only
proto:386be48d01,,"Mount Pleasant, MI","Mount Pleasant, MI",micropolitan,2026-07-31,2025-07-31,1351,1625.0,-0.168615,-0.008241,10628.0,10628.0,127.11704930372599,,26565.0,46293.666667,46293.666667,12.0,12.0,15.0,15.0,11.290929619872037,14.113662024840044,0.0,0.0,0.0,3.0,3.0,0.25,11084.0,11084.0,923.6666666666666,2014-01-28,2014-01-28,2023-09-10,2023-09-10,6.0,6.0,2026-07-31,2026-07-31,EDLDB.CDM.CUSTOMER_AGGREGATE_SNAPSHOT,EDLDB.MRCH_SANDBOX.CBSA_ZIPCODE_MAPPING,EDLDB.MRCH_SANDBOX.MEDIAN_HOUSEHOLD_INCOME_ZIPCODE,EDLDB.MRCH_SANDBOX.CLINIC_PROFILE,EDLDB.MRCH_SANDBOX.CBSA_POPULATION,"active_customer_yoy_growth, active_customers_per_1000_households, clinic_orders_per_clinic, clinics_per_10000_households, corporate_clinic_share, practice_hub_clinic_share, total_population, veterinarians_per_10000_households",Hypothesis,True,market-attractiveness-synthetic-v1,1.0,SYNTHETIC_COMPLETE,prototype_ready,synthetic_prototype_only
proto:f6f8085386,,"Silver City, NM","Silver City, NM",micropolitan,2026-07-31,2025-07-31,1349,1490.0,-0.094631,0.086708,11831.0,11831.0,114.0224833065675,28205.0,28205.0,20100.294118,20100.294118,6.0,6.0,8.0,8.0,5.071422534020793,6.761896712027724,0.0,0.0,0.0,1.0,1.0,0.16666666666666666,6755.0,6755.0,1125.8333333333333,2013-10-01,2013-10-01,2016-07-26,2016-07-26,17.0,17.0,2026-07-31,2026-07-31,EDLDB.CDM.CUSTOMER_AGGREGATE_SNAPSHOT,EDLDB.MRCH_SANDBOX.CBSA_ZIPCODE_MAPPING,EDLDB.MRCH_SANDBOX.MEDIAN_HOUSEHOLD_INCOME_ZIPCODE,EDLDB.MRCH_SANDBOX.CLINIC_PROFILE,EDLDB.MRCH_SANDBOX.CBSA_POPULATION,"active_customer_yoy_growth, active_customers_per_1000_households, clinic_orders_per_clinic, clinics_per_10000_households, corporate_clinic_share, practice_hub_clinic_share, veterinarians_per_10000_households",Hypothesis,True,market-attractiveness-synthetic-v1,1.0,SYNTHETIC_COMPLETE,prototype_ready,synthetic_prototype_only
proto:a25236dbd4,,"Dayton, TN","Dayton, TN",micropolitan,2026-07-31,2025-07-31,1344,1588.0,-0.153652,0.005908,12511.0,12511.0,107.42546559028055,,31271.0,49123.75,49123.75,4.0,4.0,9.0,9.0,3.197186475901207,7.193669570777716,0.0,0.0,0.0,2.0,2.0,0.5,4221.0,4221.0,1055.25,2014-09-29,2014-09-29,2023-08-02,2023-08-02,4.0,4.0,2026-07-31,2026-07-31,EDLDB.CDM.CUSTOMER_AGGREGATE_SNAPSHOT,EDLDB.MRCH_SANDBOX.CBSA_ZIPCODE_MAPPING,EDLDB.MRCH_SANDBOX.MEDIAN_HOUSEHOLD_INCOME_ZIPCODE,EDLDB.MRCH_SANDBOX.CLINIC_PROFILE,EDLDB.MRCH_SANDBOX.CBSA_POPULATION,"active_customer_yoy_growth, active_customers_per_1000_households, clinic_orders_per_clinic, clinics_per_10000_households, corporate_clinic_share, practice_hub_clinic_share, total_population, veterinarians_per_10000_households",Hypothesis,True,market-attractiveness-synthetic-v1,1.0,SYNTHETIC_COMPLETE,prototype_ready,synthetic_prototype_only
proto:70301da5b5,,"Pontiac, IL","Pontiac, IL",micropolitan,2026-07-31,2025-07-31,1325,1552.0,-0.146263,0.017583,10147.0,10147.0,130.5804671331428,35792.0,35792.0,55971.222222,55971.222222,6.0,6.0,11.0,11.0,5.913077756972504,10.840642554449591,0.0,0.0,0.0,1.0,1.0,0.16666666666666666,7801.0,7801.0,1300.1666666666667,2014-03-21,2014-03-21,2021-09-07,2021-09-07,18.0,18.0,2026-07-31,2026-07-31,EDLDB.CDM.CUSTOMER_AGGREGATE_SNAPSHOT,EDLDB.MRCH_SANDBOX.CBSA_ZIPCODE_MAPPING,EDLDB.MRCH_SANDBOX.MEDIAN_HOUSEHOLD_INCOME_ZIPCODE,EDLDB.MRCH_SANDBOX.CLINIC_PROFILE,EDLDB.MRCH_SANDBOX.CBSA_POPULATION,"active_customer_yoy_growth, active_customers_per_1000_households, clinic_orders_per_clinic, clinics_per_10000_households, corporate_clinic_share, practice_hub_clinic_share, veterinarians_per_10000_households",Hypothesis,True,market-attractiveness-synthetic-v1,1.0,SYNTHETIC_COMPLETE,prototype_ready,synthetic_prototype_only
proto:54256e9894,,"Spearfish, SD","Spearfish, SD",micropolitan,2026-07-31,2025-07-31,1305,1454.0,-0.102476,0.076992,10448.0,10448.0,124.90428790199081,25844.0,25844.0,20800.8,20800.8,3.0,3.0,4.0,4.0,2.871362940275651,3.8284839203675345,0.0,0.0,0.0,2.0,2.0,0.6666666666666666,6093.0,6093.0,2031.0,2014-03-19,2014-03-19,2016-09-07,2016-09-07,5.0,5.0,2026-07-31,2026-07-31,EDLDB.CDM.CUSTOMER_AGGREGATE_SNAPSHOT,EDLDB.MRCH_SANDBOX.CBSA_ZIPCODE_MAPPING,EDLDB.MRCH_SANDBOX.MEDIAN_HOUSEHOLD_INCOME_ZIPCODE,EDLDB.MRCH_SANDBOX.CLINIC_PROFILE,EDLDB.MRCH_SANDBOX.CBSA_POPULATION,"active_customer_yoy_growth, active_customers_per_1000_households, clinic_orders_per_clinic, clinics_per_10000_households, corporate_clinic_share, practice_hub_clinic_share, veterinarians_per_10000_households",Hypothesis,True,market-attractiveness-synthetic-v1,1.0,SYNTHETIC_COMPLETE,prototype_ready,synthetic_prototype_only
proto:3049bb0c7a,,"Watertown, SD","Watertown, SD",micropolitan,2026-07-31,2025-07-31,1304,1546.0,-0.156533,0.001828,15838.0,15838.0,82.33362798333123,28351.0,28351.0,60099.2,60099.2,8.0,8.0,8.0,8.0,5.051142821063266,5.051142821063266,0.0,0.0,0.0,1.0,1.0,0.125,2565.0,2565.0,320.625,2014-10-09,2014-10-09,2021-07-05,2021-07-05,20.0,20.0,2026-07-31,2026-07-31,EDLDB.CDM.CUSTOMER_AGGREGATE_SNAPSHOT,EDLDB.MRCH_SANDBOX.CBSA_ZIPCODE_MAPPING,EDLDB.MRCH_SANDBOX.MEDIAN_HOUSEHOLD_INCOME_ZIPCODE,EDLDB.MRCH_SANDBOX.CLINIC_PROFILE,EDLDB.MRCH_SANDBOX.CBSA_POPULATION,"active_customer_yoy_growth, active_customers_per_1000_households, clinic_orders_per_clinic, clinics_per_10000_households, corporate_clinic_share, practice_hub_clinic_share, veterinarians_per_10000_households",Hypothesis,True,market-attractiveness-synthetic-v1,1.0,SYNTHETIC_COMPLETE,prototype_ready,synthetic_prototype_only
proto:63116e0954,,"Hobbs, NM","Hobbs, NM",micropolitan,2026-07-31,2025-07-31,1300,1570.0,-0.171975,-0.012088,22868.0,22868.0,56.84799720132937,74642.0,74642.0,38428.8,38428.8,7.0,7.0,7.0,7.0,3.0610460031485043,3.0610460031485043,0.0,0.0,0.0,2.0,2.0,0.2857142857142857,4670.0,4670.0,667.1428571428571,2014-07-10,2014-07-10,2023-02-27,2023-02-27,10.0,10.0,2026-07-31,2026-07-31,EDLDB.CDM.CUSTOMER_AGGREGATE_SNAPSHOT,EDLDB.MRCH_SANDBOX.CBSA_ZIPCODE_MAPPING,EDLDB.MRCH_SANDBOX.MEDIAN_HOUSEHOLD_INCOME_ZIPCODE,EDLDB.MRCH_SANDBOX.CLINIC_PROFILE,EDLDB.MRCH_SANDBOX.CBSA_POPULATION,"active_customer_yoy_growth, active_customers_per_1000_households, clinic_orders_per_clinic, clinics_per_10000_households, corporate_clinic_share, practice_hub_clinic_share, veterinarians_per_10000_households",Hypothesis,True,market-attractiveness-synthetic-v1,1.0,SYNTHETIC_COMPLETE,prototype_ready,synthetic_prototype_only
proto:e89a755ef9,,"Cedar City, UT","Cedar City, UT",micropolitan,2026-07-31,2025-07-31,1297,1518.0,-0.145586,0.019097,9820.0,9820.0,132.0773930753564,57713.0,57713.0,35254.111111,35254.111111,7.0,7.0,8.0,8.0,7.1283095723014265,8.146639511201629,0.0,0.0,0.0,3.0,3.0,0.42857142857142855,9262.0,9262.0,1323.142857142857,2014-05-02,2014-05-02,2022-04-27,2022-04-27,9.0,9.0,2026-07-31,2026-07-31,EDLDB.CDM.CUSTOMER_AGGREGATE_SNAPSHOT,EDLDB.MRCH_SANDBOX.CBSA_ZIPCODE_MAPPING,EDLDB.MRCH_SANDBOX.MEDIAN_HOUSEHOLD_INCOME_ZIPCODE,EDLDB.MRCH_SANDBOX.CLINIC_PROFILE,EDLDB.MRCH_SANDBOX.CBSA_POPULATION,"active_customer_yoy_growth, active_customers_per_1000_households, clinic_orders_per_clinic, clinics_per_10000_households, corporate_clinic_share, practice_hub_clinic_share, veterinarians_per_10000_households",Hypothesis,True,market-attractiveness-synthetic-v1,1.0,SYNTHETIC_COMPLETE,prototype_ready,synthetic_prototype_only
proto:9f919a2e0e,,"Mountain Home, ID","Mountain Home, ID",micropolitan,2026-07-31,2025-07-31,1293,1515.0,-0.146535,0.017202,10531.0,10531.0,122.78036273858133,28669.0,28669.0,51413.5,51413.5,6.0,6.0,8.0,8.0,5.697464628240433,7.596619504320577,0.0,0.0,0.0,2.0,2.0,0.3333333333333333,5243.0,5243.0,873.8333333333334,2014-09-09,2014-09-09,2023-09-08,2023-09-08,4.0,4.0,2026-07-31,2026-07-31,EDLDB.CDM.CUSTOMER_AGGREGATE_SNAPSHOT,EDLDB.MRCH_SANDBOX.CBSA_ZIPCODE_MAPPING,EDLDB.MRCH_SANDBOX.MEDIAN_HOUSEHOLD_INCOME_ZIPCODE,EDLDB.MRCH_SANDBOX.CLINIC_PROFILE,EDLDB.MRCH_SANDBOX.CBSA_POPULATION,"active_customer_yoy_growth, active_customers_per_1000_households, clinic_orders_per_clinic, clinics_per_10000_households, corporate_clinic_share, practice_hub_clinic_share, veterinarians_per_10000_households",Hypothesis,True,market-attractiveness-synthetic-v1,1.0,SYNTHETIC_COMPLETE,prototype_ready,synthetic_prototype_only
proto:54bbab8917,,"Palestine, TX","Palestine, TX",micropolitan,2026-07-31,2025-07-31,1288,1558.0,-0.173299,-0.012958,17279.0,17279.0,74.54135077261417,57930.0,57930.0,49189.75,49189.75,5.0,5.0,7.0,7.0,2.8936859771977543,4.051160368076856,0.0,0.0,0.0,3.0,3.0,0.6,5586.0,5586.0,1117.2,2013-11-16,2013-11-16,2020-01-14,2020-01-14,8.0,8.0,2026-07-31,2026-07-31,EDLDB.CDM.CUSTOMER_AGGREGATE_SNAPSHOT,EDLDB.MRCH_SANDBOX.CBSA_ZIPCODE_MAPPING,EDLDB.MRCH_SANDBOX.MEDIAN_HOUSEHOLD_INCOME_ZIPCODE,EDLDB.MRCH_SANDBOX.CLINIC_PROFILE,EDLDB.MRCH_SANDBOX.CBSA_POPULATION,"active_customer_yoy_growth, active_customers_per_1000_households, clinic_orders_per_clinic, clinics_per_10000_households, corporate_clinic_share, practice_hub_clinic_share, veterinarians_per_10000_households",Hypothesis,True,market-attractiveness-synthetic-v1,1.0,SYNTHETIC_COMPLETE,prototype_ready,synthetic_prototype_only
proto:3838b505a8,,"Hays, KS","Hays, KS",micropolitan,2026-07-31,2025-07-31,1286,1449.0,-0.112491,0.061802,13501.0,13501.0,95.25220354047849,28948.0,28948.0,54850.583333,54850.583333,6.0,6.0,6.0,6.0,4.444115250722168,4.444115250722168,0.0,0.0,0.0,0.0,0.0,0.0,2015.0,2015.0,335.8333333333333,2013-09-28,2013-09-28,2021-06-25,2021-06-25,12.0,12.0,2026-07-31,2026-07-31,EDLDB.CDM.CUSTOMER_AGGREGATE_SNAPSHOT,EDLDB.MRCH_SANDBOX.CBSA_ZIPCODE_MAPPING,EDLDB.MRCH_SANDBOX.MEDIAN_HOUSEHOLD_INCOME_ZIPCODE,EDLDB.MRCH_SANDBOX.CLINIC_PROFILE,EDLDB.MRCH_SANDBOX.CBSA_POPULATION,"active_customer_yoy_growth, active_customers_per_1000_households, clinic_orders_per_clinic, clinics_per_10000_households, corporate_clinic_share, practice_hub_clinic_share, veterinarians_per_10000_households",Hypothesis,True,market-attractiveness-synthetic-v1,1.0,SYNTHETIC_COMPLETE,prototype_ready,synthetic_prototype_only
proto:2790222f61,,"Spirit Lake, IA","Spirit Lake, IA",micropolitan,2026-07-31,2025-07-31,1281,1503.0,-0.147705,0.015482,11635.0,11635.0,110.09883970777825,17767.0,17767.0,56051.888889,56051.888889,6.0,6.0,6.0,6.0,5.156854318865492,5.156854318865492,0.0,0.0,0.0,2.0,2.0,0.3333333333333333,4031.0,4031.0,671.8333333333334,2013-09-30,2013-09-30,2021-05-18,2021-05-18,9.0,9.0,2026-07-31,2026-07-31,EDLDB.CDM.CUSTOMER_AGGREGATE_SNAPSHOT,EDLDB.MRCH_SANDBOX.CBSA_ZIPCODE_MAPPING,EDLDB.MRCH_SANDBOX.MEDIAN_HOUSEHOLD_INCOME_ZIPCODE,EDLDB.MRCH_SANDBOX.CLINIC_PROFILE,EDLDB.MRCH_SANDBOX.CBSA_POPULATION,"active_customer_yoy_growth, active_customers_per_1000_households, clinic_orders_per_clinic, clinics_per_10000_households, corporate_clinic_share, practice_hub_clinic_share, veterinarians_per_10000_households",Hypothesis,True,market-attractiveness-synthetic-v1,1.0,SYNTHETIC_COMPLETE,prototype_ready,synthetic_prototype_only
proto:d574393abe,,"Garden City, KS","Garden City, KS",micropolitan,2026-07-31,2025-07-31,1279,1462.0,-0.125171,0.044092,20563.0,20563.0,62.199095462724316,38304.0,38304.0,59928.090909,59928.090909,5.0,5.0,6.0,6.0,2.4315518163692067,2.917862179643048,0.0,0.0,0.0,0.0,0.0,0.0,1241.0,1241.0,248.2,2014-01-06,2014-01-06,2022-11-02,2022-11-02,11.0,11.0,2026-07-31,2026-07-31,EDLDB.CDM.CUSTOMER_AGGREGATE_SNAPSHOT,EDLDB.MRCH_SANDBOX.CBSA_ZIPCODE_MAPPING,EDLDB.MRCH_SANDBOX.MEDIAN_HOUSEHOLD_INCOME_ZIPCODE,EDLDB.MRCH_SANDBOX.CLINIC_PROFILE,EDLDB.MRCH_SANDBOX.CBSA_POPULATION,"active_customer_yoy_growth, active_customers_per_1000_households, clinic_orders_per_clinic, clinics_per_10000_households, corporate_clinic_share, practice_hub_clinic_share, veterinarians_per_10000_households",Hypothesis,True,market-attractiveness-synthetic-v1,1.0,SYNTHETIC_COMPLETE,prototype_ready,synthetic_prototype_only
proto:7431fa19c4,,"Columbus, MS","Columbus, MS",micropolitan,2026-07-31,2025-07-31,1273,1501.0,-0.151899,0.008992,22757.0,22757.0,55.938832007733886,69006.0,69006.0,47563.0,47563.0,9.0,9.0,12.0,12.0,3.9548270861712878,5.273102781561717,0.0,0.0,0.0,0.0,0.0,0.0,3125.0,3125.0,347.22222222222223,2014-01-11,2014-01-11,2022-08-08,2022-08-08,7.0,7.0,2026-07-31,2026-07-31,EDLDB.CDM.CUSTOMER_AGGREGATE_SNAPSHOT,EDLDB.MRCH_SANDBOX.CBSA_ZIPCODE_MAPPING,EDLDB.MRCH_SANDBOX.MEDIAN_HOUSEHOLD_INCOME_ZIPCODE,EDLDB.MRCH_SANDBOX.CLINIC_PROFILE,EDLDB.MRCH_SANDBOX.CBSA_POPULATION,"active_customer_yoy_growth, active_customers_per_1000_households, clinic_orders_per_clinic, clinics_per_10000_households, corporate_clinic_share, practice_hub_clinic_share, veterinarians_per_10000_households",Hypothesis,True,market-attractiveness-synthetic-v1,1.0,SYNTHETIC_COMPLETE,prototype_ready,synthetic_prototype_only
proto:9246ee9017,,"Ruidoso, NM","Ruidoso, NM",micropolitan,2026-07-31,2025-07-31,1272,1478.0,-0.139378,0.028833,8482.0,8482.0,149.96463098325864,20307.0,20307.0,32347.4,32347.4,6.0,6.0,7.0,7.0,7.073803348266918,8.252770572978072,0.0,0.0,0.0,2.0,2.0,0.3333333333333333,3759.0,3759.0,626.5,2014-09-27,2014-09-27,2021-12-24,2021-12-24,15.0,15.0,2026-07-31,2026-07-31,EDLDB.CDM.CUSTOMER_AGGREGATE_SNAPSHOT,EDLDB.MRCH_SANDBOX.CBSA_ZIPCODE_MAPPING,EDLDB.MRCH_SANDBOX.MEDIAN_HOUSEHOLD_INCOME_ZIPCODE,EDLDB.MRCH_SANDBOX.CLINIC_PROFILE,EDLDB.MRCH_SANDBOX.CBSA_POPULATION,"active_customer_yoy_growth, active_customers_per_1000_households, clinic_orders_per_clinic, clinics_per_10000_households, corporate_clinic_share, practice_hub_clinic_share, veterinarians_per_10000_households",Hypothesis,True,market-attractiveness-synthetic-v1,1.0,SYNTHETIC_COMPLETE,prototype_ready,synthetic_prototype_only
proto:e53c1be972,,"Brownwood, TX","Brownwood, TX",micropolitan,2026-07-31,2025-07-31,1269,1519.0,-0.164582,-0.004679,19122.0,19122.0,66.36335111390022,38043.0,38043.0,41888.727273,41888.727273,9.0,9.0,11.0,11.0,4.706620646375902,5.7525363455705465,0.0,0.0,0.0,0.0,0.0,0.0,2821.0,2821.0,313.44444444444446,2014-06-25,2014-06-25,2020-06-02,2020-06-02,11.0,11.0,2026-07-31,2026-07-31,EDLDB.CDM.CUSTOMER_AGGREGATE_SNAPSHOT,EDLDB.MRCH_SANDBOX.CBSA_ZIPCODE_MAPPING,EDLDB.MRCH_SANDBOX.MEDIAN_HOUSEHOLD_INCOME_ZIPCODE,EDLDB.MRCH_SANDBOX.CLINIC_PROFILE,EDLDB.MRCH_SANDBOX.CBSA_POPULATION,"active_customer_yoy_growth, active_customers_per_1000_households, clinic_orders_per_clinic, clinics_per_10000_households, corporate_clinic_share, practice_hub_clinic_share, veterinarians_per_10000_households",Hypothesis,True,market-attractiveness-synthetic-v1,1.0,SYNTHETIC_COMPLETE,prototype_ready,synthetic_prototype_only
proto:ede6aa9c7d,,"Red Wing, MN","Red Wing, MN",micropolitan,2026-07-31,2025-07-31,1269,1391.0,-0.087707,0.092169,11250.0,11250.0,112.8,47578.0,47578.0,75856.25,75856.25,14.0,14.0,21.0,21.0,12.444444444444445,18.666666666666668,0.0,0.0,0.0,4.0,4.0,0.2857142857142857,12089.0,12089.0,863.5,2013-09-20,2013-09-20,2022-10-16,2022-10-16,4.0,4.0,2026-07-31,2026-07-31,EDLDB.CDM.CUSTOMER_AGGREGATE_SNAPSHOT,EDLDB.MRCH_SANDBOX.CBSA_ZIPCODE_MAPPING,EDLDB.MRCH_SANDBOX.MEDIAN_HOUSEHOLD_INCOME_ZIPCODE,EDLDB.MRCH_SANDBOX.CLINIC_PROFILE,EDLDB.MRCH_SANDBOX.CBSA_POPULATION,"active_customer_yoy_growth, active_customers_per_1000_households, clinic_orders_per_clinic, clinics_per_10000_households, corporate_clinic_share, practice_hub_clinic_share, veterinarians_per_10000_households",Hypothesis,True,market-attractiveness-synthetic-v1,1.0,SYNTHETIC_COMPLETE,prototype_ready,synthetic_prototype_only
proto:4fd088d984,,"Big Stone Gap, VA","Big Stone Gap, VA",micropolitan,2026-07-31,2025-07-31,1264,1476.0,-0.143631,0.020791,14997.0,14997.0,84.28352337134093,,37485.0,36470.714286,36470.714286,4.0,4.0,6.0,6.0,2.6672001066880044,4.000800160032006,0.0,0.0,0.0,3.0,3.0,0.75,7593.0,7593.0,1898.25,2014-06-09,2014-06-09,2015-02-10,2015-02-10,7.0,7.0,2026-07-31,2026-07-31,EDLDB.CDM.CUSTOMER_AGGREGATE_SNAPSHOT,EDLDB.MRCH_SANDBOX.CBSA_ZIPCODE_MAPPING,EDLDB.MRCH_SANDBOX.MEDIAN_HOUSEHOLD_INCOME_ZIPCODE,EDLDB.MRCH_SANDBOX.CLINIC_PROFILE,EDLDB.MRCH_SANDBOX.CBSA_POPULATION,"active_customer_yoy_growth, active_customers_per_1000_households, clinic_orders_per_clinic, clinics_per_10000_households, corporate_clinic_share, practice_hub_clinic_share, total_population, veterinarians_per_10000_households",Hypothesis,True,market-attractiveness-synthetic-v1,1.0,SYNTHETIC_COMPLETE,prototype_ready,synthetic_prototype_only
proto:30d70bf678,,"Granbury, TX","Granbury, TX",micropolitan,2026-07-31,2025-07-31,1258,1492.0,-0.156836,0.001607,10997.0,10997.0,114.39483495498773,,27487.0,63413.5,63413.5,16.0,16.0,25.0,25.0,14.54942256979176,22.733472765299627,0.0,0.0,0.0,5.0,5.0,0.3125,16298.0,16298.0,1018.625,2013-08-02,2013-08-02,2023-04-11,2023-04-11,2.0,2.0,2026-07-31,2026-07-31,EDLDB.CDM.CUSTOMER_AGGREGATE_SNAPSHOT,EDLDB.MRCH_SANDBOX.CBSA_ZIPCODE_MAPPING,EDLDB.MRCH_SANDBOX.MEDIAN_HOUSEHOLD_INCOME_ZIPCODE,EDLDB.MRCH_SANDBOX.CLINIC_PROFILE,EDLDB.MRCH_SANDBOX.CBSA_POPULATION,"active_customer_yoy_growth, active_customers_per_1000_households, clinic_orders_per_clinic, clinics_per_10000_households, corporate_clinic_share, practice_hub_clinic_share, total_population, veterinarians_per_10000_households",Hypothesis,True,market-attractiveness-synthetic-v1,1.0,SYNTHETIC_COMPLETE,prototype_ready,synthetic_prototype_only
proto:66fd1c5ede,,"Poplar Bluff, MO","Poplar Bluff, MO",micropolitan,2026-07-31,2025-07-31,1258,1565.0,-0.196166,-0.032726,24047.0,24047.0,52.314217989770036,42070.0,42070.0,32898.294118,32898.294118,5.0,5.0,5.0,5.0,2.0792614463342622,2.0792614463342622,0.0,0.0,0.0,1.0,1.0,0.2,4334.0,4334.0,866.8,2013-02-16,2013-02-16,2022-12-16,2022-12-16,17.0,17.0,2026-07-31,2026-07-31,EDLDB.CDM.CUSTOMER_AGGREGATE_SNAPSHOT,EDLDB.MRCH_SANDBOX.CBSA_ZIPCODE_MAPPING,EDLDB.MRCH_SANDBOX.MEDIAN_HOUSEHOLD_INCOME_ZIPCODE,EDLDB.MRCH_SANDBOX.CLINIC_PROFILE,EDLDB.MRCH_SANDBOX.CBSA_POPULATION,"active_customer_yoy_growth, active_customers_per_1000_households, clinic_orders_per_clinic, clinics_per_10000_households, corporate_clinic_share, practice_hub_clinic_share, veterinarians_per_10000_households",Hypothesis,True,market-attractiveness-synthetic-v1,1.0,SYNTHETIC_COMPLETE,prototype_ready,synthetic_prototype_only
proto:f1a6755b81,,"Rockingham, NC","Rockingham, NC",micropolitan,2026-07-31,2025-07-31,1257,1528.0,-0.177356,-0.016314,21617.0,21617.0,58.14867928019614,42914.0,42914.0,36108.75,36108.75,3.0,3.0,4.0,4.0,1.3877966415321275,1.8503955220428367,0.0,0.0,0.0,0.0,0.0,0.0,1297.0,1297.0,432.3333333333333,2013-11-20,2013-11-20,2022-01-20,2022-01-20,8.0,8.0,2026-07-31,2026-07-31,EDLDB.CDM.CUSTOMER_AGGREGATE_SNAPSHOT,EDLDB.MRCH_SANDBOX.CBSA_ZIPCODE_MAPPING,EDLDB.MRCH_SANDBOX.MEDIAN_HOUSEHOLD_INCOME_ZIPCODE,EDLDB.MRCH_SANDBOX.CLINIC_PROFILE,EDLDB.MRCH_SANDBOX.CBSA_POPULATION,"active_customer_yoy_growth, active_customers_per_1000_households, clinic_orders_per_clinic, clinics_per_10000_households, corporate_clinic_share, practice_hub_clinic_share, veterinarians_per_10000_households",Hypothesis,True,market-attractiveness-synthetic-v1,1.0,SYNTHETIC_COMPLETE,prototype_ready,synthetic_prototype_only
proto:e08e68acb4,,"Talladega-Sylacauga, AL","Talladega-Sylacauga, AL",micropolitan,2026-07-31,2025-07-31,1249,1589.0,-0.213971,-0.04728,27433.0,27433.0,45.52910727955383,91910.0,91910.0,34921.555556,34921.555556,6.0,6.0,8.0,8.0,2.187146866912113,2.916195822549484,0.0,0.0,0.0,3.0,3.0,0.5,4641.0,4641.0,773.5,2014-09-17,2014-09-17,2022-01-13,2022-01-13,9.0,9.0,2026-07-31,2026-07-31,EDLDB.CDM.CUSTOMER_AGGREGATE_SNAPSHOT,EDLDB.MRCH_SANDBOX.CBSA_ZIPCODE_MAPPING,EDLDB.MRCH_SANDBOX.MEDIAN_HOUSEHOLD_INCOME_ZIPCODE,EDLDB.MRCH_SANDBOX.CLINIC_PROFILE,EDLDB.MRCH_SANDBOX.CBSA_POPULATION,"active_customer_yoy_growth, active_customers_per_1000_households, clinic_orders_per_clinic, clinics_per_10000_households, corporate_clinic_share, practice_hub_clinic_share, veterinarians_per_10000_households",Hypothesis,True,market-attractiveness-synthetic-v1,1.0,SYNTHETIC_COMPLETE,prototype_ready,synthetic_prototype_only
proto:ff30e4d89c,,"Laurel, MS","Laurel, MS",micropolitan,2026-07-31,2025-07-31,1237,1483.0,-0.16588,-0.005923,28003.0,28003.0,44.17383851730172,83513.0,83513.0,35849.333333,35849.333333,9.0,9.0,12.0,12.0,3.2139413634253473,4.285255151233796,0.0,0.0,0.0,1.0,1.0,0.1111111111111111,4905.0,4905.0,545.0,2013-09-21,2013-09-21,2023-09-20,2023-09-20,15.0,15.0,2026-07-31,2026-07-31,EDLDB.CDM.CUSTOMER_AGGREGATE_SNAPSHOT,EDLDB.MRCH_SANDBOX.CBSA_ZIPCODE_MAPPING,EDLDB.MRCH_SANDBOX.MEDIAN_HOUSEHOLD_INCOME_ZIPCODE,EDLDB.MRCH_SANDBOX.CLINIC_PROFILE,EDLDB.MRCH_SANDBOX.CBSA_POPULATION,"active_customer_yoy_growth, active_customers_per_1000_households, clinic_orders_per_clinic, clinics_per_10000_households, corporate_clinic_share, practice_hub_clinic_share, veterinarians_per_10000_households",Hypothesis,True,market-attractiveness-synthetic-v1,1.0,SYNTHETIC_COMPLETE,prototype_ready,synthetic_prototype_only
proto:9709997388,,"Rexburg, ID","Rexburg, ID",micropolitan,2026-07-31,2025-07-31,1230,1452.0,-0.152893,0.00736,16286.0,16286.0,75.52499078963527,66347.0,66347.0,45528.2,45528.2,5.0,5.0,10.0,10.0,3.070121576814442,6.140243153628884,0.0,0.0,0.0,0.0,0.0,0.0,2640.0,2640.0,528.0,2014-10-08,2014-10-08,2023-01-14,2023-01-14,10.0,10.0,2026-07-31,2026-07-31,EDLDB.CDM.CUSTOMER_AGGREGATE_SNAPSHOT,EDLDB.MRCH_SANDBOX.CBSA_ZIPCODE_MAPPING,EDLDB.MRCH_SANDBOX.MEDIAN_HOUSEHOLD_INCOME_ZIPCODE,EDLDB.MRCH_SANDBOX.CLINIC_PROFILE,EDLDB.MRCH_SANDBOX.CBSA_POPULATION,"active_customer_yoy_growth, active_customers_per_1000_households, clinic_orders_per_clinic, clinics_per_10000_households, corporate_clinic_share, practice_hub_clinic_share, veterinarians_per_10000_households",Hypothesis,True,market-attractiveness-synthetic-v1,1.0,SYNTHETIC_COMPLETE,prototype_ready,synthetic_prototype_only
proto:74790d62f8,,"Elizabeth City, NC","Elizabeth City, NC",micropolitan,2026-07-31,2025-07-31,1227,1448.0,-0.152624,0.007771,11728.0,11728.0,104.62141882673941,,29314.0,47585.0,47585.0,6.0,6.0,7.0,7.0,5.115961800818553,5.968622100954979,0.0,0.0,0.0,2.0,2.0,0.3333333333333333,6678.0,6678.0,1113.0,2013-01-04,2013-01-04,2021-10-29,2021-10-29,4.0,4.0,2026-07-31,2026-07-31,EDLDB.CDM.CUSTOMER_AGGREGATE_SNAPSHOT,EDLDB.MRCH_SANDBOX.CBSA_ZIPCODE_MAPPING,EDLDB.MRCH_SANDBOX.MEDIAN_HOUSEHOLD_INCOME_ZIPCODE,EDLDB.MRCH_SANDBOX.CLINIC_PROFILE,EDLDB.MRCH_SANDBOX.CBSA_POPULATION,"active_customer_yoy_growth, active_customers_per_1000_households, clinic_orders_per_clinic, clinics_per_10000_households, corporate_clinic_share, practice_hub_clinic_share, total_population, veterinarians_per_10000_households",Hypothesis,True,market-attractiveness-synthetic-v1,1.0,SYNTHETIC_COMPLETE,prototype_ready,synthetic_prototype_only
proto:61271ef986,,"Hillsdale, MI","Hillsdale, MI",micropolitan,2026-07-31,2025-07-31,1222,1511.0,-0.191264,-0.030686,12545.0,12545.0,97.40932642487046,45731.0,45731.0,43872.3,43872.3,9.0,9.0,14.0,14.0,7.174172977281785,11.159824631327222,0.0,0.0,0.0,2.0,2.0,0.2222222222222222,9933.0,9933.0,1103.6666666666667,2013-09-17,2013-09-17,2022-06-23,2022-06-23,10.0,10.0,2026-07-31,2026-07-31,EDLDB.CDM.CUSTOMER_AGGREGATE_SNAPSHOT,EDLDB.MRCH_SANDBOX.CBSA_ZIPCODE_MAPPING,EDLDB.MRCH_SANDBOX.MEDIAN_HOUSEHOLD_INCOME_ZIPCODE,EDLDB.MRCH_SANDBOX.CLINIC_PROFILE,EDLDB.MRCH_SANDBOX.CBSA_POPULATION,"active_customer_yoy_growth, active_customers_per_1000_households, clinic_orders_per_clinic, clinics_per_10000_households, corporate_clinic_share, practice_hub_clinic_share, veterinarians_per_10000_households",Hypothesis,True,market-attractiveness-synthetic-v1,1.0,SYNTHETIC_COMPLETE,prototype_ready,synthetic_prototype_only
proto:dd5021ab26,,"Clovis, NM","Clovis, NM",micropolitan,2026-07-31,2025-07-31,1214,1409.0,-0.138396,0.030149,18722.0,18722.0,64.84349962610831,67518.0,67518.0,43987.428571,43987.428571,6.0,6.0,9.0,9.0,3.2047858134814655,4.807178720222199,0.0,0.0,0.0,1.0,1.0,0.16666666666666666,5417.0,5417.0,902.8333333333334,2012-12-21,2012-12-21,2022-09-27,2022-09-27,7.0,7.0,2026-07-31,2026-07-31,EDLDB.CDM.CUSTOMER_AGGREGATE_SNAPSHOT,EDLDB.MRCH_SANDBOX.CBSA_ZIPCODE_MAPPING,EDLDB.MRCH_SANDBOX.MEDIAN_HOUSEHOLD_INCOME_ZIPCODE,EDLDB.MRCH_SANDBOX.CLINIC_PROFILE,EDLDB.MRCH_SANDBOX.CBSA_POPULATION,"active_customer_yoy_growth, active_customers_per_1000_households, clinic_orders_per_clinic, clinics_per_10000_households, corporate_clinic_share, practice_hub_clinic_share, veterinarians_per_10000_households",Hypothesis,True,market-attractiveness-synthetic-v1,1.0,SYNTHETIC_COMPLETE,prototype_ready,synthetic_prototype_only
proto:e9800f5d20,,"Lawrenceburg, TN","Lawrenceburg, TN",micropolitan,2026-07-31,2025-07-31,1204,1464.0,-0.177596,-0.016633,16289.0,16289.0,73.91491190373873,44181.0,44181.0,45280.111111,45280.111111,2.0,2.0,1.0,1.0,1.2278224568727363,0.6139112284363681,0.0,0.0,0.0,0.0,0.0,0.0,697.0,697.0,348.5,2014-11-07,2014-11-07,2014-11-28,2014-11-28,9.0,9.0,2026-07-31,2026-07-31,EDLDB.CDM.CUSTOMER_AGGREGATE_SNAPSHOT,EDLDB.MRCH_SANDBOX.CBSA_ZIPCODE_MAPPING,EDLDB.MRCH_SANDBOX.MEDIAN_HOUSEHOLD_INCOME_ZIPCODE,EDLDB.MRCH_SANDBOX.CLINIC_PROFILE,EDLDB.MRCH_SANDBOX.CBSA_POPULATION,"active_customer_yoy_growth, active_customers_per_1000_households, clinic_orders_per_clinic, clinics_per_10000_households, corporate_clinic_share, practice_hub_clinic_share, veterinarians_per_10000_households",Hypothesis,True,market-attractiveness-synthetic-v1,1.0,SYNTHETIC_COMPLETE,prototype_ready,synthetic_prototype_only
proto:2a8ee5383b,,"Tahlequah, OK","Tahlequah, OK",micropolitan,2026-07-31,2025-07-31,1194,1470.0,-0.187755,-0.026561,20834.0,20834.0,57.310166074685604,47096.0,47096.0,42007.6,42007.6,6.0,6.0,5.0,5.0,2.879907842949026,2.399923202457521,0.0,0.0,0.0,4.0,4.0,0.6666666666666666,2801.0,2801.0,466.8333333333333,2014-09-29,2014-09-29,2021-12-06,2021-12-06,10.0,10.0,2026-07-31,2026-07-31,EDLDB.CDM.CUSTOMER_AGGREGATE_SNAPSHOT,EDLDB.MRCH_SANDBOX.CBSA_ZIPCODE_MAPPING,EDLDB.MRCH_SANDBOX.MEDIAN_HOUSEHOLD_INCOME_ZIPCODE,EDLDB.MRCH_SANDBOX.CLINIC_PROFILE,EDLDB.MRCH_SANDBOX.CBSA_POPULATION,"active_customer_yoy_growth, active_customers_per_1000_households, clinic_orders_per_clinic, clinics_per_10000_households, corporate_clinic_share, practice_hub_clinic_share, veterinarians_per_10000_households",Hypothesis,True,market-attractiveness-synthetic-v1,1.0,SYNTHETIC_COMPLETE,prototype_ready,synthetic_prototype_only
proto:c3fcbc15b7,,"Paris, TX","Paris, TX",micropolitan,2026-07-31,2025-07-31,1189,1475.0,-0.193898,-0.032202,21663.0,21663.0,54.88621151271754,61692.0,61692.0,49601.538462,49601.538462,6.0,6.0,6.0,6.0,2.769699487605595,2.769699487605595,0.0,0.0,0.0,1.0,1.0,0.16666666666666666,2291.0,2291.0,381.8333333333333,2013-11-21,2013-11-21,2015-08-07,2015-08-07,13.0,13.0,2026-07-31,2026-07-31,EDLDB.CDM.CUSTOMER_AGGREGATE_SNAPSHOT,EDLDB.MRCH_SANDBOX.CBSA_ZIPCODE_MAPPING,EDLDB.MRCH_SANDBOX.MEDIAN_HOUSEHOLD_INCOME_ZIPCODE,EDLDB.MRCH_SANDBOX.CLINIC_PROFILE,EDLDB.MRCH_SANDBOX.CBSA_POPULATION,"active_customer_yoy_growth, active_customers_per_1000_households, clinic_orders_per_clinic, clinics_per_10000_households, corporate_clinic_share, practice_hub_clinic_share, veterinarians_per_10000_households",Hypothesis,True,market-attractiveness-synthetic-v1,1.0,SYNTHETIC_COMPLETE,prototype_ready,synthetic_prototype_only
proto:6c26a94ecc,,"Sturgis, MI","Sturgis, MI",micropolitan,2026-07-31,2025-07-31,1184,1377.0,-0.14016,0.027148,11406.0,11406.0,103.80501490443626,,28509.0,54706.0,54706.0,5.0,5.0,9.0,9.0,4.38365772400491,7.890583903208837,0.0,0.0,0.0,1.0,1.0,0.2,12015.0,12015.0,2403.0,2013-08-09,2013-08-09,2022-09-28,2022-09-28,6.0,6.0,2026-07-31,2026-07-31,EDLDB.CDM.CUSTOMER_AGGREGATE_SNAPSHOT,EDLDB.MRCH_SANDBOX.CBSA_ZIPCODE_MAPPING,EDLDB.MRCH_SANDBOX.MEDIAN_HOUSEHOLD_INCOME_ZIPCODE,EDLDB.MRCH_SANDBOX.CLINIC_PROFILE,EDLDB.MRCH_SANDBOX.CBSA_POPULATION,"active_customer_yoy_growth, active_customers_per_1000_households, clinic_orders_per_clinic, clinics_per_10000_households, corporate_clinic_share, practice_hub_clinic_share, total_population, veterinarians_per_10000_households",Hypothesis,True,market-attractiveness-synthetic-v1,1.0,SYNTHETIC_COMPLETE,prototype_ready,synthetic_prototype_only
proto:5004c65398,,"Ada, OK","Ada, OK",micropolitan,2026-07-31,2025-07-31,1182,1447.0,-0.183138,-0.022164,14676.0,14676.0,80.53965658217497,38095.0,38095.0,48694.125,48694.125,8.0,8.0,9.0,9.0,5.451076587626057,6.132461161079314,0.0,0.0,0.0,3.0,3.0,0.375,4128.0,4128.0,516.0,2013-04-04,2013-04-04,2023-09-17,2023-09-17,8.0,8.0,2026-07-31,2026-07-31,EDLDB.CDM.CUSTOMER_AGGREGATE_SNAPSHOT,EDLDB.MRCH_SANDBOX.CBSA_ZIPCODE_MAPPING,EDLDB.MRCH_SANDBOX.MEDIAN_HOUSEHOLD_INCOME_ZIPCODE,EDLDB.MRCH_SANDBOX.CLINIC_PROFILE,EDLDB.MRCH_SANDBOX.CBSA_POPULATION,"active_customer_yoy_growth, active_customers_per_1000_households, clinic_orders_per_clinic, clinics_per_10000_households, corporate_clinic_share, practice_hub_clinic_share, veterinarians_per_10000_households",Hypothesis,True,market-attractiveness-synthetic-v1,1.0,SYNTHETIC_COMPLETE,prototype_ready,synthetic_prototype_only
proto:010c0fb63b,,"Rockport, TX","Rockport, TX",micropolitan,2026-07-31,2025-07-31,1170,1405.0,-0.16726,-0.007197,8306.0,8306.0,140.86202745003612,,20761.0,49785.5,49785.5,5.0,5.0,8.0,8.0,6.019744762822056,9.63159162051529,0.0,0.0,0.0,0.0,0.0,0.0,7000.0,7000.0,1400.0,2013-03-27,2013-03-27,2020-07-14,2020-07-14,2.0,2.0,2026-07-31,2026-07-31,EDLDB.CDM.CUSTOMER_AGGREGATE_SNAPSHOT,EDLDB.MRCH_SANDBOX.CBSA_ZIPCODE_MAPPING,EDLDB.MRCH_SANDBOX.MEDIAN_HOUSEHOLD_INCOME_ZIPCODE,EDLDB.MRCH_SANDBOX.CLINIC_PROFILE,EDLDB.MRCH_SANDBOX.CBSA_POPULATION,"active_customer_yoy_growth, active_customers_per_1000_households, clinic_orders_per_clinic, clinics_per_10000_households, corporate_clinic_share, practice_hub_clinic_share, total_population, veterinarians_per_10000_households",Hypothesis,True,market-attractiveness-synthetic-v1,1.0,SYNTHETIC_COMPLETE,prototype_ready,synthetic_prototype_only
proto:b241a2599b,,"Zanesville, OH","Zanesville, OH",micropolitan,2026-07-31,2025-07-31,1168,1326.0,-0.119155,0.052746,8839.0,8839.0,132.14164498246407,,22093.0,53584.416667,53584.416667,10.0,10.0,15.0,15.0,11.313497001923295,16.970245502884943,0.0,0.0,0.0,2.0,2.0,0.2,10115.0,10115.0,1011.5,2013-01-06,2013-01-06,2023-09-15,2023-09-15,12.0,12.0,2026-07-31,2026-07-31,EDLDB.CDM.CUSTOMER_AGGREGATE_SNAPSHOT,EDLDB.MRCH_SANDBOX.CBSA_ZIPCODE_MAPPING,EDLDB.MRCH_SANDBOX.MEDIAN_HOUSEHOLD_INCOME_ZIPCODE,EDLDB.MRCH_SANDBOX.CLINIC_PROFILE,EDLDB.MRCH_SANDBOX.CBSA_POPULATION,"active_customer_yoy_growth, active_customers_per_1000_households, clinic_orders_per_clinic, clinics_per_10000_households, corporate_clinic_share, practice_hub_clinic_share, total_population, veterinarians_per_10000_households",Hypothesis,True,market-attractiveness-synthetic-v1,1.0,SYNTHETIC_COMPLETE,prototype_ready,synthetic_prototype_only
proto:77ca887e69,,"Tifton, GA","Tifton, GA",micropolitan,2026-07-31,2025-07-31,1160,1350.0,-0.140741,0.026027,15804.0,15804.0,73.39913945836497,50373.0,50373.0,52344.0,52344.0,5.0,5.0,11.0,11.0,3.1637560111364214,6.960263224500126,0.0,0.0,0.0,3.0,3.0,0.6,8453.0,8453.0,1690.6,2013-10-16,2013-10-16,2023-01-10,2023-01-10,5.0,5.0,2026-07-31,2026-07-31,EDLDB.CDM.CUSTOMER_AGGREGATE_SNAPSHOT,EDLDB.MRCH_SANDBOX.CBSA_ZIPCODE_MAPPING,EDLDB.MRCH_SANDBOX.MEDIAN_HOUSEHOLD_INCOME_ZIPCODE,EDLDB.MRCH_SANDBOX.CLINIC_PROFILE,EDLDB.MRCH_SANDBOX.CBSA_POPULATION,"active_customer_yoy_growth, active_customers_per_1000_households, clinic_orders_per_clinic, clinics_per_10000_households, corporate_clinic_share, practice_hub_clinic_share, veterinarians_per_10000_households",Hypothesis,True,market-attractiveness-synthetic-v1,1.0,SYNTHETIC_COMPLETE,prototype_ready,synthetic_prototype_only
proto:00e8e8af79,,"Austin, MN","Austin, MN",micropolitan,2026-07-31,2025-07-31,1157,1283.0,-0.098207,0.082202,14515.0,14515.0,79.71064416121254,40059.0,40059.0,58270.9,58270.9,6.0,6.0,10.0,10.0,4.133654839820875,6.889424733034792,0.0,0.0,0.0,1.0,1.0,0.16666666666666666,3943.0,3943.0,657.1666666666666,2014-03-13,2014-03-13,2019-11-18,2019-11-18,10.0,10.0,2026-07-31,2026-07-31,EDLDB.CDM.CUSTOMER_AGGREGATE_SNAPSHOT,EDLDB.MRCH_SANDBOX.CBSA_ZIPCODE_MAPPING,EDLDB.MRCH_SANDBOX.MEDIAN_HOUSEHOLD_INCOME_ZIPCODE,EDLDB.MRCH_SANDBOX.CLINIC_PROFILE,EDLDB.MRCH_SANDBOX.CBSA_POPULATION,"active_customer_yoy_growth, active_customers_per_1000_households, clinic_orders_per_clinic, clinics_per_10000_households, corporate_clinic_share, practice_hub_clinic_share, veterinarians_per_10000_households",Hypothesis,True,market-attractiveness-synthetic-v1,1.0,SYNTHETIC_COMPLETE,prototype_ready,synthetic_prototype_only
proto:dec454340f,,"Roswell, NM","Roswell, NM",micropolitan,2026-07-31,2025-07-31,1157,1418.0,-0.184062,-0.023695,23720.0,23720.0,48.77740303541316,65149.0,65149.0,50092.571429,50092.571429,10.0,10.0,12.0,12.0,4.2158516020236085,5.05902192242833,0.0,0.0,0.0,3.0,3.0,0.3,3870.0,3870.0,387.0,2013-04-26,2013-04-26,2022-06-20,2022-06-20,7.0,7.0,2026-07-31,2026-07-31,EDLDB.CDM.CUSTOMER_AGGREGATE_SNAPSHOT,EDLDB.MRCH_SANDBOX.CBSA_ZIPCODE_MAPPING,EDLDB.MRCH_SANDBOX.MEDIAN_HOUSEHOLD_INCOME_ZIPCODE,EDLDB.MRCH_SANDBOX.CLINIC_PROFILE,EDLDB.MRCH_SANDBOX.CBSA_POPULATION,"active_customer_yoy_growth, active_customers_per_1000_households, clinic_orders_per_clinic, clinics_per_10000_households, corporate_clinic_share, practice_hub_clinic_share, veterinarians_per_10000_households",Hypothesis,True,market-attractiveness-synthetic-v1,1.0,SYNTHETIC_COMPLETE,prototype_ready,synthetic_prototype_only
proto:e7665ac9a6,,"Macomb, IL","Macomb, IL",micropolitan,2026-07-31,2025-07-31,1156,1355.0,-0.146863,0.01644,12127.0,12127.0,95.3244825595778,27100.0,27100.0,50576.538462,50576.538462,4.0,4.0,4.0,4.0,3.298425002061516,3.298425002061516,0.0,0.0,0.0,0.0,0.0,0.0,1352.0,1352.0,338.0,2013-01-06,2013-01-06,2022-04-05,2022-04-05,13.0,13.0,2026-07-31,2026-07-31,EDLDB.CDM.CUSTOMER_AGGREGATE_SNAPSHOT,EDLDB.MRCH_SANDBOX.CBSA_ZIPCODE_MAPPING,EDLDB.MRCH_SANDBOX.MEDIAN_HOUSEHOLD_INCOME_ZIPCODE,EDLDB.MRCH_SANDBOX.CLINIC_PROFILE,EDLDB.MRCH_SANDBOX.CBSA_POPULATION,"active_customer_yoy_growth, active_customers_per_1000_households, clinic_orders_per_clinic, clinics_per_10000_households, corporate_clinic_share, practice_hub_clinic_share, veterinarians_per_10000_households",Hypothesis,True,market-attractiveness-synthetic-v1,1.0,SYNTHETIC_COMPLETE,prototype_ready,synthetic_prototype_only
proto:dbada84667,,"Crescent City, CA","Crescent City, CA",micropolitan,2026-07-31,2025-07-31,1154,1391.0,-0.170381,-0.010955,9805.0,9805.0,117.69505354411015,27604.0,27604.0,50882.25,50882.25,5.0,5.0,5.0,5.0,5.099439061703213,5.099439061703213,0.0,0.0,0.0,0.0,0.0,0.0,2580.0,2580.0,516.0,2014-09-01,2014-09-01,2023-09-19,2023-09-19,4.0,4.0,2026-07-31,2026-07-31,EDLDB.CDM.CUSTOMER_AGGREGATE_SNAPSHOT,EDLDB.MRCH_SANDBOX.CBSA_ZIPCODE_MAPPING,EDLDB.MRCH_SANDBOX.MEDIAN_HOUSEHOLD_INCOME_ZIPCODE,EDLDB.MRCH_SANDBOX.CLINIC_PROFILE,EDLDB.MRCH_SANDBOX.CBSA_POPULATION,"active_customer_yoy_growth, active_customers_per_1000_households, clinic_orders_per_clinic, clinics_per_10000_households, corporate_clinic_share, practice_hub_clinic_share, veterinarians_per_10000_households",Hypothesis,True,market-attractiveness-synthetic-v1,1.0,SYNTHETIC_COMPLETE,prototype_ready,synthetic_prototype_only
proto:56241c2ca9,,"Gaffney, SC","Gaffney, SC",micropolitan,2026-07-31,2025-07-31,1149,1338.0,-0.141256,0.025093,15424.0,15424.0,74.49429460580913,56220.0,56220.0,36932.5,36932.5,3.0,3.0,5.0,5.0,1.9450207468879668,3.241701244813278,0.0,0.0,0.0,0.0,0.0,0.0,3366.0,3366.0,1122.0,2014-08-22,2014-08-22,2015-01-19,2015-01-19,2.0,2.0,2026-07-31,2026-07-31,EDLDB.CDM.CUSTOMER_AGGREGATE_SNAPSHOT,EDLDB.MRCH_SANDBOX.CBSA_ZIPCODE_MAPPING,EDLDB.MRCH_SANDBOX.MEDIAN_HOUSEHOLD_INCOME_ZIPCODE,EDLDB.MRCH_SANDBOX.CLINIC_PROFILE,EDLDB.MRCH_SANDBOX.CBSA_POPULATION,"active_customer_yoy_growth, active_customers_per_1000_households, clinic_orders_per_clinic, clinics_per_10000_households, corporate_clinic_share, practice_hub_clinic_share, veterinarians_per_10000_households",Hypothesis,True,market-attractiveness-synthetic-v1,1.0,SYNTHETIC_COMPLETE,prototype_ready,synthetic_prototype_only
proto:2222a760ff,,"Opelousas, LA","Opelousas, LA",micropolitan,2026-07-31,2025-07-31,1138,1468.0,-0.224796,-0.061912,29481.0,29481.0,38.60113293307554,82314.0,82314.0,30794.307692,30794.307692,10.0,10.0,13.0,13.0,3.392015196228079,4.409619755096503,0.0,0.0,0.0,1.0,1.0,0.1,5362.0,5362.0,536.2,2014-01-16,2014-01-16,2023-07-03,2023-07-03,13.0,13.0,2026-07-31,2026-07-31,EDLDB.CDM.CUSTOMER_AGGREGATE_SNAPSHOT,EDLDB.MRCH_SANDBOX.CBSA_ZIPCODE_MAPPING,EDLDB.MRCH_SANDBOX.MEDIAN_HOUSEHOLD_INCOME_ZIPCODE,EDLDB.MRCH_SANDBOX.CLINIC_PROFILE,EDLDB.MRCH_SANDBOX.CBSA_POPULATION,"active_customer_yoy_growth, active_customers_per_1000_households, clinic_orders_per_clinic, clinics_per_10000_households, corporate_clinic_share, practice_hub_clinic_share, veterinarians_per_10000_households",Hypothesis,True,market-attractiveness-synthetic-v1,1.0,SYNTHETIC_COMPLETE,prototype_ready,synthetic_prototype_only
proto:75486406bd,,"Paris, TN","Paris, TN",micropolitan,2026-07-31,2025-07-31,1136,1354.0,-0.161004,-0.001571,13042.0,13042.0,87.10320502990339,32149.0,32149.0,48121.571429,48121.571429,4.0,4.0,11.0,11.0,3.0670142616163165,8.43428921944487,0.0,0.0,0.0,1.0,1.0,0.25,3787.0,3787.0,946.75,2012-12-08,2012-12-08,2021-10-22,2021-10-22,7.0,7.0,2026-07-31,2026-07-31,EDLDB.CDM.CUSTOMER_AGGREGATE_SNAPSHOT,EDLDB.MRCH_SANDBOX.CBSA_ZIPCODE_MAPPING,EDLDB.MRCH_SANDBOX.MEDIAN_HOUSEHOLD_INCOME_ZIPCODE,EDLDB.MRCH_SANDBOX.CLINIC_PROFILE,EDLDB.MRCH_SANDBOX.CBSA_POPULATION,"active_customer_yoy_growth, active_customers_per_1000_households, clinic_orders_per_clinic, clinics_per_10000_households, corporate_clinic_share, practice_hub_clinic_share, veterinarians_per_10000_households",Hypothesis,True,market-attractiveness-synthetic-v1,1.0,SYNTHETIC_COMPLETE,prototype_ready,synthetic_prototype_only
proto:f87c852463,,"Jackson, OH","Jackson, OH",micropolitan,2026-07-31,2025-07-31,1136,1262.0,-0.099842,0.079719,12257.0,12257.0,92.68173288732969,,30636.0,46185.333333,46185.333333,5.0,5.0,4.0,4.0,4.0793016235620465,3.263441298849637,0.0,0.0,0.0,2.0,2.0,0.4,2940.0,2940.0,588.0,2013-06-06,2013-06-06,2016-06-04,2016-06-04,6.0,6.0,2026-07-31,2026-07-31,EDLDB.CDM.CUSTOMER_AGGREGATE_SNAPSHOT,EDLDB.MRCH_SANDBOX.CBSA_ZIPCODE_MAPPING,EDLDB.MRCH_SANDBOX.MEDIAN_HOUSEHOLD_INCOME_ZIPCODE,EDLDB.MRCH_SANDBOX.CLINIC_PROFILE,EDLDB.MRCH_SANDBOX.CBSA_POPULATION,"active_customer_yoy_growth, active_customers_per_1000_households, clinic_orders_per_clinic, clinics_per_10000_households, corporate_clinic_share, practice_hub_clinic_share, total_population, veterinarians_per_10000_households",Hypothesis,True,market-attractiveness-synthetic-v1,1.0,SYNTHETIC_COMPLETE,prototype_ready,synthetic_prototype_only
proto:087eba6721,,"Campbellsville, KY","Campbellsville, KY",micropolitan,2026-07-31,2025-07-31,1131,1340.0,-0.15597,0.002487,16163.0,16163.0,69.97463342201324,,40400.0,47694.125,47694.125,6.0,6.0,8.0,8.0,3.7121821444038856,4.949576192538514,0.0,0.0,0.0,2.0,2.0,0.3333333333333333,4533.0,4533.0,755.5,2014-08-19,2014-08-19,2022-06-25,2022-06-25,8.0,8.0,2026-07-31,2026-07-31,EDLDB.CDM.CUSTOMER_AGGREGATE_SNAPSHOT,EDLDB.MRCH_SANDBOX.CBSA_ZIPCODE_MAPPING,EDLDB.MRCH_SANDBOX.MEDIAN_HOUSEHOLD_INCOME_ZIPCODE,EDLDB.MRCH_SANDBOX.CLINIC_PROFILE,EDLDB.MRCH_SANDBOX.CBSA_POPULATION,"active_customer_yoy_growth, active_customers_per_1000_households, clinic_orders_per_clinic, clinics_per_10000_households, corporate_clinic_share, practice_hub_clinic_share, total_population, veterinarians_per_10000_households",Hypothesis,True,market-attractiveness-synthetic-v1,1.0,SYNTHETIC_COMPLETE,prototype_ready,synthetic_prototype_only
proto:7721808440,,"Mount Airy, NC","Mount Airy, NC",micropolitan,2026-07-31,2025-07-31,1129,1329.0,-0.150489,0.011984,11862.0,11862.0,95.17787894115664,,29649.0,52771.428571,52771.428571,9.0,9.0,22.0,22.0,7.587253414264037,18.546619457089868,0.0,0.0,0.0,2.0,2.0,0.2222222222222222,12786.0,12786.0,1420.6666666666667,2012-12-06,2012-12-06,2020-12-11,2020-12-11,7.0,7.0,2026-07-31,2026-07-31,EDLDB.CDM.CUSTOMER_AGGREGATE_SNAPSHOT,EDLDB.MRCH_SANDBOX.CBSA_ZIPCODE_MAPPING,EDLDB.MRCH_SANDBOX.MEDIAN_HOUSEHOLD_INCOME_ZIPCODE,EDLDB.MRCH_SANDBOX.CLINIC_PROFILE,EDLDB.MRCH_SANDBOX.CBSA_POPULATION,"active_customer_yoy_growth, active_customers_per_1000_households, clinic_orders_per_clinic, clinics_per_10000_households, corporate_clinic_share, practice_hub_clinic_share, total_population, veterinarians_per_10000_households",Hypothesis,True,market-attractiveness-synthetic-v1,1.0,SYNTHETIC_COMPLETE,prototype_ready,synthetic_prototype_only
proto:58a5dfdc97,,"Vernal, UT","Vernal, UT",micropolitan,2026-07-31,2025-07-31,1118,1319.0,-0.152388,0.00818,14820.0,14820.0,75.43859649122807,35672.0,35672.0,53348.888889,53348.888889,1.0,1.0,3.0,3.0,0.6747638326585694,2.0242914979757085,0.0,0.0,0.0,1.0,1.0,1.0,1159.0,1159.0,1159.0,2014-05-13,2014-05-13,2014-05-13,2014-05-13,9.0,9.0,2026-07-31,2026-07-31,EDLDB.CDM.CUSTOMER_AGGREGATE_SNAPSHOT,EDLDB.MRCH_SANDBOX.CBSA_ZIPCODE_MAPPING,EDLDB.MRCH_SANDBOX.MEDIAN_HOUSEHOLD_INCOME_ZIPCODE,EDLDB.MRCH_SANDBOX.CLINIC_PROFILE,EDLDB.MRCH_SANDBOX.CBSA_POPULATION,"active_customer_yoy_growth, active_customers_per_1000_households, clinic_orders_per_clinic, clinics_per_10000_households, corporate_clinic_share, practice_hub_clinic_share, veterinarians_per_10000_households",Hypothesis,True,market-attractiveness-synthetic-v1,1.0,SYNTHETIC_COMPLETE,prototype_ready,synthetic_prototype_only
proto:925a0d554a,,"Albert Lea, MN","Albert Lea, MN",micropolitan,2026-07-31,2025-07-31,1113,1316.0,-0.154255,0.005488,14404.0,14404.0,77.27020272146626,30896.0,30896.0,55232.857143,55232.857143,4.0,4.0,6.0,6.0,2.7770063871146906,4.165509580672036,0.0,0.0,0.0,1.0,1.0,0.25,2941.0,2941.0,735.25,2014-02-15,2014-02-15,2016-09-09,2016-09-09,14.0,14.0,2026-07-31,2026-07-31,EDLDB.CDM.CUSTOMER_AGGREGATE_SNAPSHOT,EDLDB.MRCH_SANDBOX.CBSA_ZIPCODE_MAPPING,EDLDB.MRCH_SANDBOX.MEDIAN_HOUSEHOLD_INCOME_ZIPCODE,EDLDB.MRCH_SANDBOX.CLINIC_PROFILE,EDLDB.MRCH_SANDBOX.CBSA_POPULATION,"active_customer_yoy_growth, active_customers_per_1000_households, clinic_orders_per_clinic, clinics_per_10000_households, corporate_clinic_share, practice_hub_clinic_share, veterinarians_per_10000_households",Hypothesis,True,market-attractiveness-synthetic-v1,1.0,SYNTHETIC_COMPLETE,prototype_ready,synthetic_prototype_only
proto:2e7b808379,,"Pierre, SD","Pierre, SD",micropolitan,2026-07-31,2025-07-31,1111,1238.0,-0.102585,0.076561,9668.0,9668.0,114.91518411253621,20711.0,20711.0,54655.571429,54655.571429,9.0,9.0,11.0,11.0,9.309060819197352,11.377741001241208,0.0,0.0,0.0,3.0,3.0,0.3333333333333333,2621.0,2621.0,291.22222222222223,2012-11-24,2012-11-24,2023-10-25,2023-10-25,7.0,7.0,2026-07-31,2026-07-31,EDLDB.CDM.CUSTOMER_AGGREGATE_SNAPSHOT,EDLDB.MRCH_SANDBOX.CBSA_ZIPCODE_MAPPING,EDLDB.MRCH_SANDBOX.MEDIAN_HOUSEHOLD_INCOME_ZIPCODE,EDLDB.MRCH_SANDBOX.CLINIC_PROFILE,EDLDB.MRCH_SANDBOX.CBSA_POPULATION,"active_customer_yoy_growth, active_customers_per_1000_households, clinic_orders_per_clinic, clinics_per_10000_households, corporate_clinic_share, practice_hub_clinic_share, veterinarians_per_10000_households",Hypothesis,True,market-attractiveness-synthetic-v1,1.0,SYNTHETIC_COMPLETE,prototype_ready,synthetic_prototype_only
proto:e215a55a1b,,"Bucyrus-Galion, OH","Bucyrus-Galion, OH",micropolitan,2026-07-31,2025-07-31,1109,1311.0,-0.154081,0.005698,10723.0,10723.0,103.42254965961018,42013.0,42013.0,45966.375,45966.375,7.0,7.0,5.0,5.0,6.528023873915882,4.662874195654202,0.0,0.0,0.0,2.0,2.0,0.2857142857142857,8014.0,8014.0,1144.857142857143,2013-05-05,2013-05-05,2020-09-09,2020-09-09,8.0,8.0,2026-07-31,2026-07-31,EDLDB.CDM.CUSTOMER_AGGREGATE_SNAPSHOT,EDLDB.MRCH_SANDBOX.CBSA_ZIPCODE_MAPPING,EDLDB.MRCH_SANDBOX.MEDIAN_HOUSEHOLD_INCOME_ZIPCODE,EDLDB.MRCH_SANDBOX.CLINIC_PROFILE,EDLDB.MRCH_SANDBOX.CBSA_POPULATION,"active_customer_yoy_growth, active_customers_per_1000_households, clinic_orders_per_clinic, clinics_per_10000_households, corporate_clinic_share, practice_hub_clinic_share, veterinarians_per_10000_households",Hypothesis,True,market-attractiveness-synthetic-v1,1.0,SYNTHETIC_COMPLETE,prototype_ready,synthetic_prototype_only
proto:cacdd09a4b,,"Burley, ID","Burley, ID",micropolitan,2026-07-31,2025-07-31,1105,1337.0,-0.173523,-0.013548,14150.0,14150.0,78.09187279151944,46428.0,46428.0,44559.625,44559.625,6.0,6.0,7.0,7.0,4.240282685512367,4.946996466431095,0.0,0.0,0.0,2.0,2.0,0.3333333333333333,3230.0,3230.0,538.3333333333334,2014-10-01,2014-10-01,2020-09-01,2020-09-01,8.0,8.0,2026-07-31,2026-07-31,EDLDB.CDM.CUSTOMER_AGGREGATE_SNAPSHOT,EDLDB.MRCH_SANDBOX.CBSA_ZIPCODE_MAPPING,EDLDB.MRCH_SANDBOX.MEDIAN_HOUSEHOLD_INCOME_ZIPCODE,EDLDB.MRCH_SANDBOX.CLINIC_PROFILE,EDLDB.MRCH_SANDBOX.CBSA_POPULATION,"active_customer_yoy_growth, active_customers_per_1000_households, clinic_orders_per_clinic, clinics_per_10000_households, corporate_clinic_share, practice_hub_clinic_share, veterinarians_per_10000_households",Hypothesis,True,market-attractiveness-synthetic-v1,1.0,SYNTHETIC_COMPLETE,prototype_ready,synthetic_prototype_only
proto:abd9926e3b,,"Washington Court House, OH","Washington Court House, OH",micropolitan,2026-07-31,2025-07-31,1098,1328.0,-0.173193,-0.012666,11810.0,11810.0,92.97205757832346,28975.0,28975.0,52417.0,52417.0,4.0,4.0,5.0,5.0,3.3869602032176123,4.233700254022015,0.0,0.0,0.0,0.0,0.0,0.0,2089.0,2089.0,522.25,2014-09-25,2014-09-25,2020-03-06,2020-03-06,4.0,4.0,2026-07-31,2026-07-31,EDLDB.CDM.CUSTOMER_AGGREGATE_SNAPSHOT,EDLDB.MRCH_SANDBOX.CBSA_ZIPCODE_MAPPING,EDLDB.MRCH_SANDBOX.MEDIAN_HOUSEHOLD_INCOME_ZIPCODE,EDLDB.MRCH_SANDBOX.CLINIC_PROFILE,EDLDB.MRCH_SANDBOX.CBSA_POPULATION,"active_customer_yoy_growth, active_customers_per_1000_households, clinic_orders_per_clinic, clinics_per_10000_households, corporate_clinic_share, practice_hub_clinic_share, veterinarians_per_10000_households",Hypothesis,True,market-attractiveness-synthetic-v1,1.0,SYNTHETIC_COMPLETE,prototype_ready,synthetic_prototype_only
proto:3cf43f1526,,"Van Wert, OH","Van Wert, OH",micropolitan,2026-07-31,2025-07-31,1096,1286.0,-0.147745,0.01529,9900.0,9900.0,110.70707070707071,28916.0,28916.0,60211.777778,60211.777778,2.0,2.0,3.0,3.0,2.0202020202020203,3.0303030303030303,0.0,0.0,0.0,1.0,1.0,0.5,2291.0,2291.0,1145.5,2013-09-22,2013-09-22,2014-06-29,2014-06-29,9.0,9.0,2026-07-31,2026-07-31,EDLDB.CDM.CUSTOMER_AGGREGATE_SNAPSHOT,EDLDB.MRCH_SANDBOX.CBSA_ZIPCODE_MAPPING,EDLDB.MRCH_SANDBOX.MEDIAN_HOUSEHOLD_INCOME_ZIPCODE,EDLDB.MRCH_SANDBOX.CLINIC_PROFILE,EDLDB.MRCH_SANDBOX.CBSA_POPULATION,"active_customer_yoy_growth, active_customers_per_1000_households, clinic_orders_per_clinic, clinics_per_10000_households, corporate_clinic_share, practice_hub_clinic_share, veterinarians_per_10000_households",Hypothesis,True,market-attractiveness-synthetic-v1,1.0,SYNTHETIC_COMPLETE,prototype_ready,synthetic_prototype_only
proto:6f6b3ba1f9,,"Fort Polk South, LA","Fort Polk South, LA",micropolitan,2026-07-31,2025-07-31,1093,1288.0,-0.151398,0.010399,17347.0,17347.0,63.00801291289561,,43359.0,46167.4,46167.4,6.0,6.0,13.0,13.0,3.4588113218423935,7.4940911973251865,0.0,0.0,0.0,2.0,2.0,0.3333333333333333,5375.0,5375.0,895.8333333333334,2012-11-18,2012-11-18,2021-03-22,2021-03-22,10.0,10.0,2026-07-31,2026-07-31,EDLDB.CDM.CUSTOMER_AGGREGATE_SNAPSHOT,EDLDB.MRCH_SANDBOX.CBSA_ZIPCODE_MAPPING,EDLDB.MRCH_SANDBOX.MEDIAN_HOUSEHOLD_INCOME_ZIPCODE,EDLDB.MRCH_SANDBOX.CLINIC_PROFILE,EDLDB.MRCH_SANDBOX.CBSA_POPULATION,"active_customer_yoy_growth, active_customers_per_1000_households, clinic_orders_per_clinic, clinics_per_10000_households, corporate_clinic_share, practice_hub_clinic_share, total_population, veterinarians_per_10000_households",Hypothesis,True,market-attractiveness-synthetic-v1,1.0,SYNTHETIC_COMPLETE,prototype_ready,synthetic_prototype_only
proto:faaa0de0bb,,"Coffeyville, KS","Coffeyville, KS",micropolitan,2026-07-31,2025-07-31,1084,1341.0,-0.191648,-0.031688,16935.0,16935.0,64.0094478889873,,42329.0,58046.166667,58046.166667,6.0,6.0,6.0,6.0,3.54295837023915,3.54295837023915,0.0,0.0,0.0,0.0,0.0,0.0,1244.0,1244.0,207.33333333333334,2014-09-29,2014-09-29,2022-06-10,2022-06-10,12.0,12.0,2026-07-31,2026-07-31,EDLDB.CDM.CUSTOMER_AGGREGATE_SNAPSHOT,EDLDB.MRCH_SANDBOX.CBSA_ZIPCODE_MAPPING,EDLDB.MRCH_SANDBOX.MEDIAN_HOUSEHOLD_INCOME_ZIPCODE,EDLDB.MRCH_SANDBOX.CLINIC_PROFILE,EDLDB.MRCH_SANDBOX.CBSA_POPULATION,"active_customer_yoy_growth, active_customers_per_1000_households, clinic_orders_per_clinic, clinics_per_10000_households, corporate_clinic_share, practice_hub_clinic_share, total_population, veterinarians_per_10000_households",Hypothesis,True,market-attractiveness-synthetic-v1,1.0,SYNTHETIC_COMPLETE,prototype_ready,synthetic_prototype_only
proto:7bb8291ea0,,"Martinsville, VA","Martinsville, VA",micropolitan,2026-07-31,2025-07-31,1081,1256.0,-0.139331,0.029021,11384.0,11384.0,94.95783555867884,,28454.0,36020.142857,36020.142857,4.0,4.0,11.0,11.0,3.5137034434293746,9.66268446943078,0.0,0.0,0.0,3.0,3.0,0.75,6845.0,6845.0,1711.25,2012-10-21,2012-10-21,2015-02-08,2015-02-08,7.0,7.0,2026-07-31,2026-07-31,EDLDB.CDM.CUSTOMER_AGGREGATE_SNAPSHOT,EDLDB.MRCH_SANDBOX.CBSA_ZIPCODE_MAPPING,EDLDB.MRCH_SANDBOX.MEDIAN_HOUSEHOLD_INCOME_ZIPCODE,EDLDB.MRCH_SANDBOX.CLINIC_PROFILE,EDLDB.MRCH_SANDBOX.CBSA_POPULATION,"active_customer_yoy_growth, active_customers_per_1000_households, clinic_orders_per_clinic, clinics_per_10000_households, corporate_clinic_share, practice_hub_clinic_share, total_population, veterinarians_per_10000_households",Hypothesis,True,market-attractiveness-synthetic-v1,1.0,SYNTHETIC_COMPLETE,prototype_ready,synthetic_prototype_only
proto:8358fbb2bc,,"Vincennes, IN","Vincennes, IN",micropolitan,2026-07-31,2025-07-31,1080,1300.0,-0.169231,-0.009039,14062.0,14062.0,76.80273076376048,36256.0,36256.0,45526.875,45526.875,6.0,6.0,10.0,10.0,4.266818375764472,7.111363959607452,0.0,0.0,0.0,1.0,1.0,0.16666666666666666,4175.0,4175.0,695.8333333333334,2014-03-16,2014-03-16,2021-04-15,2021-04-15,8.0,8.0,2026-07-31,2026-07-31,EDLDB.CDM.CUSTOMER_AGGREGATE_SNAPSHOT,EDLDB.MRCH_SANDBOX.CBSA_ZIPCODE_MAPPING,EDLDB.MRCH_SANDBOX.MEDIAN_HOUSEHOLD_INCOME_ZIPCODE,EDLDB.MRCH_SANDBOX.CLINIC_PROFILE,EDLDB.MRCH_SANDBOX.CBSA_POPULATION,"active_customer_yoy_growth, active_customers_per_1000_households, clinic_orders_per_clinic, clinics_per_10000_households, corporate_clinic_share, practice_hub_clinic_share, veterinarians_per_10000_households",Hypothesis,True,market-attractiveness-synthetic-v1,1.0,SYNTHETIC_COMPLETE,prototype_ready,synthetic_prototype_only
proto:500961c1e4,,"Great Bend, KS","Great Bend, KS",micropolitan,2026-07-31,2025-07-31,1071,1250.0,-0.1432,0.021541,13515.0,13515.0,79.24528301886792,25427.0,25427.0,50460.363636,50460.363636,6.0,6.0,12.0,12.0,4.439511653718092,8.879023307436183,0.0,0.0,0.0,0.0,0.0,0.0,2456.0,2456.0,409.3333333333333,2014-06-07,2014-06-07,2015-06-27,2015-06-27,11.0,11.0,2026-07-31,2026-07-31,EDLDB.CDM.CUSTOMER_AGGREGATE_SNAPSHOT,EDLDB.MRCH_SANDBOX.CBSA_ZIPCODE_MAPPING,EDLDB.MRCH_SANDBOX.MEDIAN_HOUSEHOLD_INCOME_ZIPCODE,EDLDB.MRCH_SANDBOX.CLINIC_PROFILE,EDLDB.MRCH_SANDBOX.CBSA_POPULATION,"active_customer_yoy_growth, active_customers_per_1000_households, clinic_orders_per_clinic, clinics_per_10000_households, corporate_clinic_share, practice_hub_clinic_share, veterinarians_per_10000_households",Hypothesis,True,market-attractiveness-synthetic-v1,1.0,SYNTHETIC_COMPLETE,prototype_ready,synthetic_prototype_only
proto:ca87f6be9c,,"Blackfoot, ID","Blackfoot, ID",micropolitan,2026-07-31,2025-07-31,1068,1264.0,-0.155063,0.003573,12088.0,12088.0,88.35208471211119,48097.0,48097.0,56703.375,56703.375,5.0,5.0,9.0,9.0,4.1363335539377895,7.445400397088021,0.0,0.0,0.0,0.0,0.0,0.0,3300.0,3300.0,660.0,2014-01-27,2014-01-27,2021-04-12,2021-04-12,8.0,8.0,2026-07-31,2026-07-31,EDLDB.CDM.CUSTOMER_AGGREGATE_SNAPSHOT,EDLDB.MRCH_SANDBOX.CBSA_ZIPCODE_MAPPING,EDLDB.MRCH_SANDBOX.MEDIAN_HOUSEHOLD_INCOME_ZIPCODE,EDLDB.MRCH_SANDBOX.CLINIC_PROFILE,EDLDB.MRCH_SANDBOX.CBSA_POPULATION,"active_customer_yoy_growth, active_customers_per_1000_households, clinic_orders_per_clinic, clinics_per_10000_households, corporate_clinic_share, practice_hub_clinic_share, veterinarians_per_10000_households",Hypothesis,True,market-attractiveness-synthetic-v1,1.0,SYNTHETIC_COMPLETE,prototype_ready,synthetic_prototype_only
proto:eee284e96d,,"Duncan, OK","Duncan, OK",micropolitan,2026-07-31,2025-07-31,1067,1241.0,-0.14021,0.026961,14078.0,14078.0,75.79201591135104,42822.0,42822.0,45914.428571,45914.428571,9.0,9.0,12.0,12.0,6.392953544537576,8.523938059383434,0.0,0.0,0.0,5.0,5.0,0.5555555555555556,4919.0,4919.0,546.5555555555555,2013-08-22,2013-08-22,2021-09-28,2021-09-28,7.0,7.0,2026-07-31,2026-07-31,EDLDB.CDM.CUSTOMER_AGGREGATE_SNAPSHOT,EDLDB.MRCH_SANDBOX.CBSA_ZIPCODE_MAPPING,EDLDB.MRCH_SANDBOX.MEDIAN_HOUSEHOLD_INCOME_ZIPCODE,EDLDB.MRCH_SANDBOX.CLINIC_PROFILE,EDLDB.MRCH_SANDBOX.CBSA_POPULATION,"active_customer_yoy_growth, active_customers_per_1000_households, clinic_orders_per_clinic, clinics_per_10000_households, corporate_clinic_share, practice_hub_clinic_share, veterinarians_per_10000_households",Hypothesis,True,market-attractiveness-synthetic-v1,1.0,SYNTHETIC_COMPLETE,prototype_ready,synthetic_prototype_only
proto:23881a9abf,,"Marshall, MN","Marshall, MN",micropolitan,2026-07-31,2025-07-31,1066,1270.0,-0.16063,-0.000876,13576.0,13576.0,78.52091926929876,25423.0,25423.0,63301.411765,63301.411765,7.0,7.0,8.0,8.0,5.156157925751326,5.892751915144372,0.0,0.0,0.0,1.0,1.0,0.14285714285714285,2990.0,2990.0,427.14285714285717,2012-10-26,2012-10-26,2022-11-27,2022-11-27,17.0,17.0,2026-07-31,2026-07-31,EDLDB.CDM.CUSTOMER_AGGREGATE_SNAPSHOT,EDLDB.MRCH_SANDBOX.CBSA_ZIPCODE_MAPPING,EDLDB.MRCH_SANDBOX.MEDIAN_HOUSEHOLD_INCOME_ZIPCODE,EDLDB.MRCH_SANDBOX.CLINIC_PROFILE,EDLDB.MRCH_SANDBOX.CBSA_POPULATION,"active_customer_yoy_growth, active_customers_per_1000_households, clinic_orders_per_clinic, clinics_per_10000_households, corporate_clinic_share, practice_hub_clinic_share, veterinarians_per_10000_households",Hypothesis,True,market-attractiveness-synthetic-v1,1.0,SYNTHETIC_COMPLETE,prototype_ready,synthetic_prototype_only
proto:91a306185b,,"Sterling, CO","Sterling, CO",micropolitan,2026-07-31,2025-07-31,1064,1231.0,-0.135662,0.033179,9421.0,9421.0,112.93917843116442,21210.0,21210.0,54571.25,54571.25,3.0,3.0,5.0,5.0,3.1843753317057635,5.307292219509606,0.0,0.0,0.0,1.0,1.0,0.3333333333333333,2275.0,2275.0,758.3333333333334,2013-09-02,2013-09-02,2022-01-16,2022-01-16,8.0,8.0,2026-07-31,2026-07-31,EDLDB.CDM.CUSTOMER_AGGREGATE_SNAPSHOT,EDLDB.MRCH_SANDBOX.CBSA_ZIPCODE_MAPPING,EDLDB.MRCH_SANDBOX.MEDIAN_HOUSEHOLD_INCOME_ZIPCODE,EDLDB.MRCH_SANDBOX.CLINIC_PROFILE,EDLDB.MRCH_SANDBOX.CBSA_POPULATION,"active_customer_yoy_growth, active_customers_per_1000_households, clinic_orders_per_clinic, clinics_per_10000_households, corporate_clinic_share, practice_hub_clinic_share, veterinarians_per_10000_households",Hypothesis,True,market-attractiveness-synthetic-v1,1.0,SYNTHETIC_COMPLETE,prototype_ready,synthetic_prototype_only
proto:b899c7761d,,"Columbus, NE","Columbus, NE",micropolitan,2026-07-31,2025-07-31,1056,1226.0,-0.138662,0.029584,14327.0,14327.0,73.70698680812451,44844.0,44844.0,63319.888889,63319.888889,7.0,7.0,14.0,14.0,4.88587980735674,9.77175961471348,0.0,0.0,0.0,2.0,2.0,0.2857142857142857,3872.0,3872.0,553.1428571428571,2013-01-03,2013-01-03,2023-04-29,2023-04-29,9.0,9.0,2026-07-31,2026-07-31,EDLDB.CDM.CUSTOMER_AGGREGATE_SNAPSHOT,EDLDB.MRCH_SANDBOX.CBSA_ZIPCODE_MAPPING,EDLDB.MRCH_SANDBOX.MEDIAN_HOUSEHOLD_INCOME_ZIPCODE,EDLDB.MRCH_SANDBOX.CLINIC_PROFILE,EDLDB.MRCH_SANDBOX.CBSA_POPULATION,"active_customer_yoy_growth, active_customers_per_1000_households, clinic_orders_per_clinic, clinics_per_10000_households, corporate_clinic_share, practice_hub_clinic_share, veterinarians_per_10000_households",Hypothesis,True,market-attractiveness-synthetic-v1,1.0,SYNTHETIC_COMPLETE,prototype_ready,synthetic_prototype_only
proto:ad42094e5f,,"Washington, IN","Washington, IN",micropolitan,2026-07-31,2025-07-31,1043,1273.0,-0.180676,-0.020699,13680.0,13680.0,76.24269005847952,33357.0,33357.0,63418.25,63418.25,6.0,6.0,6.0,6.0,4.385964912280702,4.385964912280702,0.0,0.0,0.0,2.0,2.0,0.3333333333333333,1037.0,1037.0,172.83333333333334,2014-08-21,2014-08-21,2023-05-30,2023-05-30,8.0,8.0,2026-07-31,2026-07-31,EDLDB.CDM.CUSTOMER_AGGREGATE_SNAPSHOT,EDLDB.MRCH_SANDBOX.CBSA_ZIPCODE_MAPPING,EDLDB.MRCH_SANDBOX.MEDIAN_HOUSEHOLD_INCOME_ZIPCODE,EDLDB.MRCH_SANDBOX.CLINIC_PROFILE,EDLDB.MRCH_SANDBOX.CBSA_POPULATION,"active_customer_yoy_growth, active_customers_per_1000_households, clinic_orders_per_clinic, clinics_per_10000_households, corporate_clinic_share, practice_hub_clinic_share, veterinarians_per_10000_households",Hypothesis,True,market-attractiveness-synthetic-v1,1.0,SYNTHETIC_COMPLETE,prototype_ready,synthetic_prototype_only
proto:532d063c5e,,"Lumberton, NC","Lumberton, NC",micropolitan,2026-07-31,2025-07-31,1041,1332.0,-0.218468,-0.052679,30688.0,30688.0,33.92205422314911,116309.0,116309.0,32160.571429,32160.571429,7.0,7.0,15.0,15.0,2.281021897810219,4.887904066736184,0.0,0.0,0.0,3.0,3.0,0.42857142857142855,11060.0,11060.0,1580.0,2013-03-14,2013-03-14,2018-09-12,2018-09-12,7.0,7.0,2026-07-31,2026-07-31,EDLDB.CDM.CUSTOMER_AGGREGATE_SNAPSHOT,EDLDB.MRCH_SANDBOX.CBSA_ZIPCODE_MAPPING,EDLDB.MRCH_SANDBOX.MEDIAN_HOUSEHOLD_INCOME_ZIPCODE,EDLDB.MRCH_SANDBOX.CLINIC_PROFILE,EDLDB.MRCH_SANDBOX.CBSA_POPULATION,"active_customer_yoy_growth, active_customers_per_1000_households, clinic_orders_per_clinic, clinics_per_10000_households, corporate_clinic_share, practice_hub_clinic_share, veterinarians_per_10000_households",Hypothesis,True,market-attractiveness-synthetic-v1,1.0,SYNTHETIC_COMPLETE,prototype_ready,synthetic_prototype_only
proto:0c4684e1ac,,"Toccoa, GA","Toccoa, GA",micropolitan,2026-07-31,2025-07-31,1041,1227.0,-0.151589,0.009999,11445.0,11445.0,90.956749672346,26818.0,26818.0,50099.333333,50099.333333,3.0,3.0,4.0,4.0,2.621231979030144,3.4949759720401925,0.0,0.0,0.0,1.0,1.0,0.3333333333333333,2017.0,2017.0,672.3333333333334,2014-02-02,2014-02-02,2020-11-22,2020-11-22,3.0,3.0,2026-07-31,2026-07-31,EDLDB.CDM.CUSTOMER_AGGREGATE_SNAPSHOT,EDLDB.MRCH_SANDBOX.CBSA_ZIPCODE_MAPPING,EDLDB.MRCH_SANDBOX.MEDIAN_HOUSEHOLD_INCOME_ZIPCODE,EDLDB.MRCH_SANDBOX.CLINIC_PROFILE,EDLDB.MRCH_SANDBOX.CBSA_POPULATION,"active_customer_yoy_growth, active_customers_per_1000_households, clinic_orders_per_clinic, clinics_per_10000_households, corporate_clinic_share, practice_hub_clinic_share, veterinarians_per_10000_households",Hypothesis,True,market-attractiveness-synthetic-v1,1.0,SYNTHETIC_COMPLETE,prototype_ready,synthetic_prototype_only
proto:6d040850e3,,"Emporia, KS","Emporia, KS",micropolitan,2026-07-31,2025-07-31,1036,1178.0,-0.120543,0.05019,15054.0,15054.0,68.8189185598512,34684.0,34684.0,45803.133333,45803.133333,2.0,2.0,3.0,3.0,1.3285505513484788,1.9928258270227184,0.0,0.0,0.0,1.0,1.0,0.5,1610.0,1610.0,805.0,2014-10-14,2014-10-14,2015-04-16,2015-04-16,15.0,15.0,2026-07-31,2026-07-31,EDLDB.CDM.CUSTOMER_AGGREGATE_SNAPSHOT,EDLDB.MRCH_SANDBOX.CBSA_ZIPCODE_MAPPING,EDLDB.MRCH_SANDBOX.MEDIAN_HOUSEHOLD_INCOME_ZIPCODE,EDLDB.MRCH_SANDBOX.CLINIC_PROFILE,EDLDB.MRCH_SANDBOX.CBSA_POPULATION,"active_customer_yoy_growth, active_customers_per_1000_households, clinic_orders_per_clinic, clinics_per_10000_households, corporate_clinic_share, practice_hub_clinic_share, veterinarians_per_10000_households",Hypothesis,True,market-attractiveness-synthetic-v1,1.0,SYNTHETIC_COMPLETE,prototype_ready,synthetic_prototype_only
proto:0913004fde,,"Jamestown, ND","Jamestown, ND",micropolitan,2026-07-31,2025-07-31,1031,1166.0,-0.11578,0.057978,11349.0,11349.0,90.84500837078156,21540.0,21540.0,50108.809524,50108.809524,3.0,3.0,4.0,4.0,2.6434047052603753,3.5245396070138337,0.0,0.0,0.0,0.0,0.0,0.0,2517.0,2517.0,839.0,2013-08-01,2013-08-01,2014-12-08,2014-12-08,21.0,21.0,2026-07-31,2026-07-31,EDLDB.CDM.CUSTOMER_AGGREGATE_SNAPSHOT,EDLDB.MRCH_SANDBOX.CBSA_ZIPCODE_MAPPING,EDLDB.MRCH_SANDBOX.MEDIAN_HOUSEHOLD_INCOME_ZIPCODE,EDLDB.MRCH_SANDBOX.CLINIC_PROFILE,EDLDB.MRCH_SANDBOX.CBSA_POPULATION,"active_customer_yoy_growth, active_customers_per_1000_households, clinic_orders_per_clinic, clinics_per_10000_households, corporate_clinic_share, practice_hub_clinic_share, veterinarians_per_10000_households",Hypothesis,True,market-attractiveness-synthetic-v1,1.0,SYNTHETIC_COMPLETE,prototype_ready,synthetic_prototype_only
proto:2a8c5dd9f4,,"Natchitoches, LA","Natchitoches, LA",micropolitan,2026-07-31,2025-07-31,1019,1194.0,-0.146566,0.017012,18779.0,18779.0,54.26274029501038,37387.0,37387.0,30674.428571,30674.428571,5.0,5.0,6.0,6.0,2.6625485915117952,3.195058309814154,0.0,0.0,0.0,2.0,2.0,0.4,4655.0,4655.0,931.0,2014-06-12,2014-06-12,2022-10-04,2022-10-04,14.0,14.0,2026-07-31,2026-07-31,EDLDB.CDM.CUSTOMER_AGGREGATE_SNAPSHOT,EDLDB.MRCH_SANDBOX.CBSA_ZIPCODE_MAPPING,EDLDB.MRCH_SANDBOX.MEDIAN_HOUSEHOLD_INCOME_ZIPCODE,EDLDB.MRCH_SANDBOX.CLINIC_PROFILE,EDLDB.MRCH_SANDBOX.CBSA_POPULATION,"active_customer_yoy_growth, active_customers_per_1000_households, clinic_orders_per_clinic, clinics_per_10000_households, corporate_clinic_share, practice_hub_clinic_share, veterinarians_per_10000_households",Hypothesis,True,market-attractiveness-synthetic-v1,1.0,SYNTHETIC_COMPLETE,prototype_ready,synthetic_prototype_only
proto:d521657a60,,"McPherson, KS","McPherson, KS",micropolitan,2026-07-31,2025-07-31,1016,1132.0,-0.102473,0.07743,10488.0,10488.0,96.87261632341723,30184.0,30184.0,60517.833333,60517.833333,6.0,6.0,8.0,8.0,5.720823798627002,7.627765064836003,0.0,0.0,0.0,4.0,4.0,0.6666666666666666,6551.0,6551.0,1091.8333333333333,2014-10-06,2014-10-06,2019-12-16,2019-12-16,6.0,6.0,2026-07-31,2026-07-31,EDLDB.CDM.CUSTOMER_AGGREGATE_SNAPSHOT,EDLDB.MRCH_SANDBOX.CBSA_ZIPCODE_MAPPING,EDLDB.MRCH_SANDBOX.MEDIAN_HOUSEHOLD_INCOME_ZIPCODE,EDLDB.MRCH_SANDBOX.CLINIC_PROFILE,EDLDB.MRCH_SANDBOX.CBSA_POPULATION,"active_customer_yoy_growth, active_customers_per_1000_households, clinic_orders_per_clinic, clinics_per_10000_households, corporate_clinic_share, practice_hub_clinic_share, veterinarians_per_10000_households",Hypothesis,True,market-attractiveness-synthetic-v1,1.0,SYNTHETIC_COMPLETE,prototype_ready,synthetic_prototype_only
proto:0e8ae15b94,,"Jasper, AL","Jasper, AL",micropolitan,2026-07-31,2025-07-31,1011,1191.0,-0.151134,0.011194,20762.0,20762.0,48.69473075811579,,51895.0,40993.9,40993.9,8.0,8.0,8.0,8.0,3.853193333975532,3.853193333975532,0.0,0.0,0.0,0.0,0.0,0.0,995.0,995.0,124.375,2014-01-16,2014-01-16,2022-12-17,2022-12-17,10.0,10.0,2026-07-31,2026-07-31,EDLDB.CDM.CUSTOMER_AGGREGATE_SNAPSHOT,EDLDB.MRCH_SANDBOX.CBSA_ZIPCODE_MAPPING,EDLDB.MRCH_SANDBOX.MEDIAN_HOUSEHOLD_INCOME_ZIPCODE,EDLDB.MRCH_SANDBOX.CLINIC_PROFILE,EDLDB.MRCH_SANDBOX.CBSA_POPULATION,"active_customer_yoy_growth, active_customers_per_1000_households, clinic_orders_per_clinic, clinics_per_10000_households, corporate_clinic_share, practice_hub_clinic_share, total_population, veterinarians_per_10000_households",Hypothesis,True,market-attractiveness-synthetic-v1,1.0,SYNTHETIC_COMPLETE,prototype_ready,synthetic_prototype_only
proto:8425d6a216,,"Wapakoneta, OH","Wapakoneta, OH",micropolitan,2026-07-31,2025-07-31,1006,1174.0,-0.143101,0.021729,10184.0,10184.0,98.78240377062059,46472.0,46472.0,76387.125,76387.125,9.0,9.0,10.0,10.0,8.837391987431264,9.819324430479183,0.0,0.0,0.0,1.0,1.0,0.1111111111111111,1732.0,1732.0,192.44444444444446,2014-07-21,2014-07-21,2021-10-05,2021-10-05,8.0,8.0,2026-07-31,2026-07-31,EDLDB.CDM.CUSTOMER_AGGREGATE_SNAPSHOT,EDLDB.MRCH_SANDBOX.CBSA_ZIPCODE_MAPPING,EDLDB.MRCH_SANDBOX.MEDIAN_HOUSEHOLD_INCOME_ZIPCODE,EDLDB.MRCH_SANDBOX.CLINIC_PROFILE,EDLDB.MRCH_SANDBOX.CBSA_POPULATION,"active_customer_yoy_growth, active_customers_per_1000_households, clinic_orders_per_clinic, clinics_per_10000_households, corporate_clinic_share, practice_hub_clinic_share, veterinarians_per_10000_households",Hypothesis,True,market-attractiveness-synthetic-v1,1.0,SYNTHETIC_COMPLETE,prototype_ready,synthetic_prototype_only
proto:ac7b67cfcb,,"Winfield, KS","Winfield, KS",micropolitan,2026-07-31,2025-07-31,984,1120.0,-0.121429,0.048393,13034.0,13034.0,75.49485959797452,,32579.0,49647.833333,49647.833333,7.0,7.0,6.0,6.0,5.370569280343716,4.6033450974374714,0.0,0.0,0.0,1.0,1.0,0.14285714285714285,2907.0,2907.0,415.2857142857143,2014-06-11,2014-06-11,2023-09-03,2023-09-03,6.0,6.0,2026-07-31,2026-07-31,EDLDB.CDM.CUSTOMER_AGGREGATE_SNAPSHOT,EDLDB.MRCH_SANDBOX.CBSA_ZIPCODE_MAPPING,EDLDB.MRCH_SANDBOX.MEDIAN_HOUSEHOLD_INCOME_ZIPCODE,EDLDB.MRCH_SANDBOX.CLINIC_PROFILE,EDLDB.MRCH_SANDBOX.CBSA_POPULATION,"active_customer_yoy_growth, active_customers_per_1000_households, clinic_orders_per_clinic, clinics_per_10000_households, corporate_clinic_share, practice_hub_clinic_share, total_population, veterinarians_per_10000_households",Hypothesis,True,market-attractiveness-synthetic-v1,1.0,SYNTHETIC_COMPLETE,prototype_ready,synthetic_prototype_only
proto:9dc08c6314,,"Fairmont, MN","Fairmont, MN",micropolitan,2026-07-31,2025-07-31,981,1140.0,-0.139474,0.028646,11453.0,11453.0,85.65441369073605,19987.0,19987.0,54066.071429,54066.071429,3.0,3.0,3.0,3.0,2.6194010302977384,2.6194010302977384,0.0,0.0,0.0,1.0,1.0,0.3333333333333333,3175.0,3175.0,1058.3333333333333,2012-11-27,2012-11-27,2015-01-28,2015-01-28,14.0,14.0,2026-07-31,2026-07-31,EDLDB.CDM.CUSTOMER_AGGREGATE_SNAPSHOT,EDLDB.MRCH_SANDBOX.CBSA_ZIPCODE_MAPPING,EDLDB.MRCH_SANDBOX.MEDIAN_HOUSEHOLD_INCOME_ZIPCODE,EDLDB.MRCH_SANDBOX.CLINIC_PROFILE,EDLDB.MRCH_SANDBOX.CBSA_POPULATION,"active_customer_yoy_growth, active_customers_per_1000_households, clinic_orders_per_clinic, clinics_per_10000_households, corporate_clinic_share, practice_hub_clinic_share, veterinarians_per_10000_households",Hypothesis,True,market-attractiveness-synthetic-v1,1.0,SYNTHETIC_COMPLETE,prototype_ready,synthetic_prototype_only
proto:3f3d681798,,"Marshalltown, IA","Marshalltown, IA",micropolitan,2026-07-31,2025-07-31,979,1148.0,-0.147213,0.015866,14257.0,14257.0,68.66802272567861,40096.0,40096.0,58954.333333,58954.333333,6.0,6.0,7.0,7.0,4.208459002595217,4.9098688363610865,0.0,0.0,0.0,0.0,0.0,0.0,1182.0,1182.0,197.0,2013-11-09,2013-11-09,2023-06-27,2023-06-27,9.0,9.0,2026-07-31,2026-07-31,EDLDB.CDM.CUSTOMER_AGGREGATE_SNAPSHOT,EDLDB.MRCH_SANDBOX.CBSA_ZIPCODE_MAPPING,EDLDB.MRCH_SANDBOX.MEDIAN_HOUSEHOLD_INCOME_ZIPCODE,EDLDB.MRCH_SANDBOX.CLINIC_PROFILE,EDLDB.MRCH_SANDBOX.CBSA_POPULATION,"active_customer_yoy_growth, active_customers_per_1000_households, clinic_orders_per_clinic, clinics_per_10000_households, corporate_clinic_share, practice_hub_clinic_share, veterinarians_per_10000_households",Hypothesis,True,market-attractiveness-synthetic-v1,1.0,SYNTHETIC_COMPLETE,prototype_ready,synthetic_prototype_only
proto:e7dd09ab1b,,"Waycross, GA","Waycross, GA",micropolitan,2026-07-31,2025-07-31,979,1220.0,-0.197541,-0.034361,16629.0,16629.0,58.87305310000601,55976.0,55976.0,39091.25,39091.25,5.0,5.0,8.0,8.0,3.006795357507968,4.810872572012749,0.0,0.0,0.0,3.0,3.0,0.6,8909.0,8909.0,1781.8,2013-04-12,2013-04-12,2021-02-15,2021-02-15,8.0,8.0,2026-07-31,2026-07-31,EDLDB.CDM.CUSTOMER_AGGREGATE_SNAPSHOT,EDLDB.MRCH_SANDBOX.CBSA_ZIPCODE_MAPPING,EDLDB.MRCH_SANDBOX.MEDIAN_HOUSEHOLD_INCOME_ZIPCODE,EDLDB.MRCH_SANDBOX.CLINIC_PROFILE,EDLDB.MRCH_SANDBOX.CBSA_POPULATION,"active_customer_yoy_growth, active_customers_per_1000_households, clinic_orders_per_clinic, clinics_per_10000_households, corporate_clinic_share, practice_hub_clinic_share, veterinarians_per_10000_households",Hypothesis,True,market-attractiveness-synthetic-v1,1.0,SYNTHETIC_COMPLETE,prototype_ready,synthetic_prototype_only
proto:770c4fbbc6,,"Alma, MI","Alma, MI",micropolitan,2026-07-31,2025-07-31,971,1109.0,-0.124436,0.04557,9229.0,9229.0,105.21183226785135,41683.0,41683.0,51888.166667,51888.166667,6.0,6.0,8.0,8.0,6.501246072163831,8.668328096218442,0.0,0.0,0.0,2.0,2.0,0.3333333333333333,10943.0,10943.0,1823.8333333333333,2014-09-26,2014-09-26,2021-07-01,2021-07-01,6.0,6.0,2026-07-31,2026-07-31,EDLDB.CDM.CUSTOMER_AGGREGATE_SNAPSHOT,EDLDB.MRCH_SANDBOX.CBSA_ZIPCODE_MAPPING,EDLDB.MRCH_SANDBOX.MEDIAN_HOUSEHOLD_INCOME_ZIPCODE,EDLDB.MRCH_SANDBOX.CLINIC_PROFILE,EDLDB.MRCH_SANDBOX.CBSA_POPULATION,"active_customer_yoy_growth, active_customers_per_1000_households, clinic_orders_per_clinic, clinics_per_10000_households, corporate_clinic_share, practice_hub_clinic_share, veterinarians_per_10000_households",Hypothesis,True,market-attractiveness-synthetic-v1,1.0,SYNTHETIC_COMPLETE,prototype_ready,synthetic_prototype_only
proto:821fe56058,,"Auburn, IN","Auburn, IN",micropolitan,2026-07-31,2025-07-31,964,1132.0,-0.14841,0.014519,8706.0,8706.0,110.72823340225132,43292.0,43292.0,60936.333333,60936.333333,3.0,3.0,6.0,6.0,3.4458993797381114,6.891798759476223,0.0,0.0,0.0,2.0,2.0,0.6666666666666666,5497.0,5497.0,1832.3333333333333,2012-11-25,2012-11-25,2014-10-15,2014-10-15,6.0,6.0,2026-07-31,2026-07-31,EDLDB.CDM.CUSTOMER_AGGREGATE_SNAPSHOT,EDLDB.MRCH_SANDBOX.CBSA_ZIPCODE_MAPPING,EDLDB.MRCH_SANDBOX.MEDIAN_HOUSEHOLD_INCOME_ZIPCODE,EDLDB.MRCH_SANDBOX.CLINIC_PROFILE,EDLDB.MRCH_SANDBOX.CBSA_POPULATION,"active_customer_yoy_growth, active_customers_per_1000_households, clinic_orders_per_clinic, clinics_per_10000_households, corporate_clinic_share, practice_hub_clinic_share, veterinarians_per_10000_households",Hypothesis,True,market-attractiveness-synthetic-v1,1.0,SYNTHETIC_COMPLETE,prototype_ready,synthetic_prototype_only
proto:c7c1ab68d8,,"Orangeburg, SC","Orangeburg, SC",micropolitan,2026-07-31,2025-07-31,962,1171.0,-0.17848,-0.017609,19990.0,19990.0,48.124062031015505,83954.0,83954.0,30106.3,30106.3,6.0,6.0,11.0,11.0,3.0015007503751874,5.502751375687844,0.0,0.0,0.0,4.0,4.0,0.6666666666666666,8310.0,8310.0,1385.0,2013-05-30,2013-05-30,2022-10-11,2022-10-11,10.0,10.0,2026-07-31,2026-07-31,EDLDB.CDM.CUSTOMER_AGGREGATE_SNAPSHOT,EDLDB.MRCH_SANDBOX.CBSA_ZIPCODE_MAPPING,EDLDB.MRCH_SANDBOX.MEDIAN_HOUSEHOLD_INCOME_ZIPCODE,EDLDB.MRCH_SANDBOX.CLINIC_PROFILE,EDLDB.MRCH_SANDBOX.CBSA_POPULATION,"active_customer_yoy_growth, active_customers_per_1000_households, clinic_orders_per_clinic, clinics_per_10000_households, corporate_clinic_share, practice_hub_clinic_share, veterinarians_per_10000_households",Hypothesis,True,market-attractiveness-synthetic-v1,1.0,SYNTHETIC_COMPLETE,prototype_ready,synthetic_prototype_only
proto:f382812a98,,"Carroll, IA","Carroll, IA",micropolitan,2026-07-31,2025-07-31,958,1092.0,-0.122711,0.047077,12627.0,12627.0,75.86916924051636,20726.0,20726.0,56661.388889,56661.388889,4.0,4.0,5.0,5.0,3.167814999604023,3.9597687495050287,0.0,0.0,0.0,0.0,0.0,0.0,693.0,693.0,173.25,2014-03-08,2014-03-08,2020-11-10,2020-11-10,18.0,18.0,2026-07-31,2026-07-31,EDLDB.CDM.CUSTOMER_AGGREGATE_SNAPSHOT,EDLDB.MRCH_SANDBOX.CBSA_ZIPCODE_MAPPING,EDLDB.MRCH_SANDBOX.MEDIAN_HOUSEHOLD_INCOME_ZIPCODE,EDLDB.MRCH_SANDBOX.CLINIC_PROFILE,EDLDB.MRCH_SANDBOX.CBSA_POPULATION,"active_customer_yoy_growth, active_customers_per_1000_households, clinic_orders_per_clinic, clinics_per_10000_households, corporate_clinic_share, practice_hub_clinic_share, veterinarians_per_10000_households",Hypothesis,True,market-attractiveness-synthetic-v1,1.0,SYNTHETIC_COMPLETE,prototype_ready,synthetic_prototype_only
proto:80af187047,,"Lincoln, IL","Lincoln, IL",micropolitan,2026-07-31,2025-07-31,951,1103.0,-0.137806,0.030903,8243.0,8243.0,115.37061749363096,27912.0,27912.0,47471.111111,47471.111111,4.0,4.0,12.0,12.0,4.852602207934004,14.557806623802014,0.0,0.0,0.0,0.0,0.0,0.0,6021.0,6021.0,1505.25,2013-04-20,2013-04-20,2015-01-19,2015-01-19,9.0,9.0,2026-07-31,2026-07-31,EDLDB.CDM.CUSTOMER_AGGREGATE_SNAPSHOT,EDLDB.MRCH_SANDBOX.CBSA_ZIPCODE_MAPPING,EDLDB.MRCH_SANDBOX.MEDIAN_HOUSEHOLD_INCOME_ZIPCODE,EDLDB.MRCH_SANDBOX.CLINIC_PROFILE,EDLDB.MRCH_SANDBOX.CBSA_POPULATION,"active_customer_yoy_growth, active_customers_per_1000_households, clinic_orders_per_clinic, clinics_per_10000_households, corporate_clinic_share, practice_hub_clinic_share, veterinarians_per_10000_households",Hypothesis,True,market-attractiveness-synthetic-v1,1.0,SYNTHETIC_COMPLETE,prototype_ready,synthetic_prototype_only
proto:0f8a4c6730,,"Clewiston, FL","Clewiston, FL",micropolitan,2026-07-31,2025-07-31,949,1170.0,-0.188889,-0.02743,9825.0,9825.0,96.59033078880407,51801.0,51801.0,25466.0,25466.0,9.0,9.0,8.0,8.0,9.16030534351145,8.142493638676845,0.0,0.0,0.0,4.0,4.0,0.4444444444444444,6111.0,6111.0,679.0,2012-11-21,2012-11-21,2023-04-27,2023-04-27,3.0,3.0,2026-07-31,2026-07-31,EDLDB.CDM.CUSTOMER_AGGREGATE_SNAPSHOT,EDLDB.MRCH_SANDBOX.CBSA_ZIPCODE_MAPPING,EDLDB.MRCH_SANDBOX.MEDIAN_HOUSEHOLD_INCOME_ZIPCODE,EDLDB.MRCH_SANDBOX.CLINIC_PROFILE,EDLDB.MRCH_SANDBOX.CBSA_POPULATION,"active_customer_yoy_growth, active_customers_per_1000_households, clinic_orders_per_clinic, clinics_per_10000_households, corporate_clinic_share, practice_hub_clinic_share, veterinarians_per_10000_households",Hypothesis,True,market-attractiveness-synthetic-v1,1.0,SYNTHETIC_COMPLETE,prototype_ready,synthetic_prototype_only
proto:abdb599b5c,,"Wabash, IN","Wabash, IN",micropolitan,2026-07-31,2025-07-31,941,1106.0,-0.149186,0.013355,9679.0,9679.0,97.22078727141233,30934.0,30934.0,50279.75,50279.75,4.0,4.0,7.0,7.0,4.132658332472363,7.232152081826635,0.0,0.0,0.0,0.0,0.0,0.0,5812.0,5812.0,1453.0,2012-11-05,2012-11-05,2018-04-02,2018-04-02,8.0,8.0,2026-07-31,2026-07-31,EDLDB.CDM.CUSTOMER_AGGREGATE_SNAPSHOT,EDLDB.MRCH_SANDBOX.CBSA_ZIPCODE_MAPPING,EDLDB.MRCH_SANDBOX.MEDIAN_HOUSEHOLD_INCOME_ZIPCODE,EDLDB.MRCH_SANDBOX.CLINIC_PROFILE,EDLDB.MRCH_SANDBOX.CBSA_POPULATION,"active_customer_yoy_growth, active_customers_per_1000_households, clinic_orders_per_clinic, clinics_per_10000_households, corporate_clinic_share, practice_hub_clinic_share, veterinarians_per_10000_households",Hypothesis,True,market-attractiveness-synthetic-v1,1.0,SYNTHETIC_COMPLETE,prototype_ready,synthetic_prototype_only
proto:35c01c3e17,,"Winnemucca, NV","Winnemucca, NV",micropolitan,2026-07-31,2025-07-31,938,1055.0,-0.1109,0.064297,6971.0,6971.0,134.55745230239563,17271.0,17271.0,27434.875,27434.875,4.0,4.0,5.0,5.0,5.738057667479558,7.172572084349448,0.0,0.0,0.0,2.0,2.0,0.5,2888.0,2888.0,722.0,2014-10-14,2014-10-14,2022-09-12,2022-09-12,8.0,8.0,2026-07-31,2026-07-31,EDLDB.CDM.CUSTOMER_AGGREGATE_SNAPSHOT,EDLDB.MRCH_SANDBOX.CBSA_ZIPCODE_MAPPING,EDLDB.MRCH_SANDBOX.MEDIAN_HOUSEHOLD_INCOME_ZIPCODE,EDLDB.MRCH_SANDBOX.CLINIC_PROFILE,EDLDB.MRCH_SANDBOX.CBSA_POPULATION,"active_customer_yoy_growth, active_customers_per_1000_households, clinic_orders_per_clinic, clinics_per_10000_households, corporate_clinic_share, practice_hub_clinic_share, veterinarians_per_10000_households",Hypothesis,True,market-attractiveness-synthetic-v1,1.0,SYNTHETIC_COMPLETE,prototype_ready,synthetic_prototype_only
proto:dad5cbe830,,"Vidalia, GA","Vidalia, GA",micropolitan,2026-07-31,2025-07-31,935,1127.0,-0.170364,-0.010677,16170.0,16170.0,57.823129251700685,35654.0,35654.0,32242.111111,32242.111111,4.0,4.0,5.0,5.0,2.473716759431045,3.0921459492888066,0.0,0.0,0.0,3.0,3.0,0.75,6722.0,6722.0,1680.5,2012-12-27,2012-12-27,2015-01-05,2015-01-05,9.0,9.0,2026-07-31,2026-07-31,EDLDB.CDM.CUSTOMER_AGGREGATE_SNAPSHOT,EDLDB.MRCH_SANDBOX.CBSA_ZIPCODE_MAPPING,EDLDB.MRCH_SANDBOX.MEDIAN_HOUSEHOLD_INCOME_ZIPCODE,EDLDB.MRCH_SANDBOX.CLINIC_PROFILE,EDLDB.MRCH_SANDBOX.CBSA_POPULATION,"active_customer_yoy_growth, active_customers_per_1000_households, clinic_orders_per_clinic, clinics_per_10000_households, corporate_clinic_share, practice_hub_clinic_share, veterinarians_per_10000_households",Hypothesis,True,market-attractiveness-synthetic-v1,1.0,SYNTHETIC_COMPLETE,prototype_ready,synthetic_prototype_only
proto:578582795d,,"Ruston, LA","Ruston, LA",micropolitan,2026-07-31,2025-07-31,931,1082.0,-0.139556,0.028459,16988.0,16988.0,54.80339062867907,48309.0,48309.0,29993.666667,29993.666667,5.0,5.0,7.0,7.0,2.943254061690605,4.120555686366847,0.0,0.0,0.0,2.0,2.0,0.4,5305.0,5305.0,1061.0,2012-11-28,2012-11-28,2020-10-04,2020-10-04,6.0,6.0,2026-07-31,2026-07-31,EDLDB.CDM.CUSTOMER_AGGREGATE_SNAPSHOT,EDLDB.MRCH_SANDBOX.CBSA_ZIPCODE_MAPPING,EDLDB.MRCH_SANDBOX.MEDIAN_HOUSEHOLD_INCOME_ZIPCODE,EDLDB.MRCH_SANDBOX.CLINIC_PROFILE,EDLDB.MRCH_SANDBOX.CBSA_POPULATION,"active_customer_yoy_growth, active_customers_per_1000_households, clinic_orders_per_clinic, clinics_per_10000_households, corporate_clinic_share, practice_hub_clinic_share, veterinarians_per_10000_households",Hypothesis,True,market-attractiveness-synthetic-v1,1.0,SYNTHETIC_COMPLETE,prototype_ready,synthetic_prototype_only
proto:8f1c10fde7,,"Decatur, IN","Decatur, IN",micropolitan,2026-07-31,2025-07-31,928,1098.0,-0.154827,0.00443,11182.0,11182.0,82.9905204793418,,27949.0,51298.166667,51298.166667,4.0,4.0,7.0,7.0,3.577177606868181,6.260060812019317,0.0,0.0,0.0,0.0,0.0,0.0,3754.0,3754.0,938.5,2013-08-17,2013-08-17,2014-10-09,2014-10-09,6.0,6.0,2026-07-31,2026-07-31,EDLDB.CDM.CUSTOMER_AGGREGATE_SNAPSHOT,EDLDB.MRCH_SANDBOX.CBSA_ZIPCODE_MAPPING,EDLDB.MRCH_SANDBOX.MEDIAN_HOUSEHOLD_INCOME_ZIPCODE,EDLDB.MRCH_SANDBOX.CLINIC_PROFILE,EDLDB.MRCH_SANDBOX.CBSA_POPULATION,"active_customer_yoy_growth, active_customers_per_1000_households, clinic_orders_per_clinic, clinics_per_10000_households, corporate_clinic_share, practice_hub_clinic_share, total_population, veterinarians_per_10000_households",Hypothesis,True,market-attractiveness-synthetic-v1,1.0,SYNTHETIC_COMPLETE,prototype_ready,synthetic_prototype_only
proto:faecc645ba,,"Menomonie, WI","Menomonie, WI",micropolitan,2026-07-31,2025-07-31,925,1079.0,-0.142725,0.023226,7311.0,7311.0,126.52167966078513,,18274.0,51125.625,51125.625,4.0,4.0,10.0,10.0,5.471207769115033,13.67801942278758,0.0,0.0,0.0,2.0,2.0,0.5,3764.0,3764.0,941.0,2013-08-28,2013-08-28,2020-01-27,2020-01-27,8.0,8.0,2026-07-31,2026-07-31,EDLDB.CDM.CUSTOMER_AGGREGATE_SNAPSHOT,EDLDB.MRCH_SANDBOX.CBSA_ZIPCODE_MAPPING,EDLDB.MRCH_SANDBOX.MEDIAN_HOUSEHOLD_INCOME_ZIPCODE,EDLDB.MRCH_SANDBOX.CLINIC_PROFILE,EDLDB.MRCH_SANDBOX.CBSA_POPULATION,"active_customer_yoy_growth, active_customers_per_1000_households, clinic_orders_per_clinic, clinics_per_10000_households, corporate_clinic_share, practice_hub_clinic_share, total_population, veterinarians_per_10000_households",Hypothesis,True,market-attractiveness-synthetic-v1,1.0,SYNTHETIC_COMPLETE,prototype_ready,synthetic_prototype_only
proto:c4de05f1af,,"El Dorado, AR","El Dorado, AR",micropolitan,2026-07-31,2025-07-31,917,1085.0,-0.154839,0.00411,16027.0,16027.0,57.21594808760217,38931.0,38931.0,38094.0,38094.0,4.0,4.0,5.0,5.0,2.495788357147314,3.1197354464341425,0.0,0.0,0.0,2.0,2.0,0.5,4688.0,4688.0,1172.0,2013-09-28,2013-09-28,2022-02-20,2022-02-20,8.0,8.0,2026-07-31,2026-07-31,EDLDB.CDM.CUSTOMER_AGGREGATE_SNAPSHOT,EDLDB.MRCH_SANDBOX.CBSA_ZIPCODE_MAPPING,EDLDB.MRCH_SANDBOX.MEDIAN_HOUSEHOLD_INCOME_ZIPCODE,EDLDB.MRCH_SANDBOX.CLINIC_PROFILE,EDLDB.MRCH_SANDBOX.CBSA_POPULATION,"active_customer_yoy_growth, active_customers_per_1000_households, clinic_orders_per_clinic, clinics_per_10000_households, corporate_clinic_share, practice_hub_clinic_share, veterinarians_per_10000_households",Hypothesis,True,market-attractiveness-synthetic-v1,1.0,SYNTHETIC_COMPLETE,prototype_ready,synthetic_prototype_only
proto:8e8fd6a10e,,"Lexington, NE","Lexington, NE",micropolitan,2026-07-31,2025-07-31,917,1044.0,-0.121648,0.048172,12844.0,12844.0,71.3952039862971,25981.0,25981.0,57515.176471,57515.176471,8.0,8.0,11.0,11.0,6.2285892245406425,8.564310183743382,0.0,0.0,0.0,1.0,1.0,0.125,1613.0,1613.0,201.625,2014-04-17,2014-04-17,2022-07-03,2022-07-03,17.0,17.0,2026-07-31,2026-07-31,EDLDB.CDM.CUSTOMER_AGGREGATE_SNAPSHOT,EDLDB.MRCH_SANDBOX.CBSA_ZIPCODE_MAPPING,EDLDB.MRCH_SANDBOX.MEDIAN_HOUSEHOLD_INCOME_ZIPCODE,EDLDB.MRCH_SANDBOX.CLINIC_PROFILE,EDLDB.MRCH_SANDBOX.CBSA_POPULATION,"active_customer_yoy_growth, active_customers_per_1000_households, clinic_orders_per_clinic, clinics_per_10000_households, corporate_clinic_share, practice_hub_clinic_share, veterinarians_per_10000_households",Hypothesis,True,market-attractiveness-synthetic-v1,1.0,SYNTHETIC_COMPLETE,prototype_ready,synthetic_prototype_only
proto:93bebc33f3,,"Lewisburg, TN","Lewisburg, TN",micropolitan,2026-07-31,2025-07-31,914,1069.0,-0.144995,0.019663,4977.0,12073.0,75.70612109666197,,30177.0,55593.0,55593.0,6.0,6.0,10.0,10.0,4.969767249233827,8.282945415389712,0.0,0.0,0.0,2.0,2.0,0.3333333333333333,9678.0,9678.0,1613.0,2013-06-05,2013-06-05,2023-10-11,2023-10-11,4.0,4.0,2026-07-31,2026-07-31,EDLDB.CDM.CUSTOMER_AGGREGATE_SNAPSHOT,EDLDB.MRCH_SANDBOX.CBSA_ZIPCODE_MAPPING,EDLDB.MRCH_SANDBOX.MEDIAN_HOUSEHOLD_INCOME_ZIPCODE,EDLDB.MRCH_SANDBOX.CLINIC_PROFILE,EDLDB.MRCH_SANDBOX.CBSA_POPULATION,"active_customer_yoy_growth, active_customers_per_1000_households, clinic_orders_per_clinic, clinics_per_10000_households, corporate_clinic_share, practice_hub_clinic_share, total_households, total_population, veterinarians_per_10000_households",Hypothesis,True,market-attractiveness-synthetic-v1,1.0,SYNTHETIC_COMPLETE,prototype_ready,synthetic_prototype_only
proto:3daa533e2d,,"Yankton, SD","Yankton, SD",micropolitan,2026-07-31,2025-07-31,914,1032.0,-0.114341,0.05985,10315.0,10315.0,88.60882210373244,23286.0,23286.0,65209.375,65209.375,5.0,5.0,4.0,4.0,4.847309743092584,3.877847794474067,0.0,0.0,0.0,1.0,1.0,0.2,2148.0,2148.0,429.6,2014-03-01,2014-03-01,2015-04-02,2015-04-02,8.0,8.0,2026-07-31,2026-07-31,EDLDB.CDM.CUSTOMER_AGGREGATE_SNAPSHOT,EDLDB.MRCH_SANDBOX.CBSA_ZIPCODE_MAPPING,EDLDB.MRCH_SANDBOX.MEDIAN_HOUSEHOLD_INCOME_ZIPCODE,EDLDB.MRCH_SANDBOX.CLINIC_PROFILE,EDLDB.MRCH_SANDBOX.CBSA_POPULATION,"active_customer_yoy_growth, active_customers_per_1000_households, clinic_orders_per_clinic, clinics_per_10000_households, corporate_clinic_share, practice_hub_clinic_share, veterinarians_per_10000_households",Hypothesis,True,market-attractiveness-synthetic-v1,1.0,SYNTHETIC_COMPLETE,prototype_ready,synthetic_prototype_only
proto:73ba3ce3d1,,"Mount Vernon, OH","Mount Vernon, OH",micropolitan,2026-07-31,2025-07-31,911,978.0,-0.068507,0.114006,5837.0,5837.0,156.07332533835876,,14590.0,58847.5,58847.5,11.0,11.0,28.0,28.0,18.845297241733768,47.969847524413225,0.0,0.0,0.0,2.0,2.0,0.18181818181818182,12690.0,12690.0,1153.6363636363637,2012-11-15,2012-11-15,2023-02-19,2023-02-19,6.0,6.0,2026-07-31,2026-07-31,EDLDB.CDM.CUSTOMER_AGGREGATE_SNAPSHOT,EDLDB.MRCH_SANDBOX.CBSA_ZIPCODE_MAPPING,EDLDB.MRCH_SANDBOX.MEDIAN_HOUSEHOLD_INCOME_ZIPCODE,EDLDB.MRCH_SANDBOX.CLINIC_PROFILE,EDLDB.MRCH_SANDBOX.CBSA_POPULATION,"active_customer_yoy_growth, active_customers_per_1000_households, clinic_orders_per_clinic, clinics_per_10000_households, corporate_clinic_share, practice_hub_clinic_share, total_population, veterinarians_per_10000_households",Hypothesis,True,market-attractiveness-synthetic-v1,1.0,SYNTHETIC_COMPLETE,prototype_ready,synthetic_prototype_only
proto:9643a8a868,,"Mount Sterling, KY","Mount Sterling, KY",micropolitan,2026-07-31,2025-07-31,907,1092.0,-0.169414,-0.009308,12742.0,12742.0,71.18191806623764,46974.0,46974.0,35052.363636,35052.363636,7.0,7.0,7.0,7.0,5.493643070161671,5.493643070161671,0.0,0.0,0.0,2.0,2.0,0.2857142857142857,5551.0,5551.0,793.0,2013-02-13,2013-02-13,2021-06-21,2021-06-21,11.0,11.0,2026-07-31,2026-07-31,EDLDB.CDM.CUSTOMER_AGGREGATE_SNAPSHOT,EDLDB.MRCH_SANDBOX.CBSA_ZIPCODE_MAPPING,EDLDB.MRCH_SANDBOX.MEDIAN_HOUSEHOLD_INCOME_ZIPCODE,EDLDB.MRCH_SANDBOX.CLINIC_PROFILE,EDLDB.MRCH_SANDBOX.CBSA_POPULATION,"active_customer_yoy_growth, active_customers_per_1000_households, clinic_orders_per_clinic, clinics_per_10000_households, corporate_clinic_share, practice_hub_clinic_share, veterinarians_per_10000_households",Hypothesis,True,market-attractiveness-synthetic-v1,1.0,SYNTHETIC_COMPLETE,prototype_ready,synthetic_prototype_only
proto:3a86129bab,,"Albertville, AL","Albertville, AL",micropolitan,2026-07-31,2025-07-31,906,1061.0,-0.146089,0.018341,13846.0,13846.0,65.43406037844865,,34608.0,48189.75,48189.75,16.0,16.0,18.0,18.0,11.555683952043912,13.0001444460494,0.0,0.0,0.0,8.0,8.0,0.5,13098.0,13098.0,818.625,2013-10-16,2013-10-16,2021-12-19,2021-12-19,4.0,4.0,2026-07-31,2026-07-31,EDLDB.CDM.CUSTOMER_AGGREGATE_SNAPSHOT,EDLDB.MRCH_SANDBOX.CBSA_ZIPCODE_MAPPING,EDLDB.MRCH_SANDBOX.MEDIAN_HOUSEHOLD_INCOME_ZIPCODE,EDLDB.MRCH_SANDBOX.CLINIC_PROFILE,EDLDB.MRCH_SANDBOX.CBSA_POPULATION,"active_customer_yoy_growth, active_customers_per_1000_households, clinic_orders_per_clinic, clinics_per_10000_households, corporate_clinic_share, practice_hub_clinic_share, total_population, veterinarians_per_10000_households",Hypothesis,True,market-attractiveness-synthetic-v1,1.0,SYNTHETIC_COMPLETE,prototype_ready,synthetic_prototype_only
proto:8ef3cb5cd0,,"Evanston, WY","Evanston, WY",micropolitan,2026-07-31,2025-07-31,896,1029.0,-0.129252,0.040403,7819.0,7819.0,114.59265890778872,22962.0,22962.0,91193.166667,91193.166667,2.0,2.0,4.0,4.0,2.557871850620284,5.115743701240568,0.0,0.0,0.0,0.0,0.0,0.0,1672.0,1672.0,836.0,2014-09-04,2014-09-04,2014-10-25,2014-10-25,6.0,6.0,2026-07-31,2026-07-31,EDLDB.CDM.CUSTOMER_AGGREGATE_SNAPSHOT,EDLDB.MRCH_SANDBOX.CBSA_ZIPCODE_MAPPING,EDLDB.MRCH_SANDBOX.MEDIAN_HOUSEHOLD_INCOME_ZIPCODE,EDLDB.MRCH_SANDBOX.CLINIC_PROFILE,EDLDB.MRCH_SANDBOX.CBSA_POPULATION,"active_customer_yoy_growth, active_customers_per_1000_households, clinic_orders_per_clinic, clinics_per_10000_households, corporate_clinic_share, practice_hub_clinic_share, veterinarians_per_10000_households",Hypothesis,True,market-attractiveness-synthetic-v1,1.0,SYNTHETIC_COMPLETE,prototype_ready,synthetic_prototype_only
proto:dcb3818aa4,,"Wahpeton, ND-MN","Wahpeton, ND-MN",micropolitan,2026-07-31,2025-07-31,883,1045.0,-0.155024,0.003788,9828.0,9828.0,89.84533984533985,23013.0,23013.0,62605.904762,62605.904762,2.0,2.0,4.0,4.0,2.035002035002035,4.07000407000407,0.0,0.0,0.0,1.0,1.0,0.5,2020.0,2020.0,1010.0,2014-03-09,2014-03-09,2022-05-06,2022-05-06,21.0,21.0,2026-07-31,2026-07-31,EDLDB.CDM.CUSTOMER_AGGREGATE_SNAPSHOT,EDLDB.MRCH_SANDBOX.CBSA_ZIPCODE_MAPPING,EDLDB.MRCH_SANDBOX.MEDIAN_HOUSEHOLD_INCOME_ZIPCODE,EDLDB.MRCH_SANDBOX.CLINIC_PROFILE,EDLDB.MRCH_SANDBOX.CBSA_POPULATION,"active_customer_yoy_growth, active_customers_per_1000_households, clinic_orders_per_clinic, clinics_per_10000_households, corporate_clinic_share, practice_hub_clinic_share, veterinarians_per_10000_households",Hypothesis,True,market-attractiveness-synthetic-v1,1.0,SYNTHETIC_COMPLETE,prototype_ready,synthetic_prototype_only
proto:494e0908c1,,"Natchez, MS-LA","Natchez, MS-LA",micropolitan,2026-07-31,2025-07-31,880,1068.0,-0.17603,-0.01537,21001.0,21001.0,41.90276653492691,55237.0,55237.0,32709.125,32709.125,5.0,5.0,6.0,6.0,2.3808390076663017,2.8570068091995617,0.0,0.0,0.0,1.0,1.0,0.2,1564.0,1564.0,312.8,2013-12-26,2013-12-26,2022-08-26,2022-08-26,8.0,8.0,2026-07-31,2026-07-31,EDLDB.CDM.CUSTOMER_AGGREGATE_SNAPSHOT,EDLDB.MRCH_SANDBOX.CBSA_ZIPCODE_MAPPING,EDLDB.MRCH_SANDBOX.MEDIAN_HOUSEHOLD_INCOME_ZIPCODE,EDLDB.MRCH_SANDBOX.CLINIC_PROFILE,EDLDB.MRCH_SANDBOX.CBSA_POPULATION,"active_customer_yoy_growth, active_customers_per_1000_households, clinic_orders_per_clinic, clinics_per_10000_households, corporate_clinic_share, practice_hub_clinic_share, veterinarians_per_10000_households",Hypothesis,True,market-attractiveness-synthetic-v1,1.0,SYNTHETIC_COMPLETE,prototype_ready,synthetic_prototype_only
proto:8c2e6f6818,,"Vicksburg, MS","Vicksburg, MS",micropolitan,2026-07-31,2025-07-31,877,1025.0,-0.14439,0.020039,18107.0,18107.0,48.4343071740211,44544.0,44544.0,47432.666667,47432.666667,3.0,3.0,9.0,9.0,1.6568178052686806,4.970453415806042,0.0,0.0,0.0,0.0,0.0,0.0,3978.0,3978.0,1326.0,2013-05-14,2013-05-14,2013-12-12,2013-12-12,3.0,3.0,2026-07-31,2026-07-31,EDLDB.CDM.CUSTOMER_AGGREGATE_SNAPSHOT,EDLDB.MRCH_SANDBOX.CBSA_ZIPCODE_MAPPING,EDLDB.MRCH_SANDBOX.MEDIAN_HOUSEHOLD_INCOME_ZIPCODE,EDLDB.MRCH_SANDBOX.CLINIC_PROFILE,EDLDB.MRCH_SANDBOX.CBSA_POPULATION,"active_customer_yoy_growth, active_customers_per_1000_households, clinic_orders_per_clinic, clinics_per_10000_households, corporate_clinic_share, practice_hub_clinic_share, veterinarians_per_10000_households",Hypothesis,True,market-attractiveness-synthetic-v1,1.0,SYNTHETIC_COMPLETE,prototype_ready,synthetic_prototype_only
proto:205b0577bc,,"Washington, NC","Washington, NC",micropolitan,2026-07-31,2025-07-31,873,1042.0,-0.162188,-0.002746,9295.0,9295.0,93.92146315223238,,23233.0,53403.875,53403.875,5.0,5.0,11.0,11.0,5.3792361484669176,11.834319526627219,0.0,0.0,0.0,3.0,3.0,0.6,13908.0,13908.0,2781.6,2013-04-17,2013-04-17,2023-05-30,2023-05-30,8.0,8.0,2026-07-31,2026-07-31,EDLDB.CDM.CUSTOMER_AGGREGATE_SNAPSHOT,EDLDB.MRCH_SANDBOX.CBSA_ZIPCODE_MAPPING,EDLDB.MRCH_SANDBOX.MEDIAN_HOUSEHOLD_INCOME_ZIPCODE,EDLDB.MRCH_SANDBOX.CLINIC_PROFILE,EDLDB.MRCH_SANDBOX.CBSA_POPULATION,"active_customer_yoy_growth, active_customers_per_1000_households, clinic_orders_per_clinic, clinics_per_10000_households, corporate_clinic_share, practice_hub_clinic_share, total_population, veterinarians_per_10000_households",Hypothesis,True,market-attractiveness-synthetic-v1,1.0,SYNTHETIC_COMPLETE,prototype_ready,synthetic_prototype_only
proto:252038bf12,,"Lebanon, MO","Lebanon, MO",micropolitan,2026-07-31,2025-07-31,869,1017.0,-0.145526,0.019286,6968.0,6968.0,124.71297359357061,,17417.0,45891.5,45891.5,4.0,4.0,5.0,5.0,5.7405281285878305,7.175660160734788,0.0,0.0,0.0,0.0,0.0,0.0,3045.0,3045.0,761.25,2014-10-11,2014-10-11,2021-11-10,2021-11-10,4.0,4.0,2026-07-31,2026-07-31,EDLDB.CDM.CUSTOMER_AGGREGATE_SNAPSHOT,EDLDB.MRCH_SANDBOX.CBSA_ZIPCODE_MAPPING,EDLDB.MRCH_SANDBOX.MEDIAN_HOUSEHOLD_INCOME_ZIPCODE,EDLDB.MRCH_SANDBOX.CLINIC_PROFILE,EDLDB.MRCH_SANDBOX.CBSA_POPULATION,"active_customer_yoy_growth, active_customers_per_1000_households, clinic_orders_per_clinic, clinics_per_10000_households, corporate_clinic_share, practice_hub_clinic_share, total_population, veterinarians_per_10000_households",Hypothesis,True,market-attractiveness-synthetic-v1,1.0,SYNTHETIC_COMPLETE,prototype_ready,synthetic_prototype_only
proto:29a23535bb,,"Fairfield, IA","Fairfield, IA",micropolitan,2026-07-31,2025-07-31,865,1023.0,-0.154448,0.005278,7512.0,7512.0,115.14909478168265,,18776.0,40849.6,40849.6,3.0,3.0,6.0,6.0,3.993610223642172,7.987220447284344,0.0,0.0,0.0,1.0,1.0,0.3333333333333333,4807.0,4807.0,1602.3333333333333,2014-08-05,2014-08-05,2015-01-03,2015-01-03,10.0,10.0,2026-07-31,2026-07-31,EDLDB.CDM.CUSTOMER_AGGREGATE_SNAPSHOT,EDLDB.MRCH_SANDBOX.CBSA_ZIPCODE_MAPPING,EDLDB.MRCH_SANDBOX.MEDIAN_HOUSEHOLD_INCOME_ZIPCODE,EDLDB.MRCH_SANDBOX.CLINIC_PROFILE,EDLDB.MRCH_SANDBOX.CBSA_POPULATION,"active_customer_yoy_growth, active_customers_per_1000_households, clinic_orders_per_clinic, clinics_per_10000_households, corporate_clinic_share, practice_hub_clinic_share, total_population, veterinarians_per_10000_households",Hypothesis,True,market-attractiveness-synthetic-v1,1.0,SYNTHETIC_COMPLETE,prototype_ready,synthetic_prototype_only
proto:338cbcecc2,,"Centralia, IL","Centralia, IL",micropolitan,2026-07-31,2025-07-31,864,999.0,-0.135135,0.033943,9216.0,9216.0,93.75,37652.0,37652.0,57354.4,57354.4,6.0,6.0,10.0,10.0,6.510416666666666,10.850694444444445,0.0,0.0,0.0,2.0,2.0,0.3333333333333333,8619.0,8619.0,1436.5,2012-11-18,2012-11-18,2014-10-22,2014-10-22,10.0,10.0,2026-07-31,2026-07-31,EDLDB.CDM.CUSTOMER_AGGREGATE_SNAPSHOT,EDLDB.MRCH_SANDBOX.CBSA_ZIPCODE_MAPPING,EDLDB.MRCH_SANDBOX.MEDIAN_HOUSEHOLD_INCOME_ZIPCODE,EDLDB.MRCH_SANDBOX.CLINIC_PROFILE,EDLDB.MRCH_SANDBOX.CBSA_POPULATION,"active_customer_yoy_growth, active_customers_per_1000_households, clinic_orders_per_clinic, clinics_per_10000_households, corporate_clinic_share, practice_hub_clinic_share, veterinarians_per_10000_households",Hypothesis,True,market-attractiveness-synthetic-v1,1.0,SYNTHETIC_COMPLETE,prototype_ready,synthetic_prototype_only
proto:bea0740dbc,,"Jacksonville, TX","Jacksonville, TX",micropolitan,2026-07-31,2025-07-31,852,1010.0,-0.156436,0.002048,15253.0,15253.0,55.85786402674884,50493.0,50493.0,47131.142857,47131.142857,6.0,6.0,6.0,6.0,3.9336523962499177,3.9336523962499177,0.0,0.0,0.0,1.0,1.0,0.16666666666666666,3180.0,3180.0,530.0,2014-09-30,2014-09-30,2020-08-13,2020-08-13,7.0,7.0,2026-07-31,2026-07-31,EDLDB.CDM.CUSTOMER_AGGREGATE_SNAPSHOT,EDLDB.MRCH_SANDBOX.CBSA_ZIPCODE_MAPPING,EDLDB.MRCH_SANDBOX.MEDIAN_HOUSEHOLD_INCOME_ZIPCODE,EDLDB.MRCH_SANDBOX.CLINIC_PROFILE,EDLDB.MRCH_SANDBOX.CBSA_POPULATION,"active_customer_yoy_growth, active_customers_per_1000_households, clinic_orders_per_clinic, clinics_per_10000_households, corporate_clinic_share, practice_hub_clinic_share, veterinarians_per_10000_households",Hypothesis,True,market-attractiveness-synthetic-v1,1.0,SYNTHETIC_COMPLETE,prototype_ready,synthetic_prototype_only
proto:eba04b9c43,,"Maysville, KY","Maysville, KY",micropolitan,2026-07-31,2025-07-31,851,1070.0,-0.204673,-0.037965,9928.0,9928.0,85.71716357775986,,24815.0,40139.2,40139.2,3.0,3.0,5.0,5.0,3.0217566478646254,5.036261079774375,0.0,0.0,0.0,0.0,0.0,0.0,7967.0,7967.0,2655.6666666666665,2013-05-09,2013-05-09,2019-07-03,2019-07-03,5.0,5.0,2026-07-31,2026-07-31,EDLDB.CDM.CUSTOMER_AGGREGATE_SNAPSHOT,EDLDB.MRCH_SANDBOX.CBSA_ZIPCODE_MAPPING,EDLDB.MRCH_SANDBOX.MEDIAN_HOUSEHOLD_INCOME_ZIPCODE,EDLDB.MRCH_SANDBOX.CLINIC_PROFILE,EDLDB.MRCH_SANDBOX.CBSA_POPULATION,"active_customer_yoy_growth, active_customers_per_1000_households, clinic_orders_per_clinic, clinics_per_10000_households, corporate_clinic_share, practice_hub_clinic_share, total_population, veterinarians_per_10000_households",Hypothesis,True,market-attractiveness-synthetic-v1,1.0,SYNTHETIC_COMPLETE,prototype_ready,synthetic_prototype_only
proto:e9cdee2929,,"Douglas, GA","Douglas, GA",micropolitan,2026-07-31,2025-07-31,842,1010.0,-0.166337,-0.006175,21299.0,21299.0,39.53237241185032,51368.0,51368.0,40537.583333,40537.583333,4.0,4.0,5.0,5.0,1.8780224423681864,2.347528052960233,0.0,0.0,0.0,2.0,2.0,0.5,2754.0,2754.0,688.5,2014-02-25,2014-02-25,2019-09-25,2019-09-25,12.0,12.0,2026-07-31,2026-07-31,EDLDB.CDM.CUSTOMER_AGGREGATE_SNAPSHOT,EDLDB.MRCH_SANDBOX.CBSA_ZIPCODE_MAPPING,EDLDB.MRCH_SANDBOX.MEDIAN_HOUSEHOLD_INCOME_ZIPCODE,EDLDB.MRCH_SANDBOX.CLINIC_PROFILE,EDLDB.MRCH_SANDBOX.CBSA_POPULATION,"active_customer_yoy_growth, active_customers_per_1000_households, clinic_orders_per_clinic, clinics_per_10000_households, corporate_clinic_share, practice_hub_clinic_share, veterinarians_per_10000_households",Hypothesis,True,market-attractiveness-synthetic-v1,1.0,SYNTHETIC_COMPLETE,prototype_ready,synthetic_prototype_only
proto:6d5ddb2dde,,"Mitchell, SD","Mitchell, SD",micropolitan,2026-07-31,2025-07-31,837,974.0,-0.140657,0.026401,11680.0,11680.0,71.66095890410959,25745.0,25745.0,58478.8,58478.8,5.0,5.0,7.0,7.0,4.280821917808219,5.993150684931507,0.0,0.0,0.0,0.0,0.0,0.0,1342.0,1342.0,268.4,2014-10-01,2014-10-01,2015-08-12,2015-08-12,10.0,10.0,2026-07-31,2026-07-31,EDLDB.CDM.CUSTOMER_AGGREGATE_SNAPSHOT,EDLDB.MRCH_SANDBOX.CBSA_ZIPCODE_MAPPING,EDLDB.MRCH_SANDBOX.MEDIAN_HOUSEHOLD_INCOME_ZIPCODE,EDLDB.MRCH_SANDBOX.CLINIC_PROFILE,EDLDB.MRCH_SANDBOX.CBSA_POPULATION,"active_customer_yoy_growth, active_customers_per_1000_households, clinic_orders_per_clinic, clinics_per_10000_households, corporate_clinic_share, practice_hub_clinic_share, veterinarians_per_10000_households",Hypothesis,True,market-attractiveness-synthetic-v1,1.0,SYNTHETIC_COMPLETE,prototype_ready,synthetic_prototype_only
proto:859a68731b,,"North Vernon, IN","North Vernon, IN",micropolitan,2026-07-31,2025-07-31,836,1024.0,-0.183594,-0.023305,11308.0,11308.0,73.92996108949417,,28264.0,56883.166667,56883.166667,2.0,2.0,4.0,4.0,1.7686593562079944,3.537318712415989,0.0,0.0,0.0,0.0,0.0,0.0,663.0,663.0,331.5,2014-11-28,2014-11-28,2014-12-04,2014-12-04,6.0,6.0,2026-07-31,2026-07-31,EDLDB.CDM.CUSTOMER_AGGREGATE_SNAPSHOT,EDLDB.MRCH_SANDBOX.CBSA_ZIPCODE_MAPPING,EDLDB.MRCH_SANDBOX.MEDIAN_HOUSEHOLD_INCOME_ZIPCODE,EDLDB.MRCH_SANDBOX.CLINIC_PROFILE,EDLDB.MRCH_SANDBOX.CBSA_POPULATION,"active_customer_yoy_growth, active_customers_per_1000_households, clinic_orders_per_clinic, clinics_per_10000_households, corporate_clinic_share, practice_hub_clinic_share, total_population, veterinarians_per_10000_households",Hypothesis,True,market-attractiveness-synthetic-v1,1.0,SYNTHETIC_COMPLETE,prototype_ready,synthetic_prototype_only
proto:318e38ff33,,"McComb, MS","McComb, MS",micropolitan,2026-07-31,2025-07-31,833,1021.0,-0.184133,-0.024089,21654.0,21654.0,38.46864320679782,54063.0,54063.0,32309.857143,32309.857143,8.0,8.0,8.0,8.0,3.6944675348665372,3.6944675348665372,0.0,0.0,0.0,1.0,1.0,0.125,3003.0,3003.0,375.375,2014-03-03,2014-03-03,2021-02-02,2021-02-02,7.0,7.0,2026-07-31,2026-07-31,EDLDB.CDM.CUSTOMER_AGGREGATE_SNAPSHOT,EDLDB.MRCH_SANDBOX.CBSA_ZIPCODE_MAPPING,EDLDB.MRCH_SANDBOX.MEDIAN_HOUSEHOLD_INCOME_ZIPCODE,EDLDB.MRCH_SANDBOX.CLINIC_PROFILE,EDLDB.MRCH_SANDBOX.CBSA_POPULATION,"active_customer_yoy_growth, active_customers_per_1000_households, clinic_orders_per_clinic, clinics_per_10000_households, corporate_clinic_share, practice_hub_clinic_share, veterinarians_per_10000_households",Hypothesis,True,market-attractiveness-synthetic-v1,1.0,SYNTHETIC_COMPLETE,prototype_ready,synthetic_prototype_only
proto:4ff8d2f3cb,,"Kirksville, MO","Kirksville, MO",micropolitan,2026-07-31,2025-07-31,827,945.0,-0.124868,0.044512,11861.0,11861.0,69.72430655088104,29274.0,29274.0,44695.0,44695.0,4.0,4.0,6.0,6.0,3.372396931118793,5.058595396678189,0.0,0.0,0.0,0.0,0.0,0.0,2076.0,2076.0,519.0,2012-11-12,2012-11-12,2014-01-27,2014-01-27,14.0,14.0,2026-07-31,2026-07-31,EDLDB.CDM.CUSTOMER_AGGREGATE_SNAPSHOT,EDLDB.MRCH_SANDBOX.CBSA_ZIPCODE_MAPPING,EDLDB.MRCH_SANDBOX.MEDIAN_HOUSEHOLD_INCOME_ZIPCODE,EDLDB.MRCH_SANDBOX.CLINIC_PROFILE,EDLDB.MRCH_SANDBOX.CBSA_POPULATION,"active_customer_yoy_growth, active_customers_per_1000_households, clinic_orders_per_clinic, clinics_per_10000_households, corporate_clinic_share, practice_hub_clinic_share, veterinarians_per_10000_households",Hypothesis,True,market-attractiveness-synthetic-v1,1.0,SYNTHETIC_COMPLETE,prototype_ready,synthetic_prototype_only
proto:133afc758f,,"Ottawa, KS","Ottawa, KS",micropolitan,2026-07-31,2025-07-31,827,963.0,-0.141225,0.02528,7963.0,7963.0,103.85533090543765,26000.0,26000.0,59290.0,59290.0,1.0,1.0,3.0,3.0,1.255808112520407,3.7674243375612204,0.0,0.0,0.0,0.0,0.0,0.0,1477.0,1477.0,1477.0,2014-06-02,2014-06-02,2014-06-02,2014-06-02,4.0,4.0,2026-07-31,2026-07-31,EDLDB.CDM.CUSTOMER_AGGREGATE_SNAPSHOT,EDLDB.MRCH_SANDBOX.CBSA_ZIPCODE_MAPPING,EDLDB.MRCH_SANDBOX.MEDIAN_HOUSEHOLD_INCOME_ZIPCODE,EDLDB.MRCH_SANDBOX.CLINIC_PROFILE,EDLDB.MRCH_SANDBOX.CBSA_POPULATION,"active_customer_yoy_growth, active_customers_per_1000_households, clinic_orders_per_clinic, clinics_per_10000_households, corporate_clinic_share, practice_hub_clinic_share, veterinarians_per_10000_households",Hypothesis,True,market-attractiveness-synthetic-v1,1.0,SYNTHETIC_COMPLETE,prototype_ready,synthetic_prototype_only
proto:cdc4132f66,,"Nogales, AZ","Nogales, AZ",micropolitan,2026-07-31,2025-07-31,824,939.0,-0.122471,0.047513,14694.0,14694.0,56.07731046685722,47712.0,47712.0,37317.5,37317.5,6.0,6.0,7.0,7.0,4.083299305839118,4.7638491901456375,0.0,0.0,0.0,4.0,4.0,0.6666666666666666,5574.0,5574.0,929.0,2013-09-30,2013-09-30,2023-06-09,2023-06-09,4.0,4.0,2026-07-31,2026-07-31,EDLDB.CDM.CUSTOMER_AGGREGATE_SNAPSHOT,EDLDB.MRCH_SANDBOX.CBSA_ZIPCODE_MAPPING,EDLDB.MRCH_SANDBOX.MEDIAN_HOUSEHOLD_INCOME_ZIPCODE,EDLDB.MRCH_SANDBOX.CLINIC_PROFILE,EDLDB.MRCH_SANDBOX.CBSA_POPULATION,"active_customer_yoy_growth, active_customers_per_1000_households, clinic_orders_per_clinic, clinics_per_10000_households, corporate_clinic_share, practice_hub_clinic_share, veterinarians_per_10000_households",Hypothesis,True,market-attractiveness-synthetic-v1,1.0,SYNTHETIC_COMPLETE,prototype_ready,synthetic_prototype_only
proto:1994d812fc,,"Weatherford, OK","Weatherford, OK",micropolitan,2026-07-31,2025-07-31,823,953.0,-0.136411,0.032798,12968.0,12968.0,63.463911165946946,39352.0,39352.0,55727.818182,55727.818182,6.0,6.0,6.0,6.0,4.626773596545342,4.626773596545342,0.0,0.0,0.0,1.0,1.0,0.16666666666666666,1204.0,1204.0,200.66666666666666,2013-03-07,2013-03-07,2018-10-15,2018-10-15,11.0,11.0,2026-07-31,2026-07-31,EDLDB.CDM.CUSTOMER_AGGREGATE_SNAPSHOT,EDLDB.MRCH_SANDBOX.CBSA_ZIPCODE_MAPPING,EDLDB.MRCH_SANDBOX.MEDIAN_HOUSEHOLD_INCOME_ZIPCODE,EDLDB.MRCH_SANDBOX.CLINIC_PROFILE,EDLDB.MRCH_SANDBOX.CBSA_POPULATION,"active_customer_yoy_growth, active_customers_per_1000_households, clinic_orders_per_clinic, clinics_per_10000_households, corporate_clinic_share, practice_hub_clinic_share, veterinarians_per_10000_households",Hypothesis,True,market-attractiveness-synthetic-v1,1.0,SYNTHETIC_COMPLETE,prototype_ready,synthetic_prototype_only
proto:252b0f300e,,"Ozark, AL","Ozark, AL",micropolitan,2026-07-31,2025-07-31,821,982.0,-0.163951,-0.003946,10808.0,10808.0,75.9622501850481,49257.0,49257.0,49136.4,49136.4,5.0,5.0,9.0,9.0,4.62620281273131,8.32716506291636,0.0,0.0,0.0,3.0,3.0,0.6,10408.0,10408.0,2081.6,2013-10-28,2013-10-28,2022-12-05,2022-12-05,5.0,5.0,2026-07-31,2026-07-31,EDLDB.CDM.CUSTOMER_AGGREGATE_SNAPSHOT,EDLDB.MRCH_SANDBOX.CBSA_ZIPCODE_MAPPING,EDLDB.MRCH_SANDBOX.MEDIAN_HOUSEHOLD_INCOME_ZIPCODE,EDLDB.MRCH_SANDBOX.CLINIC_PROFILE,EDLDB.MRCH_SANDBOX.CBSA_POPULATION,"active_customer_yoy_growth, active_customers_per_1000_households, clinic_orders_per_clinic, clinics_per_10000_households, corporate_clinic_share, practice_hub_clinic_share, veterinarians_per_10000_households",Hypothesis,True,market-attractiveness-synthetic-v1,1.0,SYNTHETIC_COMPLETE,prototype_ready,synthetic_prototype_only
proto:b25b66c499,,"Americus, GA","Americus, GA",micropolitan,2026-07-31,2025-07-31,817,979.0,-0.165475,-0.005422,13897.0,13897.0,58.789666834568614,34056.0,34056.0,32769.25,32769.25,4.0,4.0,4.0,4.0,2.878319061667986,2.878319061667986,0.0,0.0,0.0,1.0,1.0,0.25,4319.0,4319.0,1079.75,2014-09-29,2014-09-29,2021-04-20,2021-04-20,8.0,8.0,2026-07-31,2026-07-31,EDLDB.CDM.CUSTOMER_AGGREGATE_SNAPSHOT,EDLDB.MRCH_SANDBOX.CBSA_ZIPCODE_MAPPING,EDLDB.MRCH_SANDBOX.MEDIAN_HOUSEHOLD_INCOME_ZIPCODE,EDLDB.MRCH_SANDBOX.CLINIC_PROFILE,EDLDB.MRCH_SANDBOX.CBSA_POPULATION,"active_customer_yoy_growth, active_customers_per_1000_households, clinic_orders_per_clinic, clinics_per_10000_households, corporate_clinic_share, practice_hub_clinic_share, veterinarians_per_10000_households",Hypothesis,True,market-attractiveness-synthetic-v1,1.0,SYNTHETIC_COMPLETE,prototype_ready,synthetic_prototype_only
proto:408467c590,,"Beatrice, NE","Beatrice, NE",micropolitan,2026-07-31,2025-07-31,817,928.0,-0.119612,0.051804,9146.0,9146.0,89.3286682702821,21656.0,21656.0,58713.266667,58713.266667,9.0,9.0,11.0,11.0,9.840367373715287,12.027115678985348,0.0,0.0,0.0,3.0,3.0,0.3333333333333333,1311.0,1311.0,145.66666666666666,2014-03-25,2014-03-25,2023-08-21,2023-08-21,15.0,15.0,2026-07-31,2026-07-31,EDLDB.CDM.CUSTOMER_AGGREGATE_SNAPSHOT,EDLDB.MRCH_SANDBOX.CBSA_ZIPCODE_MAPPING,EDLDB.MRCH_SANDBOX.MEDIAN_HOUSEHOLD_INCOME_ZIPCODE,EDLDB.MRCH_SANDBOX.CLINIC_PROFILE,EDLDB.MRCH_SANDBOX.CBSA_POPULATION,"active_customer_yoy_growth, active_customers_per_1000_households, clinic_orders_per_clinic, clinics_per_10000_households, corporate_clinic_share, practice_hub_clinic_share, veterinarians_per_10000_households",Hypothesis,True,market-attractiveness-synthetic-v1,1.0,SYNTHETIC_COMPLETE,prototype_ready,synthetic_prototype_only
proto:2dc82afe70,,"Union City, TN","Union City, TN",micropolitan,2026-07-31,2025-07-31,806,977.0,-0.175026,-0.014449,13476.0,13476.0,59.81003265063818,30775.0,30775.0,39705.375,39705.375,1.0,1.0,5.0,5.0,0.7420599584446423,3.7102997922232115,0.0,0.0,0.0,0.0,0.0,0.0,1776.0,1776.0,1776.0,2014-11-20,2014-11-20,2014-11-20,2014-11-20,8.0,8.0,2026-07-31,2026-07-31,EDLDB.CDM.CUSTOMER_AGGREGATE_SNAPSHOT,EDLDB.MRCH_SANDBOX.CBSA_ZIPCODE_MAPPING,EDLDB.MRCH_SANDBOX.MEDIAN_HOUSEHOLD_INCOME_ZIPCODE,EDLDB.MRCH_SANDBOX.CLINIC_PROFILE,EDLDB.MRCH_SANDBOX.CBSA_POPULATION,"active_customer_yoy_growth, active_customers_per_1000_households, clinic_orders_per_clinic, clinics_per_10000_households, corporate_clinic_share, practice_hub_clinic_share, veterinarians_per_10000_households",Hypothesis,True,market-attractiveness-synthetic-v1,1.0,SYNTHETIC_COMPLETE,prototype_ready,synthetic_prototype_only
proto:478327c788,,"Mineral Wells, TX","Mineral Wells, TX",micropolitan,2026-07-31,2025-07-31,799,945.0,-0.154497,0.005067,8479.0,8479.0,94.23281047293312,,21193.0,58805.571429,58805.571429,4.0,4.0,9.0,9.0,4.717537445453473,10.614459252270315,0.0,0.0,0.0,0.0,0.0,0.0,2169.0,2169.0,542.25,2014-10-08,2014-10-08,2020-06-03,2020-06-03,7.0,7.0,2026-07-31,2026-07-31,EDLDB.CDM.CUSTOMER_AGGREGATE_SNAPSHOT,EDLDB.MRCH_SANDBOX.CBSA_ZIPCODE_MAPPING,EDLDB.MRCH_SANDBOX.MEDIAN_HOUSEHOLD_INCOME_ZIPCODE,EDLDB.MRCH_SANDBOX.CLINIC_PROFILE,EDLDB.MRCH_SANDBOX.CBSA_POPULATION,"active_customer_yoy_growth, active_customers_per_1000_households, clinic_orders_per_clinic, clinics_per_10000_households, corporate_clinic_share, practice_hub_clinic_share, total_population, veterinarians_per_10000_households",Hypothesis,True,market-attractiveness-synthetic-v1,1.0,SYNTHETIC_COMPLETE,prototype_ready,synthetic_prototype_only
proto:5eca6f7b72,,"Laurinburg, NC","Laurinburg, NC",micropolitan,2026-07-31,2025-07-31,798,921.0,-0.13355,0.035675,12949.0,12949.0,61.6263804154761,34290.0,34290.0,39685.2,39685.2,4.0,4.0,9.0,9.0,3.0890416248358945,6.950343655880763,0.0,0.0,0.0,2.0,2.0,0.5,7040.0,7040.0,1760.0,2013-12-03,2013-12-03,2018-08-20,2018-08-20,5.0,5.0,2026-07-31,2026-07-31,EDLDB.CDM.CUSTOMER_AGGREGATE_SNAPSHOT,EDLDB.MRCH_SANDBOX.CBSA_ZIPCODE_MAPPING,EDLDB.MRCH_SANDBOX.MEDIAN_HOUSEHOLD_INCOME_ZIPCODE,EDLDB.MRCH_SANDBOX.CLINIC_PROFILE,EDLDB.MRCH_SANDBOX.CBSA_POPULATION,"active_customer_yoy_growth, active_customers_per_1000_households, clinic_orders_per_clinic, clinics_per_10000_households, corporate_clinic_share, practice_hub_clinic_share, veterinarians_per_10000_households",Hypothesis,True,market-attractiveness-synthetic-v1,1.0,SYNTHETIC_COMPLETE,prototype_ready,synthetic_prototype_only
proto:55218de0c0,,"Corinth, MS","Corinth, MS",micropolitan,2026-07-31,2025-07-31,797,983.0,-0.189217,-0.027874,15943.0,15943.0,49.990591482155175,34733.0,34733.0,42644.75,42644.75,3.0,3.0,3.0,3.0,1.881703568964436,1.881703568964436,0.0,0.0,0.0,1.0,1.0,0.3333333333333333,1497.0,1497.0,499.0,2014-11-04,2014-11-04,2023-05-04,2023-05-04,4.0,4.0,2026-07-31,2026-07-31,EDLDB.CDM.CUSTOMER_AGGREGATE_SNAPSHOT,EDLDB.MRCH_SANDBOX.CBSA_ZIPCODE_MAPPING,EDLDB.MRCH_SANDBOX.MEDIAN_HOUSEHOLD_INCOME_ZIPCODE,EDLDB.MRCH_SANDBOX.CLINIC_PROFILE,EDLDB.MRCH_SANDBOX.CBSA_POPULATION,"active_customer_yoy_growth, active_customers_per_1000_households, clinic_orders_per_clinic, clinics_per_10000_households, corporate_clinic_share, practice_hub_clinic_share, veterinarians_per_10000_households",Hypothesis,True,market-attractiveness-synthetic-v1,1.0,SYNTHETIC_COMPLETE,prototype_ready,synthetic_prototype_only
proto:5ef7b338c2,,"Newport, TN","Newport, TN",micropolitan,2026-07-31,2025-07-31,797,940.0,-0.152128,0.008587,6176.0,6176.0,129.0479274611399,,15437.0,40312.8,40312.8,4.0,4.0,8.0,8.0,6.476683937823834,12.953367875647668,0.0,0.0,0.0,1.0,1.0,0.25,4119.0,4119.0,1029.75,2014-01-25,2014-01-25,2020-06-09,2020-06-09,5.0,5.0,2026-07-31,2026-07-31,EDLDB.CDM.CUSTOMER_AGGREGATE_SNAPSHOT,EDLDB.MRCH_SANDBOX.CBSA_ZIPCODE_MAPPING,EDLDB.MRCH_SANDBOX.MEDIAN_HOUSEHOLD_INCOME_ZIPCODE,EDLDB.MRCH_SANDBOX.CLINIC_PROFILE,EDLDB.MRCH_SANDBOX.CBSA_POPULATION,"active_customer_yoy_growth, active_customers_per_1000_households, clinic_orders_per_clinic, clinics_per_10000_households, corporate_clinic_share, practice_hub_clinic_share, total_population, veterinarians_per_10000_households",Hypothesis,True,market-attractiveness-synthetic-v1,1.0,SYNTHETIC_COMPLETE,prototype_ready,synthetic_prototype_only
proto:29d14529d5,,"Seneca Falls, NY","Seneca Falls, NY",micropolitan,2026-07-31,2025-07-31,793,914.0,-0.132385,0.037231,3907.0,13277.0,59.72734804549221,,33186.0,50535.5,50535.5,8.0,8.0,8.0,8.0,6.025457558183324,6.025457558183324,0.0,0.0,0.0,1.0,1.0,0.125,6394.0,6394.0,799.25,2013-01-04,2013-01-04,2023-02-11,2023-02-11,6.0,6.0,2026-07-31,2026-07-31,EDLDB.CDM.CUSTOMER_AGGREGATE_SNAPSHOT,EDLDB.MRCH_SANDBOX.CBSA_ZIPCODE_MAPPING,EDLDB.MRCH_SANDBOX.MEDIAN_HOUSEHOLD_INCOME_ZIPCODE,EDLDB.MRCH_SANDBOX.CLINIC_PROFILE,EDLDB.MRCH_SANDBOX.CBSA_POPULATION,"active_customer_yoy_growth, active_customers_per_1000_households, clinic_orders_per_clinic, clinics_per_10000_households, corporate_clinic_share, practice_hub_clinic_share, total_households, total_population, veterinarians_per_10000_households",Hypothesis,True,market-attractiveness-synthetic-v1,1.0,SYNTHETIC_COMPLETE,prototype_ready,synthetic_prototype_only
proto:2e4a22ef18,,"Oskaloosa, IA","Oskaloosa, IA",micropolitan,2026-07-31,2025-07-31,785,922.0,-0.14859,0.013938,9228.0,9228.0,85.06718682271348,22160.0,22160.0,52576.833333,52576.833333,5.0,5.0,5.0,5.0,5.418292154312961,5.418292154312961,0.0,0.0,0.0,0.0,0.0,0.0,1042.0,1042.0,208.4,2014-10-06,2014-10-06,2021-08-04,2021-08-04,12.0,12.0,2026-07-31,2026-07-31,EDLDB.CDM.CUSTOMER_AGGREGATE_SNAPSHOT,EDLDB.MRCH_SANDBOX.CBSA_ZIPCODE_MAPPING,EDLDB.MRCH_SANDBOX.MEDIAN_HOUSEHOLD_INCOME_ZIPCODE,EDLDB.MRCH_SANDBOX.CLINIC_PROFILE,EDLDB.MRCH_SANDBOX.CBSA_POPULATION,"active_customer_yoy_growth, active_customers_per_1000_households, clinic_orders_per_clinic, clinics_per_10000_households, corporate_clinic_share, practice_hub_clinic_share, veterinarians_per_10000_households",Hypothesis,True,market-attractiveness-synthetic-v1,1.0,SYNTHETIC_COMPLETE,prototype_ready,synthetic_prototype_only
proto:c23e35fa19,,"Jesup, GA","Jesup, GA",micropolitan,2026-07-31,2025-07-31,783,947.0,-0.173178,-0.012376,10452.0,10452.0,74.91389207807119,30142.0,30142.0,45634.5,45634.5,4.0,4.0,5.0,5.0,3.827018752391887,4.783773440489859,0.0,0.0,0.0,1.0,1.0,0.25,5166.0,5166.0,1291.5,2012-10-31,2012-10-31,2023-12-05,2023-12-05,4.0,4.0,2026-07-31,2026-07-31,EDLDB.CDM.CUSTOMER_AGGREGATE_SNAPSHOT,EDLDB.MRCH_SANDBOX.CBSA_ZIPCODE_MAPPING,EDLDB.MRCH_SANDBOX.MEDIAN_HOUSEHOLD_INCOME_ZIPCODE,EDLDB.MRCH_SANDBOX.CLINIC_PROFILE,EDLDB.MRCH_SANDBOX.CBSA_POPULATION,"active_customer_yoy_growth, active_customers_per_1000_households, clinic_orders_per_clinic, clinics_per_10000_households, corporate_clinic_share, practice_hub_clinic_share, veterinarians_per_10000_households",Hypothesis,True,market-attractiveness-synthetic-v1,1.0,SYNTHETIC_COMPLETE,prototype_ready,synthetic_prototype_only
proto:f29433b1b9,,"Bainbridge, GA","Bainbridge, GA",micropolitan,2026-07-31,2025-07-31,782,1012.0,-0.227273,-0.064006,16472.0,16472.0,47.47450218552696,29326.0,29326.0,42331.625,42331.625,4.0,4.0,7.0,7.0,2.4283632831471587,4.249635745507527,0.0,0.0,0.0,1.0,1.0,0.25,2441.0,2441.0,610.25,2013-01-05,2013-01-05,2022-05-31,2022-05-31,8.0,8.0,2026-07-31,2026-07-31,EDLDB.CDM.CUSTOMER_AGGREGATE_SNAPSHOT,EDLDB.MRCH_SANDBOX.CBSA_ZIPCODE_MAPPING,EDLDB.MRCH_SANDBOX.MEDIAN_HOUSEHOLD_INCOME_ZIPCODE,EDLDB.MRCH_SANDBOX.CLINIC_PROFILE,EDLDB.MRCH_SANDBOX.CBSA_POPULATION,"active_customer_yoy_growth, active_customers_per_1000_households, clinic_orders_per_clinic, clinics_per_10000_households, corporate_clinic_share, practice_hub_clinic_share, veterinarians_per_10000_households",Hypothesis,True,market-attractiveness-synthetic-v1,1.0,SYNTHETIC_COMPLETE,prototype_ready,synthetic_prototype_only
proto:df170a0a34,,"Las Vegas, NM","Las Vegas, NM",micropolitan,2026-07-31,2025-07-31,778,903.0,-0.138427,0.029961,12997.0,12997.0,59.85996768485035,31322.0,31322.0,20304.407407,20304.407407,4.0,4.0,4.0,4.0,3.0776332999923057,3.0776332999923057,0.0,0.0,0.0,2.0,2.0,0.5,2594.0,2594.0,648.5,2014-09-29,2014-09-29,2020-02-12,2020-02-12,27.0,27.0,2026-07-31,2026-07-31,EDLDB.CDM.CUSTOMER_AGGREGATE_SNAPSHOT,EDLDB.MRCH_SANDBOX.CBSA_ZIPCODE_MAPPING,EDLDB.MRCH_SANDBOX.MEDIAN_HOUSEHOLD_INCOME_ZIPCODE,EDLDB.MRCH_SANDBOX.CLINIC_PROFILE,EDLDB.MRCH_SANDBOX.CBSA_POPULATION,"active_customer_yoy_growth, active_customers_per_1000_households, clinic_orders_per_clinic, clinics_per_10000_households, corporate_clinic_share, practice_hub_clinic_share, veterinarians_per_10000_households",Hypothesis,True,market-attractiveness-synthetic-v1,1.0,SYNTHETIC_COMPLETE,prototype_ready,synthetic_prototype_only
proto:43a92d6433,,"Troy, AL","Troy, AL",micropolitan,2026-07-31,2025-07-31,775,915.0,-0.153005,0.007154,14527.0,14527.0,53.348936463137605,32900.0,32900.0,37331.25,37331.25,6.0,6.0,6.0,6.0,4.130240242307427,4.130240242307427,0.0,0.0,0.0,1.0,1.0,0.16666666666666666,1487.0,1487.0,247.83333333333334,2014-11-18,2014-11-18,2021-09-14,2021-09-14,8.0,8.0,2026-07-31,2026-07-31,EDLDB.CDM.CUSTOMER_AGGREGATE_SNAPSHOT,EDLDB.MRCH_SANDBOX.CBSA_ZIPCODE_MAPPING,EDLDB.MRCH_SANDBOX.MEDIAN_HOUSEHOLD_INCOME_ZIPCODE,EDLDB.MRCH_SANDBOX.CLINIC_PROFILE,EDLDB.MRCH_SANDBOX.CBSA_POPULATION,"active_customer_yoy_growth, active_customers_per_1000_households, clinic_orders_per_clinic, clinics_per_10000_households, corporate_clinic_share, practice_hub_clinic_share, veterinarians_per_10000_households",Hypothesis,True,market-attractiveness-synthetic-v1,1.0,SYNTHETIC_COMPLETE,prototype_ready,synthetic_prototype_only
proto:a2f1627beb,,"Bonham, TX","Bonham, TX",micropolitan,2026-07-31,2025-07-31,773,941.0,-0.178533,-0.017939,8475.0,8475.0,91.2094395280236,35801.0,35801.0,59262.9,59262.9,5.0,5.0,8.0,8.0,5.899705014749262,9.43952802359882,0.0,0.0,0.0,0.0,0.0,0.0,3989.0,3989.0,797.8,2013-04-03,2013-04-03,2020-06-20,2020-06-20,10.0,10.0,2026-07-31,2026-07-31,EDLDB.CDM.CUSTOMER_AGGREGATE_SNAPSHOT,EDLDB.MRCH_SANDBOX.CBSA_ZIPCODE_MAPPING,EDLDB.MRCH_SANDBOX.MEDIAN_HOUSEHOLD_INCOME_ZIPCODE,EDLDB.MRCH_SANDBOX.CLINIC_PROFILE,EDLDB.MRCH_SANDBOX.CBSA_POPULATION,"active_customer_yoy_growth, active_customers_per_1000_households, clinic_orders_per_clinic, clinics_per_10000_households, corporate_clinic_share, practice_hub_clinic_share, veterinarians_per_10000_households",Hypothesis,True,market-attractiveness-synthetic-v1,1.0,SYNTHETIC_COMPLETE,prototype_ready,synthetic_prototype_only
proto:20bf523ff9,,"Galesburg, IL","Galesburg, IL",micropolitan,2026-07-31,2025-07-31,768,864.0,-0.111111,0.063846,6212.0,6212.0,123.63168061815841,,15527.0,60111.166667,60111.166667,7.0,7.0,13.0,13.0,11.268512556342563,20.927237604636186,0.0,0.0,0.0,2.0,2.0,0.2857142857142857,5117.0,5117.0,731.0,2013-01-02,2013-01-02,2023-10-12,2023-10-12,12.0,12.0,2026-07-31,2026-07-31,EDLDB.CDM.CUSTOMER_AGGREGATE_SNAPSHOT,EDLDB.MRCH_SANDBOX.CBSA_ZIPCODE_MAPPING,EDLDB.MRCH_SANDBOX.MEDIAN_HOUSEHOLD_INCOME_ZIPCODE,EDLDB.MRCH_SANDBOX.CLINIC_PROFILE,EDLDB.MRCH_SANDBOX.CBSA_POPULATION,"active_customer_yoy_growth, active_customers_per_1000_households, clinic_orders_per_clinic, clinics_per_10000_households, corporate_clinic_share, practice_hub_clinic_share, total_population, veterinarians_per_10000_households",Hypothesis,True,market-attractiveness-synthetic-v1,1.0,SYNTHETIC_COMPLETE,prototype_ready,synthetic_prototype_only
proto:c873c96430,,"Bay City, TX","Bay City, TX",micropolitan,2026-07-31,2025-07-31,763,877.0,-0.129989,0.039601,13906.0,13906.0,54.86840212857759,36287.0,36287.0,37702.75,37702.75,5.0,5.0,8.0,8.0,3.5955702574428305,5.752912411908529,0.0,0.0,0.0,2.0,2.0,0.4,2765.0,2765.0,553.0,2014-09-20,2014-09-20,2022-08-18,2022-08-18,12.0,12.0,2026-07-31,2026-07-31,EDLDB.CDM.CUSTOMER_AGGREGATE_SNAPSHOT,EDLDB.MRCH_SANDBOX.CBSA_ZIPCODE_MAPPING,EDLDB.MRCH_SANDBOX.MEDIAN_HOUSEHOLD_INCOME_ZIPCODE,EDLDB.MRCH_SANDBOX.CLINIC_PROFILE,EDLDB.MRCH_SANDBOX.CBSA_POPULATION,"active_customer_yoy_growth, active_customers_per_1000_households, clinic_orders_per_clinic, clinics_per_10000_households, corporate_clinic_share, practice_hub_clinic_share, veterinarians_per_10000_households",Hypothesis,True,market-attractiveness-synthetic-v1,1.0,SYNTHETIC_COMPLETE,prototype_ready,synthetic_prototype_only
proto:2e1a76de76,,"Ponca City, OK","Ponca City, OK",micropolitan,2026-07-31,2025-07-31,760,892.0,-0.147982,0.015097,13692.0,13692.0,55.50686532281624,43599.0,43599.0,46439.125,46439.125,13.0,13.0,12.0,12.0,9.494595384165935,8.76424189307625,0.0,0.0,0.0,4.0,4.0,0.3076923076923077,5806.0,5806.0,446.61538461538464,2013-08-15,2013-08-15,2023-05-16,2023-05-16,8.0,8.0,2026-07-31,2026-07-31,EDLDB.CDM.CUSTOMER_AGGREGATE_SNAPSHOT,EDLDB.MRCH_SANDBOX.CBSA_ZIPCODE_MAPPING,EDLDB.MRCH_SANDBOX.MEDIAN_HOUSEHOLD_INCOME_ZIPCODE,EDLDB.MRCH_SANDBOX.CLINIC_PROFILE,EDLDB.MRCH_SANDBOX.CBSA_POPULATION,"active_customer_yoy_growth, active_customers_per_1000_households, clinic_orders_per_clinic, clinics_per_10000_households, corporate_clinic_share, practice_hub_clinic_share, veterinarians_per_10000_households",Hypothesis,True,market-attractiveness-synthetic-v1,1.0,SYNTHETIC_COMPLETE,prototype_ready,synthetic_prototype_only
proto:c87facde19,,"DeRidder, LA","DeRidder, LA",micropolitan,2026-07-31,2025-07-31,752,868.0,-0.133641,0.035481,13433.0,13433.0,55.981538003424404,36605.0,36605.0,60710.0,60710.0,4.0,4.0,5.0,5.0,2.977741383160873,3.7221767289510903,0.0,0.0,0.0,1.0,1.0,0.25,1410.0,1410.0,352.5,2013-12-31,2013-12-31,2023-03-05,2023-03-05,6.0,6.0,2026-07-31,2026-07-31,EDLDB.CDM.CUSTOMER_AGGREGATE_SNAPSHOT,EDLDB.MRCH_SANDBOX.CBSA_ZIPCODE_MAPPING,EDLDB.MRCH_SANDBOX.MEDIAN_HOUSEHOLD_INCOME_ZIPCODE,EDLDB.MRCH_SANDBOX.CLINIC_PROFILE,EDLDB.MRCH_SANDBOX.CBSA_POPULATION,"active_customer_yoy_growth, active_customers_per_1000_households, clinic_orders_per_clinic, clinics_per_10000_households, corporate_clinic_share, practice_hub_clinic_share, veterinarians_per_10000_households",Hypothesis,True,market-attractiveness-synthetic-v1,1.0,SYNTHETIC_COMPLETE,prototype_ready,synthetic_prototype_only
proto:e697ec96bb,,"Wilson, NC","Wilson, NC",micropolitan,2026-07-31,2025-07-31,751,889.0,-0.155231,0.003357,16081.0,16081.0,46.70107580374354,,40195.0,27204.333333,27204.333333,7.0,7.0,14.0,14.0,4.35296312418382,8.70592624836764,0.0,0.0,0.0,3.0,3.0,0.42857142857142855,15606.0,15606.0,2229.4285714285716,2013-01-09,2013-01-09,2021-06-23,2021-06-23,3.0,3.0,2026-07-31,2026-07-31,EDLDB.CDM.CUSTOMER_AGGREGATE_SNAPSHOT,EDLDB.MRCH_SANDBOX.CBSA_ZIPCODE_MAPPING,EDLDB.MRCH_SANDBOX.MEDIAN_HOUSEHOLD_INCOME_ZIPCODE,EDLDB.MRCH_SANDBOX.CLINIC_PROFILE,EDLDB.MRCH_SANDBOX.CBSA_POPULATION,"active_customer_yoy_growth, active_customers_per_1000_households, clinic_orders_per_clinic, clinics_per_10000_households, corporate_clinic_share, practice_hub_clinic_share, total_population, veterinarians_per_10000_households",Hypothesis,True,market-attractiveness-synthetic-v1,1.0,SYNTHETIC_COMPLETE,prototype_ready,synthetic_prototype_only
proto:cacc4fb18a,,"Alexander City, AL","Alexander City, AL",micropolitan,2026-07-31,2025-07-31,745,889.0,-0.16198,-0.002273,8404.0,8404.0,88.64826273203236,,21006.0,50822.571429,50822.571429,5.0,5.0,7.0,7.0,5.949547834364588,8.329366968110424,0.0,0.0,0.0,1.0,1.0,0.2,3885.0,3885.0,777.0,2014-01-25,2014-01-25,2021-03-26,2021-03-26,7.0,7.0,2026-07-31,2026-07-31,EDLDB.CDM.CUSTOMER_AGGREGATE_SNAPSHOT,EDLDB.MRCH_SANDBOX.CBSA_ZIPCODE_MAPPING,EDLDB.MRCH_SANDBOX.MEDIAN_HOUSEHOLD_INCOME_ZIPCODE,EDLDB.MRCH_SANDBOX.CLINIC_PROFILE,EDLDB.MRCH_SANDBOX.CBSA_POPULATION,"active_customer_yoy_growth, active_customers_per_1000_households, clinic_orders_per_clinic, clinics_per_10000_households, corporate_clinic_share, practice_hub_clinic_share, total_population, veterinarians_per_10000_households",Hypothesis,True,market-attractiveness-synthetic-v1,1.0,SYNTHETIC_COMPLETE,prototype_ready,synthetic_prototype_only
proto:ddcd0423e4,,"Safford, AZ","Safford, AZ",micropolitan,2026-07-31,2025-07-31,742,869.0,-0.146145,0.017962,11934.0,11934.0,62.17529746941511,38646.0,38646.0,51416.666667,51416.666667,2.0,2.0,3.0,3.0,1.6758840288252055,2.513826043237808,0.0,0.0,0.0,1.0,1.0,0.5,7188.0,7188.0,3594.0,2013-10-15,2013-10-15,2016-09-21,2016-09-21,9.0,9.0,2026-07-31,2026-07-31,EDLDB.CDM.CUSTOMER_AGGREGATE_SNAPSHOT,EDLDB.MRCH_SANDBOX.CBSA_ZIPCODE_MAPPING,EDLDB.MRCH_SANDBOX.MEDIAN_HOUSEHOLD_INCOME_ZIPCODE,EDLDB.MRCH_SANDBOX.CLINIC_PROFILE,EDLDB.MRCH_SANDBOX.CBSA_POPULATION,"active_customer_yoy_growth, active_customers_per_1000_households, clinic_orders_per_clinic, clinics_per_10000_households, corporate_clinic_share, practice_hub_clinic_share, veterinarians_per_10000_households",Hypothesis,True,market-attractiveness-synthetic-v1,1.0,SYNTHETIC_COMPLETE,prototype_ready,synthetic_prototype_only
proto:5c6fa93212,,"Lock Haven, PA","Lock Haven, PA",micropolitan,2026-07-31,2025-07-31,739,851.0,-0.13161,0.037819,4643.0,10393.0,71.10555181372078,,25977.0,35041.6,35041.6,4.0,4.0,5.0,5.0,3.8487443471567397,4.810930433945925,0.0,0.0,0.0,2.0,2.0,0.5,6076.0,6076.0,1519.0,2014-05-12,2014-05-12,2023-08-12,2023-08-12,10.0,10.0,2026-07-31,2026-07-31,EDLDB.CDM.CUSTOMER_AGGREGATE_SNAPSHOT,EDLDB.MRCH_SANDBOX.CBSA_ZIPCODE_MAPPING,EDLDB.MRCH_SANDBOX.MEDIAN_HOUSEHOLD_INCOME_ZIPCODE,EDLDB.MRCH_SANDBOX.CLINIC_PROFILE,EDLDB.MRCH_SANDBOX.CBSA_POPULATION,"active_customer_yoy_growth, active_customers_per_1000_households, clinic_orders_per_clinic, clinics_per_10000_households, corporate_clinic_share, practice_hub_clinic_share, total_households, total_population, veterinarians_per_10000_households",Hypothesis,True,market-attractiveness-synthetic-v1,1.0,SYNTHETIC_COMPLETE,prototype_ready,synthetic_prototype_only
proto:ba29a47749,,"Ashland, OH","Ashland, OH",micropolitan,2026-07-31,2025-07-31,734,848.0,-0.134434,0.034326,4511.0,13326.0,55.080294161788984,,33308.0,59774.833333,59774.833333,13.0,13.0,19.0,19.0,9.755365450998049,14.257841812997148,0.0,0.0,0.0,2.0,2.0,0.15384615384615385,6613.0,6613.0,508.6923076923077,2012-10-18,2012-10-18,2022-10-18,2022-10-18,6.0,6.0,2026-07-31,2026-07-31,EDLDB.CDM.CUSTOMER_AGGREGATE_SNAPSHOT,EDLDB.MRCH_SANDBOX.CBSA_ZIPCODE_MAPPING,EDLDB.MRCH_SANDBOX.MEDIAN_HOUSEHOLD_INCOME_ZIPCODE,EDLDB.MRCH_SANDBOX.CLINIC_PROFILE,EDLDB.MRCH_SANDBOX.CBSA_POPULATION,"active_customer_yoy_growth, active_customers_per_1000_households, clinic_orders_per_clinic, clinics_per_10000_households, corporate_clinic_share, practice_hub_clinic_share, total_households, total_population, veterinarians_per_10000_households",Hypothesis,True,market-attractiveness-synthetic-v1,1.0,SYNTHETIC_COMPLETE,prototype_ready,synthetic_prototype_only
proto:961f2a5958,,"Altus, OK","Altus, OK",micropolitan,2026-07-31,2025-07-31,728,897.0,-0.188406,-0.026992,9727.0,9727.0,74.84321990336177,24747.0,24747.0,57903.5,57903.5,4.0,4.0,6.0,6.0,4.112264829855043,6.168397244782564,0.0,0.0,0.0,0.0,0.0,0.0,3293.0,3293.0,823.25,2014-06-16,2014-06-16,2020-05-04,2020-05-04,8.0,8.0,2026-07-31,2026-07-31,EDLDB.CDM.CUSTOMER_AGGREGATE_SNAPSHOT,EDLDB.MRCH_SANDBOX.CBSA_ZIPCODE_MAPPING,EDLDB.MRCH_SANDBOX.MEDIAN_HOUSEHOLD_INCOME_ZIPCODE,EDLDB.MRCH_SANDBOX.CLINIC_PROFILE,EDLDB.MRCH_SANDBOX.CBSA_POPULATION,"active_customer_yoy_growth, active_customers_per_1000_households, clinic_orders_per_clinic, clinics_per_10000_households, corporate_clinic_share, practice_hub_clinic_share, veterinarians_per_10000_households",Hypothesis,True,market-attractiveness-synthetic-v1,1.0,SYNTHETIC_COMPLETE,prototype_ready,synthetic_prototype_only
proto:d012eba4aa,,"Craig, CO","Craig, CO",micropolitan,2026-07-31,2025-07-31,724,811.0,-0.107275,0.072164,5188.0,5188.0,139.5528141865844,,12967.0,22700.166667,22700.166667,1.0,1.0,1.0,1.0,1.9275250578257517,1.9275250578257517,0.0,0.0,0.0,0.0,0.0,0.0,240.0,240.0,240.0,2014-09-26,2014-09-26,2014-09-26,2014-09-26,6.0,6.0,2026-07-31,2026-07-31,EDLDB.CDM.CUSTOMER_AGGREGATE_SNAPSHOT,EDLDB.MRCH_SANDBOX.CBSA_ZIPCODE_MAPPING,EDLDB.MRCH_SANDBOX.MEDIAN_HOUSEHOLD_INCOME_ZIPCODE,EDLDB.MRCH_SANDBOX.CLINIC_PROFILE,EDLDB.MRCH_SANDBOX.CBSA_POPULATION,"active_customer_yoy_growth, active_customers_per_1000_households, clinic_orders_per_clinic, clinics_per_10000_households, corporate_clinic_share, practice_hub_clinic_share, total_population, veterinarians_per_10000_households",Hypothesis,True,market-attractiveness-synthetic-v1,1.0,SYNTHETIC_COMPLETE,prototype_ready,synthetic_prototype_only
proto:181c646f2f,,"Marion, OH","Marion, OH",micropolitan,2026-07-31,2025-07-31,720,825.0,-0.127273,0.042434,7508.0,7508.0,95.89770911028236,,18766.0,48620.333333,48620.333333,4.0,4.0,7.0,7.0,5.327650506126798,9.323388385721897,0.0,0.0,0.0,2.0,2.0,0.5,5117.0,5117.0,1279.25,2012-10-26,2012-10-26,2014-10-15,2014-10-15,6.0,6.0,2026-07-31,2026-07-31,EDLDB.CDM.CUSTOMER_AGGREGATE_SNAPSHOT,EDLDB.MRCH_SANDBOX.CBSA_ZIPCODE_MAPPING,EDLDB.MRCH_SANDBOX.MEDIAN_HOUSEHOLD_INCOME_ZIPCODE,EDLDB.MRCH_SANDBOX.CLINIC_PROFILE,EDLDB.MRCH_SANDBOX.CBSA_POPULATION,"active_customer_yoy_growth, active_customers_per_1000_households, clinic_orders_per_clinic, clinics_per_10000_households, corporate_clinic_share, practice_hub_clinic_share, total_population, veterinarians_per_10000_households",Hypothesis,True,market-attractiveness-synthetic-v1,1.0,SYNTHETIC_COMPLETE,prototype_ready,synthetic_prototype_only
proto:0a27ea621a,,"Moberly, MO","Moberly, MO",micropolitan,2026-07-31,2025-07-31,719,839.0,-0.143027,0.022291,9285.0,9285.0,77.43672590199246,24448.0,24448.0,51311.0,51311.0,1.0,1.0,5.0,5.0,1.0770059235325795,5.385029617662897,0.0,0.0,0.0,1.0,1.0,1.0,1835.0,1835.0,1835.0,2014-06-20,2014-06-20,2014-06-20,2014-06-20,9.0,9.0,2026-07-31,2026-07-31,EDLDB.CDM.CUSTOMER_AGGREGATE_SNAPSHOT,EDLDB.MRCH_SANDBOX.CBSA_ZIPCODE_MAPPING,EDLDB.MRCH_SANDBOX.MEDIAN_HOUSEHOLD_INCOME_ZIPCODE,EDLDB.MRCH_SANDBOX.CLINIC_PROFILE,EDLDB.MRCH_SANDBOX.CBSA_POPULATION,"active_customer_yoy_growth, active_customers_per_1000_households, clinic_orders_per_clinic, clinics_per_10000_households, corporate_clinic_share, practice_hub_clinic_share, veterinarians_per_10000_households",Hypothesis,True,market-attractiveness-synthetic-v1,1.0,SYNTHETIC_COMPLETE,prototype_ready,synthetic_prototype_only
proto:894e54cdc8,,"Del Rio, TX","Del Rio, TX",micropolitan,2026-07-31,2025-07-31,714,851.0,-0.160987,-0.001338,17637.0,17637.0,40.48307535295118,47605.0,47605.0,21843.2,21843.2,3.0,3.0,4.0,4.0,1.7009695526450075,2.267959403526677,0.0,0.0,0.0,0.0,0.0,0.0,1487.0,1487.0,495.6666666666667,2012-10-31,2012-10-31,2023-05-10,2023-05-10,5.0,5.0,2026-07-31,2026-07-31,EDLDB.CDM.CUSTOMER_AGGREGATE_SNAPSHOT,EDLDB.MRCH_SANDBOX.CBSA_ZIPCODE_MAPPING,EDLDB.MRCH_SANDBOX.MEDIAN_HOUSEHOLD_INCOME_ZIPCODE,EDLDB.MRCH_SANDBOX.CLINIC_PROFILE,EDLDB.MRCH_SANDBOX.CBSA_POPULATION,"active_customer_yoy_growth, active_customers_per_1000_households, clinic_orders_per_clinic, clinics_per_10000_households, corporate_clinic_share, practice_hub_clinic_share, veterinarians_per_10000_households",Hypothesis,True,market-attractiveness-synthetic-v1,1.0,SYNTHETIC_COMPLETE,prototype_ready,synthetic_prototype_only
proto:5c44b00ec3,,"Dodge City, KS","Dodge City, KS",micropolitan,2026-07-31,2025-07-31,708,831.0,-0.148014,0.014905,12134.0,12134.0,58.34844239327509,34215.0,34215.0,48476.666667,48476.666667,3.0,3.0,3.0,3.0,2.4723916268336907,2.4723916268336907,0.0,0.0,0.0,0.0,0.0,0.0,325.0,325.0,108.33333333333333,2014-10-03,2014-10-03,2015-12-16,2015-12-16,9.0,9.0,2026-07-31,2026-07-31,EDLDB.CDM.CUSTOMER_AGGREGATE_SNAPSHOT,EDLDB.MRCH_SANDBOX.CBSA_ZIPCODE_MAPPING,EDLDB.MRCH_SANDBOX.MEDIAN_HOUSEHOLD_INCOME_ZIPCODE,EDLDB.MRCH_SANDBOX.CLINIC_PROFILE,EDLDB.MRCH_SANDBOX.CBSA_POPULATION,"active_customer_yoy_growth, active_customers_per_1000_households, clinic_orders_per_clinic, clinics_per_10000_households, corporate_clinic_share, practice_hub_clinic_share, veterinarians_per_10000_households",Hypothesis,True,market-attractiveness-synthetic-v1,1.0,SYNTHETIC_COMPLETE,prototype_ready,synthetic_prototype_only
proto:0f019765c7,,"Spencer, IA","Spencer, IA",micropolitan,2026-07-31,2025-07-31,707,867.0,-0.184544,-0.024488,9135.0,9135.0,77.39463601532567,16336.0,16336.0,58843.0,58843.0,3.0,3.0,7.0,7.0,3.284072249589491,7.662835249042145,0.0,0.0,0.0,0.0,0.0,0.0,888.0,888.0,296.0,2014-06-19,2014-06-19,2022-11-23,2022-11-23,12.0,12.0,2026-07-31,2026-07-31,EDLDB.CDM.CUSTOMER_AGGREGATE_SNAPSHOT,EDLDB.MRCH_SANDBOX.CBSA_ZIPCODE_MAPPING,EDLDB.MRCH_SANDBOX.MEDIAN_HOUSEHOLD_INCOME_ZIPCODE,EDLDB.MRCH_SANDBOX.CLINIC_PROFILE,EDLDB.MRCH_SANDBOX.CBSA_POPULATION,"active_customer_yoy_growth, active_customers_per_1000_households, clinic_orders_per_clinic, clinics_per_10000_households, corporate_clinic_share, practice_hub_clinic_share, veterinarians_per_10000_households",Hypothesis,True,market-attractiveness-synthetic-v1,1.0,SYNTHETIC_COMPLETE,prototype_ready,synthetic_prototype_only
proto:fffe945c67,,"Storm Lake, IA","Storm Lake, IA",micropolitan,2026-07-31,2025-07-31,699,806.0,-0.132754,0.036062,10419.0,10419.0,67.08897207025626,20806.0,20806.0,57008.857143,57008.857143,2.0,2.0,3.0,3.0,1.919570016316345,2.879355024474518,0.0,0.0,0.0,0.0,0.0,0.0,655.0,655.0,327.5,2013-06-11,2013-06-11,2014-10-10,2014-10-10,14.0,14.0,2026-07-31,2026-07-31,EDLDB.CDM.CUSTOMER_AGGREGATE_SNAPSHOT,EDLDB.MRCH_SANDBOX.CBSA_ZIPCODE_MAPPING,EDLDB.MRCH_SANDBOX.MEDIAN_HOUSEHOLD_INCOME_ZIPCODE,EDLDB.MRCH_SANDBOX.CLINIC_PROFILE,EDLDB.MRCH_SANDBOX.CBSA_POPULATION,"active_customer_yoy_growth, active_customers_per_1000_households, clinic_orders_per_clinic, clinics_per_10000_households, corporate_clinic_share, practice_hub_clinic_share, veterinarians_per_10000_households",Hypothesis,True,market-attractiveness-synthetic-v1,1.0,SYNTHETIC_COMPLETE,prototype_ready,synthetic_prototype_only
proto:5532145515,,"Española, NM","Española, NM",micropolitan,2026-07-31,2025-07-31,697,793.0,-0.121059,0.048838,6865.0,6865.0,101.52949745083758,40271.0,40271.0,22100.08,22100.08,11.0,11.0,13.0,13.0,16.023306627822286,18.936635105608158,0.0,0.0,0.0,2.0,2.0,0.18181818181818182,6287.0,6287.0,571.5454545454545,2013-12-01,2013-12-01,2023-10-31,2023-10-31,25.0,25.0,2026-07-31,2026-07-31,EDLDB.CDM.CUSTOMER_AGGREGATE_SNAPSHOT,EDLDB.MRCH_SANDBOX.CBSA_ZIPCODE_MAPPING,EDLDB.MRCH_SANDBOX.MEDIAN_HOUSEHOLD_INCOME_ZIPCODE,EDLDB.MRCH_SANDBOX.CLINIC_PROFILE,EDLDB.MRCH_SANDBOX.CBSA_POPULATION,"active_customer_yoy_growth, active_customers_per_1000_households, clinic_orders_per_clinic, clinics_per_10000_households, corporate_clinic_share, practice_hub_clinic_share, veterinarians_per_10000_households",Hypothesis,True,market-attractiveness-synthetic-v1,1.0,SYNTHETIC_COMPLETE,prototype_ready,synthetic_prototype_only
proto:5f2144dd07,,"Gallup, NM","Gallup, NM",micropolitan,2026-07-31,2025-07-31,686,804.0,-0.146766,0.016631,19504.0,19504.0,35.172272354388845,72590.0,72590.0,38696.611111,38696.611111,3.0,3.0,6.0,6.0,1.5381460213289582,3.0762920426579163,0.0,0.0,0.0,0.0,0.0,0.0,2113.0,2113.0,704.3333333333334,2014-06-20,2014-06-20,2021-12-16,2021-12-16,18.0,18.0,2026-07-31,2026-07-31,EDLDB.CDM.CUSTOMER_AGGREGATE_SNAPSHOT,EDLDB.MRCH_SANDBOX.CBSA_ZIPCODE_MAPPING,EDLDB.MRCH_SANDBOX.MEDIAN_HOUSEHOLD_INCOME_ZIPCODE,EDLDB.MRCH_SANDBOX.CLINIC_PROFILE,EDLDB.MRCH_SANDBOX.CBSA_POPULATION,"active_customer_yoy_growth, active_customers_per_1000_households, clinic_orders_per_clinic, clinics_per_10000_households, corporate_clinic_share, practice_hub_clinic_share, veterinarians_per_10000_households",Hypothesis,True,market-attractiveness-synthetic-v1,1.0,SYNTHETIC_COMPLETE,prototype_ready,synthetic_prototype_only
proto:00b34c89f6,,"Mount Gay-Shamrock, WV","Mount Gay-Shamrock, WV",micropolitan,2026-07-31,2025-07-31,681,833.0,-0.182473,-0.021792,10216.0,10216.0,66.66014095536413,,25535.0,29962.172414,29962.172414,3.0,3.0,3.0,3.0,2.9365700861393895,2.9365700861393895,0.0,0.0,0.0,0.0,0.0,0.0,533.0,533.0,177.66666666666666,2013-10-27,2013-10-27,2023-11-11,2023-11-11,29.0,29.0,2026-07-31,2026-07-31,EDLDB.CDM.CUSTOMER_AGGREGATE_SNAPSHOT,EDLDB.MRCH_SANDBOX.CBSA_ZIPCODE_MAPPING,EDLDB.MRCH_SANDBOX.MEDIAN_HOUSEHOLD_INCOME_ZIPCODE,EDLDB.MRCH_SANDBOX.CLINIC_PROFILE,EDLDB.MRCH_SANDBOX.CBSA_POPULATION,"active_customer_yoy_growth, active_customers_per_1000_households, clinic_orders_per_clinic, clinics_per_10000_households, corporate_clinic_share, practice_hub_clinic_share, total_population, veterinarians_per_10000_households",Hypothesis,True,market-attractiveness-synthetic-v1,1.0,SYNTHETIC_COMPLETE,prototype_ready,synthetic_prototype_only
proto:4fec32f2dd,,"El Campo, TX","El Campo, TX",micropolitan,2026-07-31,2025-07-31,673,784.0,-0.141582,0.024533,14369.0,14369.0,46.83694063609158,41564.0,41564.0,18602.454545,49441.22,6.0,6.0,6.0,6.0,4.175655925951702,4.175655925951702,0.0,0.0,0.0,2.0,2.0,0.3333333333333333,2432.0,2432.0,405.3333333333333,2014-09-22,2014-09-22,2022-01-24,2022-01-24,11.0,11.0,2026-07-31,2026-07-31,EDLDB.CDM.CUSTOMER_AGGREGATE_SNAPSHOT,EDLDB.MRCH_SANDBOX.CBSA_ZIPCODE_MAPPING,EDLDB.MRCH_SANDBOX.MEDIAN_HOUSEHOLD_INCOME_ZIPCODE,EDLDB.MRCH_SANDBOX.CLINIC_PROFILE,EDLDB.MRCH_SANDBOX.CBSA_POPULATION,"active_customer_yoy_growth, active_customers_per_1000_households, avg_zip_median_household_income, clinic_orders_per_clinic, clinics_per_10000_households, corporate_clinic_share, practice_hub_clinic_share, veterinarians_per_10000_households",Hypothesis,True,market-attractiveness-synthetic-v1,1.0,SYNTHETIC_COMPLETE,prototype_ready,synthetic_prototype_only
proto:3668bcf1c9,,"Newberry, SC","Newberry, SC",micropolitan,2026-07-31,2025-07-31,665,781.0,-0.148528,0.014132,9425.0,9425.0,70.55702917771883,37731.0,37731.0,50587.5,50587.5,5.0,5.0,7.0,7.0,5.305039787798408,7.427055702917772,0.0,0.0,0.0,2.0,2.0,0.4,5267.0,5267.0,1053.4,2014-03-21,2014-03-21,2023-02-06,2023-02-06,4.0,4.0,2026-07-31,2026-07-31,EDLDB.CDM.CUSTOMER_AGGREGATE_SNAPSHOT,EDLDB.MRCH_SANDBOX.CBSA_ZIPCODE_MAPPING,EDLDB.MRCH_SANDBOX.MEDIAN_HOUSEHOLD_INCOME_ZIPCODE,EDLDB.MRCH_SANDBOX.CLINIC_PROFILE,EDLDB.MRCH_SANDBOX.CBSA_POPULATION,"active_customer_yoy_growth, active_customers_per_1000_households, clinic_orders_per_clinic, clinics_per_10000_households, corporate_clinic_share, practice_hub_clinic_share, veterinarians_per_10000_households",Hypothesis,True,market-attractiveness-synthetic-v1,1.0,SYNTHETIC_COMPLETE,prototype_ready,synthetic_prototype_only
proto:3657678244,,"Sidney, OH","Sidney, OH",micropolitan,2026-07-31,2025-07-31,663,723.0,-0.082988,0.09728,5836.0,5836.0,113.60520904729267,,14587.0,65273.3,65273.3,3.0,3.0,8.0,8.0,5.140507196710075,13.70801919122687,0.0,0.0,0.0,2.0,2.0,0.6666666666666666,2928.0,2928.0,976.0,2014-09-27,2014-09-27,2014-10-15,2014-10-15,10.0,10.0,2026-07-31,2026-07-31,EDLDB.CDM.CUSTOMER_AGGREGATE_SNAPSHOT,EDLDB.MRCH_SANDBOX.CBSA_ZIPCODE_MAPPING,EDLDB.MRCH_SANDBOX.MEDIAN_HOUSEHOLD_INCOME_ZIPCODE,EDLDB.MRCH_SANDBOX.CLINIC_PROFILE,EDLDB.MRCH_SANDBOX.CBSA_POPULATION,"active_customer_yoy_growth, active_customers_per_1000_households, clinic_orders_per_clinic, clinics_per_10000_households, corporate_clinic_share, practice_hub_clinic_share, total_population, veterinarians_per_10000_households",Hypothesis,True,market-attractiveness-synthetic-v1,1.0,SYNTHETIC_COMPLETE,prototype_ready,synthetic_prototype_only
proto:2d782f82dd,,"Atmore, AL","Atmore, AL",micropolitan,2026-07-31,2025-07-31,659,821.0,-0.19732,-0.033805,12545.0,12545.0,52.53088880031885,,31356.0,35378.714286,35378.714286,3.0,3.0,6.0,6.0,2.3913909924272616,4.782781984854523,0.0,0.0,0.0,0.0,0.0,0.0,2260.0,2260.0,753.3333333333334,2014-03-28,2014-03-28,2014-07-28,2014-07-28,7.0,7.0,2026-07-31,2026-07-31,EDLDB.CDM.CUSTOMER_AGGREGATE_SNAPSHOT,EDLDB.MRCH_SANDBOX.CBSA_ZIPCODE_MAPPING,EDLDB.MRCH_SANDBOX.MEDIAN_HOUSEHOLD_INCOME_ZIPCODE,EDLDB.MRCH_SANDBOX.CLINIC_PROFILE,EDLDB.MRCH_SANDBOX.CBSA_POPULATION,"active_customer_yoy_growth, active_customers_per_1000_households, clinic_orders_per_clinic, clinics_per_10000_households, corporate_clinic_share, practice_hub_clinic_share, total_population, veterinarians_per_10000_households",Hypothesis,True,market-attractiveness-synthetic-v1,1.0,SYNTHETIC_COMPLETE,prototype_ready,synthetic_prototype_only
proto:1ae00dd018,,"Sikeston, MO","Sikeston, MO",micropolitan,2026-07-31,2025-07-31,658,830.0,-0.207229,-0.042946,14274.0,14274.0,46.097800196160854,50145.0,50145.0,40969.454545,40969.454545,5.0,5.0,9.0,9.0,3.502872355331372,6.305170239596469,0.0,0.0,0.0,1.0,1.0,0.2,3237.0,3237.0,647.4,2014-07-10,2014-07-10,2015-05-12,2015-05-12,11.0,11.0,2026-07-31,2026-07-31,EDLDB.CDM.CUSTOMER_AGGREGATE_SNAPSHOT,EDLDB.MRCH_SANDBOX.CBSA_ZIPCODE_MAPPING,EDLDB.MRCH_SANDBOX.MEDIAN_HOUSEHOLD_INCOME_ZIPCODE,EDLDB.MRCH_SANDBOX.CLINIC_PROFILE,EDLDB.MRCH_SANDBOX.CBSA_POPULATION,"active_customer_yoy_growth, active_customers_per_1000_households, clinic_orders_per_clinic, clinics_per_10000_households, corporate_clinic_share, practice_hub_clinic_share, veterinarians_per_10000_households",Hypothesis,True,market-attractiveness-synthetic-v1,1.0,SYNTHETIC_COMPLETE,prototype_ready,synthetic_prototype_only
proto:15e66ebd9b,,"Huron, SD","Huron, SD",micropolitan,2026-07-31,2025-07-31,657,774.0,-0.151163,0.010996,10485.0,10485.0,62.66094420600858,19165.0,19165.0,59154.2,59154.2,6.0,6.0,6.0,6.0,5.722460658082976,5.722460658082976,0.0,0.0,0.0,1.0,1.0,0.16666666666666666,691.0,691.0,115.16666666666667,2014-10-05,2014-10-05,2023-09-12,2023-09-12,15.0,15.0,2026-07-31,2026-07-31,EDLDB.CDM.CUSTOMER_AGGREGATE_SNAPSHOT,EDLDB.MRCH_SANDBOX.CBSA_ZIPCODE_MAPPING,EDLDB.MRCH_SANDBOX.MEDIAN_HOUSEHOLD_INCOME_ZIPCODE,EDLDB.MRCH_SANDBOX.CLINIC_PROFILE,EDLDB.MRCH_SANDBOX.CBSA_POPULATION,"active_customer_yoy_growth, active_customers_per_1000_households, clinic_orders_per_clinic, clinics_per_10000_households, corporate_clinic_share, practice_hub_clinic_share, veterinarians_per_10000_households",Hypothesis,True,market-attractiveness-synthetic-v1,1.0,SYNTHETIC_COMPLETE,prototype_ready,synthetic_prototype_only
proto:2e9328dbb0,,"New Ulm, MN","New Ulm, MN",micropolitan,2026-07-31,2025-07-31,648,727.0,-0.108666,0.069989,7548.0,7548.0,85.85055643879173,,18866.0,56464.857143,56464.857143,2.0,2.0,7.0,7.0,2.6497085320614735,9.273979862215157,0.0,0.0,0.0,2.0,2.0,1.0,4240.0,4240.0,2120.0,2014-02-08,2014-02-08,2021-11-28,2021-11-28,7.0,7.0,2026-07-31,2026-07-31,EDLDB.CDM.CUSTOMER_AGGREGATE_SNAPSHOT,EDLDB.MRCH_SANDBOX.CBSA_ZIPCODE_MAPPING,EDLDB.MRCH_SANDBOX.MEDIAN_HOUSEHOLD_INCOME_ZIPCODE,EDLDB.MRCH_SANDBOX.CLINIC_PROFILE,EDLDB.MRCH_SANDBOX.CBSA_POPULATION,"active_customer_yoy_growth, active_customers_per_1000_households, clinic_orders_per_clinic, clinics_per_10000_households, corporate_clinic_share, practice_hub_clinic_share, total_population, veterinarians_per_10000_households",Hypothesis,True,market-attractiveness-synthetic-v1,1.0,SYNTHETIC_COMPLETE,prototype_ready,synthetic_prototype_only
proto:71fd983894,,"Mount Pleasant, TX","Mount Pleasant, TX",micropolitan,2026-07-31,2025-07-31,642,781.0,-0.177977,-0.017281,11986.0,11986.0,53.56248957116636,55695.0,55695.0,54259.0,54259.0,8.0,8.0,8.0,8.0,6.6744535291173035,6.6744535291173035,0.0,0.0,0.0,3.0,3.0,0.375,3371.0,3371.0,421.375,2012-12-19,2012-12-19,2023-05-20,2023-05-20,5.0,5.0,2026-07-31,2026-07-31,EDLDB.CDM.CUSTOMER_AGGREGATE_SNAPSHOT,EDLDB.MRCH_SANDBOX.CBSA_ZIPCODE_MAPPING,EDLDB.MRCH_SANDBOX.MEDIAN_HOUSEHOLD_INCOME_ZIPCODE,EDLDB.MRCH_SANDBOX.CLINIC_PROFILE,EDLDB.MRCH_SANDBOX.CBSA_POPULATION,"active_customer_yoy_growth, active_customers_per_1000_households, clinic_orders_per_clinic, clinics_per_10000_households, corporate_clinic_share, practice_hub_clinic_share, veterinarians_per_10000_households",Hypothesis,True,market-attractiveness-synthetic-v1,1.0,SYNTHETIC_COMPLETE,prototype_ready,synthetic_prototype_only
proto:f262361196,,"Hope, AR","Hope, AR",micropolitan,2026-07-31,2025-07-31,632,761.0,-0.169514,-0.009578,14932.0,14932.0,42.32520760782213,,37323.0,41302.923077,41302.923077,2.0,2.0,3.0,3.0,1.339405304045004,2.009107956067506,0.0,0.0,0.0,1.0,1.0,0.5,1537.0,1537.0,768.5,2013-07-09,2013-07-09,2014-09-08,2014-09-08,13.0,13.0,2026-07-31,2026-07-31,EDLDB.CDM.CUSTOMER_AGGREGATE_SNAPSHOT,EDLDB.MRCH_SANDBOX.CBSA_ZIPCODE_MAPPING,EDLDB.MRCH_SANDBOX.MEDIAN_HOUSEHOLD_INCOME_ZIPCODE,EDLDB.MRCH_SANDBOX.CLINIC_PROFILE,EDLDB.MRCH_SANDBOX.CBSA_POPULATION,"active_customer_yoy_growth, active_customers_per_1000_households, clinic_orders_per_clinic, clinics_per_10000_households, corporate_clinic_share, practice_hub_clinic_share, total_population, veterinarians_per_10000_households",Hypothesis,True,market-attractiveness-synthetic-v1,1.0,SYNTHETIC_COMPLETE,prototype_ready,synthetic_prototype_only
proto:84759317c9,,"Thomaston, GA","Thomaston, GA",micropolitan,2026-07-31,2025-07-31,629,738.0,-0.147696,0.015674,8914.0,8914.0,70.5631590756114,27745.0,27745.0,38195.0,38195.0,3.0,3.0,5.0,5.0,3.365492483733453,5.609154139555755,0.0,0.0,0.0,1.0,1.0,0.3333333333333333,2904.0,2904.0,968.0,2014-03-06,2014-03-06,2020-08-18,2020-08-18,1.0,1.0,2026-07-31,2026-07-31,EDLDB.CDM.CUSTOMER_AGGREGATE_SNAPSHOT,EDLDB.MRCH_SANDBOX.CBSA_ZIPCODE_MAPPING,EDLDB.MRCH_SANDBOX.MEDIAN_HOUSEHOLD_INCOME_ZIPCODE,EDLDB.MRCH_SANDBOX.CLINIC_PROFILE,EDLDB.MRCH_SANDBOX.CBSA_POPULATION,"active_customer_yoy_growth, active_customers_per_1000_households, clinic_orders_per_clinic, clinics_per_10000_households, corporate_clinic_share, practice_hub_clinic_share, veterinarians_per_10000_households",Hypothesis,True,market-attractiveness-synthetic-v1,1.0,SYNTHETIC_COMPLETE,prototype_ready,synthetic_prototype_only
proto:2f78b1aae5,,"Forrest City, AR","Forrest City, AR",micropolitan,2026-07-31,2025-07-31,628,785.0,-0.2,-0.035508,18132.0,18132.0,34.63489962497243,23021.0,23021.0,33909.538462,33909.538462,2.0,2.0,2.0,2.0,1.1030222810500772,1.1030222810500772,0.0,0.0,0.0,1.0,1.0,0.5,575.0,575.0,287.5,2014-10-22,2014-10-22,2014-11-19,2014-11-19,13.0,13.0,2026-07-31,2026-07-31,EDLDB.CDM.CUSTOMER_AGGREGATE_SNAPSHOT,EDLDB.MRCH_SANDBOX.CBSA_ZIPCODE_MAPPING,EDLDB.MRCH_SANDBOX.MEDIAN_HOUSEHOLD_INCOME_ZIPCODE,EDLDB.MRCH_SANDBOX.CLINIC_PROFILE,EDLDB.MRCH_SANDBOX.CBSA_POPULATION,"active_customer_yoy_growth, active_customers_per_1000_households, clinic_orders_per_clinic, clinics_per_10000_households, corporate_clinic_share, practice_hub_clinic_share, veterinarians_per_10000_households",Hypothesis,True,market-attractiveness-synthetic-v1,1.0,SYNTHETIC_COMPLETE,prototype_ready,synthetic_prototype_only
proto:44bd3a682f,,"Big Spring, TX","Big Spring, TX",micropolitan,2026-07-31,2025-07-31,628,809.0,-0.223733,-0.058323,11481.0,11481.0,54.69906802543333,34816.0,34816.0,65854.5,65854.5,3.0,3.0,2.0,2.0,2.613012803762738,1.7420085358418256,0.0,0.0,0.0,0.0,0.0,0.0,425.0,425.0,141.66666666666666,2013-12-27,2013-12-27,2016-03-25,2016-03-25,4.0,4.0,2026-07-31,2026-07-31,EDLDB.CDM.CUSTOMER_AGGREGATE_SNAPSHOT,EDLDB.MRCH_SANDBOX.CBSA_ZIPCODE_MAPPING,EDLDB.MRCH_SANDBOX.MEDIAN_HOUSEHOLD_INCOME_ZIPCODE,EDLDB.MRCH_SANDBOX.CLINIC_PROFILE,EDLDB.MRCH_SANDBOX.CBSA_POPULATION,"active_customer_yoy_growth, active_customers_per_1000_households, clinic_orders_per_clinic, clinics_per_10000_households, corporate_clinic_share, practice_hub_clinic_share, veterinarians_per_10000_households",Hypothesis,True,market-attractiveness-synthetic-v1,1.0,SYNTHETIC_COMPLETE,prototype_ready,synthetic_prototype_only
proto:26c8219487,,"Maryville, MO","Maryville, MO",micropolitan,2026-07-31,2025-07-31,625,716.0,-0.127095,0.04264,8795.0,8795.0,71.06310403638432,20997.0,20997.0,52045.642857,52045.642857,5.0,5.0,6.0,6.0,5.6850483229107445,6.822057987492894,0.0,0.0,0.0,0.0,0.0,0.0,1283.0,1283.0,256.6,2014-10-21,2014-10-21,2021-08-16,2021-08-16,14.0,14.0,2026-07-31,2026-07-31,EDLDB.CDM.CUSTOMER_AGGREGATE_SNAPSHOT,EDLDB.MRCH_SANDBOX.CBSA_ZIPCODE_MAPPING,EDLDB.MRCH_SANDBOX.MEDIAN_HOUSEHOLD_INCOME_ZIPCODE,EDLDB.MRCH_SANDBOX.CLINIC_PROFILE,EDLDB.MRCH_SANDBOX.CBSA_POPULATION,"active_customer_yoy_growth, active_customers_per_1000_households, clinic_orders_per_clinic, clinics_per_10000_households, corporate_clinic_share, practice_hub_clinic_share, veterinarians_per_10000_households",Hypothesis,True,market-attractiveness-synthetic-v1,1.0,SYNTHETIC_COMPLETE,prototype_ready,synthetic_prototype_only
proto:e4f99bf848,,"Kennett, MO","Kennett, MO",micropolitan,2026-07-31,2025-07-31,619,755.0,-0.180132,-0.019293,14635.0,14635.0,42.29586607447899,28217.0,28217.0,29467.285714,29467.285714,1.0,1.0,1.0,1.0,0.683293474547318,0.683293474547318,0.0,0.0,0.0,0.0,0.0,0.0,222.0,222.0,222.0,2013-02-18,2013-02-18,2013-02-18,2013-02-18,14.0,14.0,2026-07-31,2026-07-31,EDLDB.CDM.CUSTOMER_AGGREGATE_SNAPSHOT,EDLDB.MRCH_SANDBOX.CBSA_ZIPCODE_MAPPING,EDLDB.MRCH_SANDBOX.MEDIAN_HOUSEHOLD_INCOME_ZIPCODE,EDLDB.MRCH_SANDBOX.CLINIC_PROFILE,EDLDB.MRCH_SANDBOX.CBSA_POPULATION,"active_customer_yoy_growth, active_customers_per_1000_households, clinic_orders_per_clinic, clinics_per_10000_households, corporate_clinic_share, practice_hub_clinic_share, veterinarians_per_10000_households",Hypothesis,True,market-attractiveness-synthetic-v1,1.0,SYNTHETIC_COMPLETE,prototype_ready,synthetic_prototype_only
proto:f6a5e149be,,"Price, UT","Price, UT",micropolitan,2026-07-31,2025-07-31,614,702.0,-0.125356,0.043883,7802.0,7802.0,78.69776980261472,20487.0,20487.0,30733.833333,30733.833333,3.0,3.0,5.0,5.0,3.8451679056652144,6.40861317610869,0.0,0.0,0.0,2.0,2.0,0.6666666666666666,1838.0,1838.0,612.6666666666666,2014-10-03,2014-10-03,2020-08-22,2020-08-22,6.0,6.0,2026-07-31,2026-07-31,EDLDB.CDM.CUSTOMER_AGGREGATE_SNAPSHOT,EDLDB.MRCH_SANDBOX.CBSA_ZIPCODE_MAPPING,EDLDB.MRCH_SANDBOX.MEDIAN_HOUSEHOLD_INCOME_ZIPCODE,EDLDB.MRCH_SANDBOX.CLINIC_PROFILE,EDLDB.MRCH_SANDBOX.CBSA_POPULATION,"active_customer_yoy_growth, active_customers_per_1000_households, clinic_orders_per_clinic, clinics_per_10000_households, corporate_clinic_share, practice_hub_clinic_share, veterinarians_per_10000_households",Hypothesis,True,market-attractiveness-synthetic-v1,1.0,SYNTHETIC_COMPLETE,prototype_ready,synthetic_prototype_only
proto:0edb4b44db,,"Elk City, OK","Elk City, OK",micropolitan,2026-07-31,2025-07-31,611,736.0,-0.169837,-0.00985,8839.0,8839.0,69.12546668175133,22334.0,22334.0,55229.857143,55229.857143,4.0,4.0,5.0,5.0,4.5253988007693176,5.656748500961648,0.0,0.0,0.0,1.0,1.0,0.25,3670.0,3670.0,917.5,2014-09-05,2014-09-05,2015-04-25,2015-04-25,7.0,7.0,2026-07-31,2026-07-31,EDLDB.CDM.CUSTOMER_AGGREGATE_SNAPSHOT,EDLDB.MRCH_SANDBOX.CBSA_ZIPCODE_MAPPING,EDLDB.MRCH_SANDBOX.MEDIAN_HOUSEHOLD_INCOME_ZIPCODE,EDLDB.MRCH_SANDBOX.CLINIC_PROFILE,EDLDB.MRCH_SANDBOX.CBSA_POPULATION,"active_customer_yoy_growth, active_customers_per_1000_households, clinic_orders_per_clinic, clinics_per_10000_households, corporate_clinic_share, practice_hub_clinic_share, veterinarians_per_10000_households",Hypothesis,True,market-attractiveness-synthetic-v1,1.0,SYNTHETIC_COMPLETE,prototype_ready,synthetic_prototype_only
proto:8f619960a5,,"Middlesborough, KY","Middlesborough, KY",micropolitan,2026-07-31,2025-07-31,610,710.0,-0.140845,0.02584,10600.0,10600.0,57.54716981132076,23984.0,23984.0,27129.6,27129.6,3.0,3.0,5.0,5.0,2.8301886792452833,4.716981132075472,0.0,0.0,0.0,1.0,1.0,0.3333333333333333,3677.0,3677.0,1225.6666666666667,2013-01-09,2013-01-09,2023-09-14,2023-09-14,10.0,10.0,2026-07-31,2026-07-31,EDLDB.CDM.CUSTOMER_AGGREGATE_SNAPSHOT,EDLDB.MRCH_SANDBOX.CBSA_ZIPCODE_MAPPING,EDLDB.MRCH_SANDBOX.MEDIAN_HOUSEHOLD_INCOME_ZIPCODE,EDLDB.MRCH_SANDBOX.CLINIC_PROFILE,EDLDB.MRCH_SANDBOX.CBSA_POPULATION,"active_customer_yoy_growth, active_customers_per_1000_households, clinic_orders_per_clinic, clinics_per_10000_households, corporate_clinic_share, practice_hub_clinic_share, veterinarians_per_10000_households",Hypothesis,True,market-attractiveness-synthetic-v1,1.0,SYNTHETIC_COMPLETE,prototype_ready,synthetic_prototype_only
proto:6bdd75f95c,,"Union, SC","Union, SC",micropolitan,2026-07-31,2025-07-31,608,766.0,-0.206266,-0.039977,10747.0,10747.0,56.573927607704476,,26862.0,38490.0,38490.0,2.0,2.0,4.0,4.0,1.8609844607797525,3.721968921559505,0.0,0.0,0.0,1.0,1.0,0.5,2684.0,2684.0,1342.0,2014-10-20,2014-10-20,2020-06-03,2020-06-03,4.0,4.0,2026-07-31,2026-07-31,EDLDB.CDM.CUSTOMER_AGGREGATE_SNAPSHOT,EDLDB.MRCH_SANDBOX.CBSA_ZIPCODE_MAPPING,EDLDB.MRCH_SANDBOX.MEDIAN_HOUSEHOLD_INCOME_ZIPCODE,EDLDB.MRCH_SANDBOX.CLINIC_PROFILE,EDLDB.MRCH_SANDBOX.CBSA_POPULATION,"active_customer_yoy_growth, active_customers_per_1000_households, clinic_orders_per_clinic, clinics_per_10000_households, corporate_clinic_share, practice_hub_clinic_share, total_population, veterinarians_per_10000_households",Hypothesis,True,market-attractiveness-synthetic-v1,1.0,SYNTHETIC_COMPLETE,prototype_ready,synthetic_prototype_only
proto:ab54d176cf,,"Parsons, KS","Parsons, KS",micropolitan,2026-07-31,2025-07-31,598,714.0,-0.162465,-0.003223,8715.0,8715.0,68.61732644865175,,21783.0,48858.333333,48858.333333,7.0,7.0,8.0,8.0,8.032128514056225,9.179575444635686,0.0,0.0,0.0,1.0,1.0,0.14285714285714285,2312.0,2312.0,330.2857142857143,2014-01-16,2014-01-16,2023-03-15,2023-03-15,9.0,9.0,2026-07-31,2026-07-31,EDLDB.CDM.CUSTOMER_AGGREGATE_SNAPSHOT,EDLDB.MRCH_SANDBOX.CBSA_ZIPCODE_MAPPING,EDLDB.MRCH_SANDBOX.MEDIAN_HOUSEHOLD_INCOME_ZIPCODE,EDLDB.MRCH_SANDBOX.CLINIC_PROFILE,EDLDB.MRCH_SANDBOX.CBSA_POPULATION,"active_customer_yoy_growth, active_customers_per_1000_households, clinic_orders_per_clinic, clinics_per_10000_households, corporate_clinic_share, practice_hub_clinic_share, total_population, veterinarians_per_10000_households",Hypothesis,True,market-attractiveness-synthetic-v1,1.0,SYNTHETIC_COMPLETE,prototype_ready,synthetic_prototype_only
proto:ec0f73e7d0,,"Dyersburg, TN","Dyersburg, TN",micropolitan,2026-07-31,2025-07-31,596,705.0,-0.15461,0.004643,12373.0,12373.0,48.16940111533177,36716.0,36716.0,40615.0,40615.0,3.0,3.0,6.0,6.0,2.4246342843287803,4.8492685686575605,0.0,0.0,0.0,0.0,0.0,0.0,1789.0,1789.0,596.3333333333334,2013-10-28,2013-10-28,2020-05-22,2020-05-22,6.0,6.0,2026-07-31,2026-07-31,EDLDB.CDM.CUSTOMER_AGGREGATE_SNAPSHOT,EDLDB.MRCH_SANDBOX.CBSA_ZIPCODE_MAPPING,EDLDB.MRCH_SANDBOX.MEDIAN_HOUSEHOLD_INCOME_ZIPCODE,EDLDB.MRCH_SANDBOX.CLINIC_PROFILE,EDLDB.MRCH_SANDBOX.CBSA_POPULATION,"active_customer_yoy_growth, active_customers_per_1000_households, clinic_orders_per_clinic, clinics_per_10000_households, corporate_clinic_share, practice_hub_clinic_share, veterinarians_per_10000_households",Hypothesis,True,market-attractiveness-synthetic-v1,1.0,SYNTHETIC_COMPLETE,prototype_ready,synthetic_prototype_only
proto:fa8420b251,,"Brookhaven, MS","Brookhaven, MS",micropolitan,2026-07-31,2025-07-31,592,753.0,-0.213811,-0.046344,13808.0,13808.0,42.87369640787949,34828.0,34828.0,33876.166667,33876.166667,4.0,4.0,10.0,10.0,2.8968713789107765,7.242178447276942,0.0,0.0,0.0,1.0,1.0,0.25,3548.0,3548.0,887.0,2013-12-23,2013-12-23,2022-07-21,2022-07-21,6.0,6.0,2026-07-31,2026-07-31,EDLDB.CDM.CUSTOMER_AGGREGATE_SNAPSHOT,EDLDB.MRCH_SANDBOX.CBSA_ZIPCODE_MAPPING,EDLDB.MRCH_SANDBOX.MEDIAN_HOUSEHOLD_INCOME_ZIPCODE,EDLDB.MRCH_SANDBOX.CLINIC_PROFILE,EDLDB.MRCH_SANDBOX.CBSA_POPULATION,"active_customer_yoy_growth, active_customers_per_1000_households, clinic_orders_per_clinic, clinics_per_10000_households, corporate_clinic_share, practice_hub_clinic_share, veterinarians_per_10000_households",Hypothesis,True,market-attractiveness-synthetic-v1,1.0,SYNTHETIC_COMPLETE,prototype_ready,synthetic_prototype_only
proto:a211255d40,,"Sedalia, MO","Sedalia, MO",micropolitan,2026-07-31,2025-07-31,588,702.0,-0.162393,-0.002984,6526.0,6526.0,90.10113392583511,,16312.0,45718.333333,45718.333333,5.0,5.0,7.0,7.0,7.661661048115231,10.726325467361322,0.0,0.0,0.0,1.0,1.0,0.2,3614.0,3614.0,722.8,2013-05-20,2013-05-20,2021-07-19,2021-07-19,9.0,9.0,2026-07-31,2026-07-31,EDLDB.CDM.CUSTOMER_AGGREGATE_SNAPSHOT,EDLDB.MRCH_SANDBOX.CBSA_ZIPCODE_MAPPING,EDLDB.MRCH_SANDBOX.MEDIAN_HOUSEHOLD_INCOME_ZIPCODE,EDLDB.MRCH_SANDBOX.CLINIC_PROFILE,EDLDB.MRCH_SANDBOX.CBSA_POPULATION,"active_customer_yoy_growth, active_customers_per_1000_households, clinic_orders_per_clinic, clinics_per_10000_households, corporate_clinic_share, practice_hub_clinic_share, total_population, veterinarians_per_10000_households",Hypothesis,True,market-attractiveness-synthetic-v1,1.0,SYNTHETIC_COMPLETE,prototype_ready,synthetic_prototype_only
proto:8c2aeb1beb,,"Worthington, MN","Worthington, MN",micropolitan,2026-07-31,2025-07-31,587,683.0,-0.140556,0.026587,10695.0,10695.0,54.885460495558675,22205.0,22205.0,60812.611111,60812.611111,2.0,2.0,2.0,2.0,1.8700327255726976,1.8700327255726976,0.0,0.0,0.0,0.0,0.0,0.0,730.0,730.0,365.0,2014-12-31,2014-12-31,2022-06-30,2022-06-30,18.0,18.0,2026-07-31,2026-07-31,EDLDB.CDM.CUSTOMER_AGGREGATE_SNAPSHOT,EDLDB.MRCH_SANDBOX.CBSA_ZIPCODE_MAPPING,EDLDB.MRCH_SANDBOX.MEDIAN_HOUSEHOLD_INCOME_ZIPCODE,EDLDB.MRCH_SANDBOX.CLINIC_PROFILE,EDLDB.MRCH_SANDBOX.CBSA_POPULATION,"active_customer_yoy_growth, active_customers_per_1000_households, clinic_orders_per_clinic, clinics_per_10000_households, corporate_clinic_share, practice_hub_clinic_share, veterinarians_per_10000_households",Hypothesis,True,market-attractiveness-synthetic-v1,1.0,SYNTHETIC_COMPLETE,prototype_ready,synthetic_prototype_only
proto:ac4850545b,,"Liberal, KS","Liberal, KS",micropolitan,2026-07-31,2025-07-31,585,714.0,-0.180672,-0.020342,11043.0,11043.0,52.97473512632437,21857.0,21857.0,55783.125,55783.125,2.0,2.0,2.0,2.0,1.811102055600833,1.811102055600833,0.0,0.0,0.0,1.0,1.0,0.5,798.0,798.0,399.0,2013-09-26,2013-09-26,2014-12-02,2014-12-02,8.0,8.0,2026-07-31,2026-07-31,EDLDB.CDM.CUSTOMER_AGGREGATE_SNAPSHOT,EDLDB.MRCH_SANDBOX.CBSA_ZIPCODE_MAPPING,EDLDB.MRCH_SANDBOX.MEDIAN_HOUSEHOLD_INCOME_ZIPCODE,EDLDB.MRCH_SANDBOX.CLINIC_PROFILE,EDLDB.MRCH_SANDBOX.CBSA_POPULATION,"active_customer_yoy_growth, active_customers_per_1000_households, clinic_orders_per_clinic, clinics_per_10000_households, corporate_clinic_share, practice_hub_clinic_share, veterinarians_per_10000_households",Hypothesis,True,market-attractiveness-synthetic-v1,1.0,SYNTHETIC_COMPLETE,prototype_ready,synthetic_prototype_only
proto:090013c7fc,,"Snyder, TX","Snyder, TX",micropolitan,2026-07-31,2025-07-31,583,679.0,-0.141384,0.024907,9088.0,9088.0,64.15052816901408,16942.0,16942.0,46590.833333,46590.833333,1.0,1.0,1.0,1.0,1.1003521126760563,1.1003521126760563,0.0,0.0,0.0,0.0,0.0,0.0,46.0,46.0,46.0,2015-01-13,2015-01-13,2015-01-13,2015-01-13,6.0,6.0,2026-07-31,2026-07-31,EDLDB.CDM.CUSTOMER_AGGREGATE_SNAPSHOT,EDLDB.MRCH_SANDBOX.CBSA_ZIPCODE_MAPPING,EDLDB.MRCH_SANDBOX.MEDIAN_HOUSEHOLD_INCOME_ZIPCODE,EDLDB.MRCH_SANDBOX.CLINIC_PROFILE,EDLDB.MRCH_SANDBOX.CBSA_POPULATION,"active_customer_yoy_growth, active_customers_per_1000_households, clinic_orders_per_clinic, clinics_per_10000_households, corporate_clinic_share, practice_hub_clinic_share, veterinarians_per_10000_households",Hypothesis,True,market-attractiveness-synthetic-v1,1.0,SYNTHETIC_COMPLETE,prototype_ready,synthetic_prototype_only
proto:425e21b191,,"Arkadelphia, AR","Arkadelphia, AR",micropolitan,2026-07-31,2025-07-31,569,647.0,-0.120556,0.049962,9794.0,9794.0,58.09679395548295,21385.0,21385.0,26984.875,26984.875,3.0,3.0,6.0,6.0,3.0630998570553403,6.1261997141106805,0.0,0.0,0.0,1.0,1.0,0.3333333333333333,3404.0,3404.0,1134.6666666666667,2014-03-06,2014-03-06,2014-11-06,2014-11-06,8.0,8.0,2026-07-31,2026-07-31,EDLDB.CDM.CUSTOMER_AGGREGATE_SNAPSHOT,EDLDB.MRCH_SANDBOX.CBSA_ZIPCODE_MAPPING,EDLDB.MRCH_SANDBOX.MEDIAN_HOUSEHOLD_INCOME_ZIPCODE,EDLDB.MRCH_SANDBOX.CLINIC_PROFILE,EDLDB.MRCH_SANDBOX.CBSA_POPULATION,"active_customer_yoy_growth, active_customers_per_1000_households, clinic_orders_per_clinic, clinics_per_10000_households, corporate_clinic_share, practice_hub_clinic_share, veterinarians_per_10000_households",Hypothesis,True,market-attractiveness-synthetic-v1,1.0,SYNTHETIC_COMPLETE,prototype_ready,synthetic_prototype_only
proto:1331014415,,"LaGrange, GA-AL","LaGrange, GA-AL",micropolitan,2026-07-31,2025-07-31,565,682.0,-0.171554,-0.011518,13037.0,13037.0,43.338191301679835,,32586.0,39254.8,39254.8,9.0,9.0,13.0,13.0,6.903428702922451,9.971619237554652,0.0,0.0,0.0,4.0,4.0,0.4444444444444444,13009.0,13009.0,1445.4444444444443,2014-03-18,2014-03-18,2023-04-01,2023-04-01,5.0,5.0,2026-07-31,2026-07-31,EDLDB.CDM.CUSTOMER_AGGREGATE_SNAPSHOT,EDLDB.MRCH_SANDBOX.CBSA_ZIPCODE_MAPPING,EDLDB.MRCH_SANDBOX.MEDIAN_HOUSEHOLD_INCOME_ZIPCODE,EDLDB.MRCH_SANDBOX.CLINIC_PROFILE,EDLDB.MRCH_SANDBOX.CBSA_POPULATION,"active_customer_yoy_growth, active_customers_per_1000_households, clinic_orders_per_clinic, clinics_per_10000_households, corporate_clinic_share, practice_hub_clinic_share, total_population, veterinarians_per_10000_households",Hypothesis,True,market-attractiveness-synthetic-v1,1.0,SYNTHETIC_COMPLETE,prototype_ready,synthetic_prototype_only
proto:a1a7786ae5,,"Camden, AR","Camden, AR",micropolitan,2026-07-31,2025-07-31,565,722.0,-0.217452,-0.051483,13253.0,13253.0,42.63185693805176,27351.0,27351.0,43010.888889,43010.888889,1.0,1.0,3.0,3.0,0.7545461404964914,2.2636384214894743,0.0,0.0,0.0,1.0,1.0,1.0,775.0,775.0,775.0,2014-09-29,2014-09-29,2014-09-29,2014-09-29,9.0,9.0,2026-07-31,2026-07-31,EDLDB.CDM.CUSTOMER_AGGREGATE_SNAPSHOT,EDLDB.MRCH_SANDBOX.CBSA_ZIPCODE_MAPPING,EDLDB.MRCH_SANDBOX.MEDIAN_HOUSEHOLD_INCOME_ZIPCODE,EDLDB.MRCH_SANDBOX.CLINIC_PROFILE,EDLDB.MRCH_SANDBOX.CBSA_POPULATION,"active_customer_yoy_growth, active_customers_per_1000_households, clinic_orders_per_clinic, clinics_per_10000_households, corporate_clinic_share, practice_hub_clinic_share, veterinarians_per_10000_households",Hypothesis,True,market-attractiveness-synthetic-v1,1.0,SYNTHETIC_COMPLETE,prototype_ready,synthetic_prototype_only
proto:e1cc2552e9,,"Minden, LA","Minden, LA",micropolitan,2026-07-31,2025-07-31,561,659.0,-0.14871,0.013744,13080.0,13080.0,42.88990825688074,36883.0,36883.0,31982.714286,31982.714286,6.0,6.0,4.0,4.0,4.587155963302752,3.058103975535168,0.0,0.0,0.0,1.0,1.0,0.16666666666666666,2110.0,2110.0,351.6666666666667,2013-11-23,2013-11-23,2023-02-11,2023-02-11,7.0,7.0,2026-07-31,2026-07-31,EDLDB.CDM.CUSTOMER_AGGREGATE_SNAPSHOT,EDLDB.MRCH_SANDBOX.CBSA_ZIPCODE_MAPPING,EDLDB.MRCH_SANDBOX.MEDIAN_HOUSEHOLD_INCOME_ZIPCODE,EDLDB.MRCH_SANDBOX.CLINIC_PROFILE,EDLDB.MRCH_SANDBOX.CBSA_POPULATION,"active_customer_yoy_growth, active_customers_per_1000_households, clinic_orders_per_clinic, clinics_per_10000_households, corporate_clinic_share, practice_hub_clinic_share, veterinarians_per_10000_households",Hypothesis,True,market-attractiveness-synthetic-v1,1.0,SYNTHETIC_COMPLETE,prototype_ready,synthetic_prototype_only
proto:3badb8bfd7,,"Blytheville, AR","Blytheville, AR",micropolitan,2026-07-31,2025-07-31,558,717.0,-0.221757,-0.056754,13938.0,13938.0,40.03443822643134,40538.0,40538.0,32723.333333,32723.333333,2.0,2.0,2.0,2.0,1.4349261013057828,1.4349261013057828,0.0,0.0,0.0,1.0,1.0,0.5,4879.0,4879.0,2439.5,2012-11-20,2012-11-20,2015-12-18,2015-12-18,12.0,12.0,2026-07-31,2026-07-31,EDLDB.CDM.CUSTOMER_AGGREGATE_SNAPSHOT,EDLDB.MRCH_SANDBOX.CBSA_ZIPCODE_MAPPING,EDLDB.MRCH_SANDBOX.MEDIAN_HOUSEHOLD_INCOME_ZIPCODE,EDLDB.MRCH_SANDBOX.CLINIC_PROFILE,EDLDB.MRCH_SANDBOX.CBSA_POPULATION,"active_customer_yoy_growth, active_customers_per_1000_households, clinic_orders_per_clinic, clinics_per_10000_households, corporate_clinic_share, practice_hub_clinic_share, veterinarians_per_10000_households",Hypothesis,True,market-attractiveness-synthetic-v1,1.0,SYNTHETIC_COMPLETE,prototype_ready,synthetic_prototype_only
proto:625fd36883,,"Morgan City, LA","Morgan City, LA",micropolitan,2026-07-31,2025-07-31,555,653.0,-0.150077,0.012769,11037.0,11037.0,50.2854036422941,49142.0,49142.0,25988.5,25988.5,3.0,3.0,9.0,9.0,2.7181299266104917,8.154389779831476,0.0,0.0,0.0,1.0,1.0,0.3333333333333333,4769.0,4769.0,1589.6666666666667,2013-10-27,2013-10-27,2015-04-21,2015-04-21,6.0,6.0,2026-07-31,2026-07-31,EDLDB.CDM.CUSTOMER_AGGREGATE_SNAPSHOT,EDLDB.MRCH_SANDBOX.CBSA_ZIPCODE_MAPPING,EDLDB.MRCH_SANDBOX.MEDIAN_HOUSEHOLD_INCOME_ZIPCODE,EDLDB.MRCH_SANDBOX.CLINIC_PROFILE,EDLDB.MRCH_SANDBOX.CBSA_POPULATION,"active_customer_yoy_growth, active_customers_per_1000_households, clinic_orders_per_clinic, clinics_per_10000_households, corporate_clinic_share, practice_hub_clinic_share, veterinarians_per_10000_households",Hypothesis,True,market-attractiveness-synthetic-v1,1.0,SYNTHETIC_COMPLETE,prototype_ready,synthetic_prototype_only
proto:2cfa5d4470,,"Alice, TX","Alice, TX",micropolitan,2026-07-31,2025-07-31,554,698.0,-0.206304,-0.040686,17499.0,17499.0,31.65895194011086,45927.0,45927.0,38861.1,38861.1,5.0,5.0,7.0,7.0,2.8573061317789588,4.000228584490542,0.0,0.0,0.0,2.0,2.0,0.4,1914.0,1914.0,382.8,2013-05-09,2013-05-09,2023-01-19,2023-01-19,10.0,10.0,2026-07-31,2026-07-31,EDLDB.CDM.CUSTOMER_AGGREGATE_SNAPSHOT,EDLDB.MRCH_SANDBOX.CBSA_ZIPCODE_MAPPING,EDLDB.MRCH_SANDBOX.MEDIAN_HOUSEHOLD_INCOME_ZIPCODE,EDLDB.MRCH_SANDBOX.CLINIC_PROFILE,EDLDB.MRCH_SANDBOX.CBSA_POPULATION,"active_customer_yoy_growth, active_customers_per_1000_households, clinic_orders_per_clinic, clinics_per_10000_households, corporate_clinic_share, practice_hub_clinic_share, veterinarians_per_10000_households",Hypothesis,True,market-attractiveness-synthetic-v1,1.0,SYNTHETIC_COMPLETE,prototype_ready,synthetic_prototype_only
proto:fb19c90725,,"Central City, KY","Central City, KY",micropolitan,2026-07-31,2025-07-31,544,654.0,-0.168196,-0.007716,7761.0,7761.0,70.0940600438088,,19399.0,40280.454545,40280.454545,1.0,1.0,2.0,2.0,1.2884937508053087,2.5769875016106174,0.0,0.0,0.0,0.0,0.0,0.0,1777.0,1777.0,1777.0,2014-04-23,2014-04-23,2014-04-23,2014-04-23,11.0,11.0,2026-07-31,2026-07-31,EDLDB.CDM.CUSTOMER_AGGREGATE_SNAPSHOT,EDLDB.MRCH_SANDBOX.CBSA_ZIPCODE_MAPPING,EDLDB.MRCH_SANDBOX.MEDIAN_HOUSEHOLD_INCOME_ZIPCODE,EDLDB.MRCH_SANDBOX.CLINIC_PROFILE,EDLDB.MRCH_SANDBOX.CBSA_POPULATION,"active_customer_yoy_growth, active_customers_per_1000_households, clinic_orders_per_clinic, clinics_per_10000_households, corporate_clinic_share, practice_hub_clinic_share, total_population, veterinarians_per_10000_households",Hypothesis,True,market-attractiveness-synthetic-v1,1.0,SYNTHETIC_COMPLETE,prototype_ready,synthetic_prototype_only
proto:d6aea61fe4,,"Huntington, IN","Huntington, IN",micropolitan,2026-07-31,2025-07-31,532,590.0,-0.098305,0.081688,3988.0,8410.0,63.25802615933412,,21021.0,66105.5,66105.5,4.0,4.0,6.0,6.0,4.756242568370987,7.13436385255648,0.0,0.0,0.0,2.0,2.0,0.5,9252.0,9252.0,2313.0,2013-07-18,2013-07-18,2014-10-15,2014-10-15,4.0,4.0,2026-07-31,2026-07-31,EDLDB.CDM.CUSTOMER_AGGREGATE_SNAPSHOT,EDLDB.MRCH_SANDBOX.CBSA_ZIPCODE_MAPPING,EDLDB.MRCH_SANDBOX.MEDIAN_HOUSEHOLD_INCOME_ZIPCODE,EDLDB.MRCH_SANDBOX.CLINIC_PROFILE,EDLDB.MRCH_SANDBOX.CBSA_POPULATION,"active_customer_yoy_growth, active_customers_per_1000_households, clinic_orders_per_clinic, clinics_per_10000_households, corporate_clinic_share, practice_hub_clinic_share, total_households, total_population, veterinarians_per_10000_households",Hypothesis,True,market-attractiveness-synthetic-v1,1.0,SYNTHETIC_COMPLETE,prototype_ready,synthetic_prototype_only
proto:4e3a2d6c9e,,"Deming, NM","Deming, NM",micropolitan,2026-07-31,2025-07-31,529,646.0,-0.181115,-0.021059,8911.0,8911.0,59.36482998541129,25458.0,25458.0,27795.5,27795.5,3.0,3.0,3.0,3.0,3.366625519021434,3.366625519021434,0.0,0.0,0.0,0.0,0.0,0.0,1292.0,1292.0,430.6666666666667,2014-09-26,2014-09-26,2021-09-01,2021-09-01,2.0,2.0,2026-07-31,2026-07-31,EDLDB.CDM.CUSTOMER_AGGREGATE_SNAPSHOT,EDLDB.MRCH_SANDBOX.CBSA_ZIPCODE_MAPPING,EDLDB.MRCH_SANDBOX.MEDIAN_HOUSEHOLD_INCOME_ZIPCODE,EDLDB.MRCH_SANDBOX.CLINIC_PROFILE,EDLDB.MRCH_SANDBOX.CBSA_POPULATION,"active_customer_yoy_growth, active_customers_per_1000_households, clinic_orders_per_clinic, clinics_per_10000_households, corporate_clinic_share, practice_hub_clinic_share, veterinarians_per_10000_households",Hypothesis,True,market-attractiveness-synthetic-v1,1.0,SYNTHETIC_COMPLETE,prototype_ready,synthetic_prototype_only
proto:3d14e26e3a,,"Cordele, GA","Cordele, GA",micropolitan,2026-07-31,2025-07-31,524,620.0,-0.154839,0.00411,10792.0,10792.0,48.554484803558196,20053.0,20053.0,45891.0,45891.0,3.0,3.0,4.0,4.0,2.7798369162342476,3.7064492216456633,0.0,0.0,0.0,3.0,3.0,1.0,2618.0,2618.0,872.6666666666666,2014-10-10,2014-10-10,2020-12-31,2020-12-31,3.0,3.0,2026-07-31,2026-07-31,EDLDB.CDM.CUSTOMER_AGGREGATE_SNAPSHOT,EDLDB.MRCH_SANDBOX.CBSA_ZIPCODE_MAPPING,EDLDB.MRCH_SANDBOX.MEDIAN_HOUSEHOLD_INCOME_ZIPCODE,EDLDB.MRCH_SANDBOX.CLINIC_PROFILE,EDLDB.MRCH_SANDBOX.CBSA_POPULATION,"active_customer_yoy_growth, active_customers_per_1000_households, clinic_orders_per_clinic, clinics_per_10000_households, corporate_clinic_share, practice_hub_clinic_share, veterinarians_per_10000_households",Hypothesis,True,market-attractiveness-synthetic-v1,1.0,SYNTHETIC_COMPLETE,prototype_ready,synthetic_prototype_only
proto:8c12cd235d,,"Urbana, OH","Urbana, OH",micropolitan,2026-07-31,2025-07-31,521,598.0,-0.128763,0.04121,3413.0,10469.0,49.76597573789283,,26167.0,72051.5,72051.5,9.0,9.0,11.0,11.0,8.596809628426783,10.50721176807718,0.0,0.0,0.0,1.0,1.0,0.1111111111111111,3753.0,3753.0,417.0,2014-04-27,2014-04-27,2022-11-13,2022-11-13,4.0,4.0,2026-07-31,2026-07-31,EDLDB.CDM.CUSTOMER_AGGREGATE_SNAPSHOT,EDLDB.MRCH_SANDBOX.CBSA_ZIPCODE_MAPPING,EDLDB.MRCH_SANDBOX.MEDIAN_HOUSEHOLD_INCOME_ZIPCODE,EDLDB.MRCH_SANDBOX.CLINIC_PROFILE,EDLDB.MRCH_SANDBOX.CBSA_POPULATION,"active_customer_yoy_growth, active_customers_per_1000_households, clinic_orders_per_clinic, clinics_per_10000_households, corporate_clinic_share, practice_hub_clinic_share, total_households, total_population, veterinarians_per_10000_households",Hypothesis,True,market-attractiveness-synthetic-v1,1.0,SYNTHETIC_COMPLETE,prototype_ready,synthetic_prototype_only
proto:297423e107,,"Borger, TX","Borger, TX",micropolitan,2026-07-31,2025-07-31,519,622.0,-0.165595,-0.005672,6832.0,6832.0,75.96604215456675,20569.0,20569.0,49392.0,49392.0,2.0,2.0,4.0,4.0,2.927400468384075,5.85480093676815,0.0,0.0,0.0,0.0,0.0,0.0,731.0,731.0,365.5,2014-03-04,2014-03-04,2014-10-11,2014-10-11,5.0,5.0,2026-07-31,2026-07-31,EDLDB.CDM.CUSTOMER_AGGREGATE_SNAPSHOT,EDLDB.MRCH_SANDBOX.CBSA_ZIPCODE_MAPPING,EDLDB.MRCH_SANDBOX.MEDIAN_HOUSEHOLD_INCOME_ZIPCODE,EDLDB.MRCH_SANDBOX.CLINIC_PROFILE,EDLDB.MRCH_SANDBOX.CBSA_POPULATION,"active_customer_yoy_growth, active_customers_per_1000_households, clinic_orders_per_clinic, clinics_per_10000_households, corporate_clinic_share, practice_hub_clinic_share, veterinarians_per_10000_households",Hypothesis,True,market-attractiveness-synthetic-v1,1.0,SYNTHETIC_COMPLETE,prototype_ready,synthetic_prototype_only
proto:8e3c877767,,"Bennettsville, SC","Bennettsville, SC",micropolitan,2026-07-31,2025-07-31,515,658.0,-0.217325,-0.050353,12146.0,12146.0,42.4007903836654,,30359.0,27662.285714,27662.285714,2.0,2.0,2.0,2.0,1.6466326362588508,1.6466326362588508,0.0,0.0,0.0,1.0,1.0,0.5,2264.0,2264.0,1132.0,2014-10-19,2014-10-19,2015-01-14,2015-01-14,7.0,7.0,2026-07-31,2026-07-31,EDLDB.CDM.CUSTOMER_AGGREGATE_SNAPSHOT,EDLDB.MRCH_SANDBOX.CBSA_ZIPCODE_MAPPING,EDLDB.MRCH_SANDBOX.MEDIAN_HOUSEHOLD_INCOME_ZIPCODE,EDLDB.MRCH_SANDBOX.CLINIC_PROFILE,EDLDB.MRCH_SANDBOX.CBSA_POPULATION,"active_customer_yoy_growth, active_customers_per_1000_households, clinic_orders_per_clinic, clinics_per_10000_households, corporate_clinic_share, practice_hub_clinic_share, total_population, veterinarians_per_10000_households",Hypothesis,True,market-attractiveness-synthetic-v1,1.0,SYNTHETIC_COMPLETE,prototype_ready,synthetic_prototype_only
proto:21d1fb247b,,"Dumas, TX","Dumas, TX",micropolitan,2026-07-31,2025-07-31,503,594.0,-0.153199,0.006741,10178.0,10178.0,49.42031833366084,21264.0,21264.0,52481.2,52481.2,3.0,3.0,3.0,3.0,2.9475338966398112,2.9475338966398112,0.0,0.0,0.0,0.0,0.0,0.0,601.0,601.0,200.33333333333334,2014-12-11,2014-12-11,2022-12-23,2022-12-23,5.0,5.0,2026-07-31,2026-07-31,EDLDB.CDM.CUSTOMER_AGGREGATE_SNAPSHOT,EDLDB.MRCH_SANDBOX.CBSA_ZIPCODE_MAPPING,EDLDB.MRCH_SANDBOX.MEDIAN_HOUSEHOLD_INCOME_ZIPCODE,EDLDB.MRCH_SANDBOX.CLINIC_PROFILE,EDLDB.MRCH_SANDBOX.CBSA_POPULATION,"active_customer_yoy_growth, active_customers_per_1000_households, clinic_orders_per_clinic, clinics_per_10000_households, corporate_clinic_share, practice_hub_clinic_share, veterinarians_per_10000_households",Hypothesis,True,market-attractiveness-synthetic-v1,1.0,SYNTHETIC_COMPLETE,prototype_ready,synthetic_prototype_only
proto:50f7ae385e,,"Greenwood, MS","Greenwood, MS",micropolitan,2026-07-31,2025-07-31,503,622.0,-0.191318,-0.031183,15979.0,15979.0,31.47881594592903,38122.0,38122.0,33448.083333,33448.083333,3.0,3.0,3.0,3.0,1.8774641717253895,1.8774641717253895,0.0,0.0,0.0,0.0,0.0,0.0,1271.0,1271.0,423.6666666666667,2014-04-23,2014-04-23,2015-08-17,2015-08-17,12.0,12.0,2026-07-31,2026-07-31,EDLDB.CDM.CUSTOMER_AGGREGATE_SNAPSHOT,EDLDB.MRCH_SANDBOX.CBSA_ZIPCODE_MAPPING,EDLDB.MRCH_SANDBOX.MEDIAN_HOUSEHOLD_INCOME_ZIPCODE,EDLDB.MRCH_SANDBOX.CLINIC_PROFILE,EDLDB.MRCH_SANDBOX.CBSA_POPULATION,"active_customer_yoy_growth, active_customers_per_1000_households, clinic_orders_per_clinic, clinics_per_10000_households, corporate_clinic_share, practice_hub_clinic_share, veterinarians_per_10000_households",Hypothesis,True,market-attractiveness-synthetic-v1,1.0,SYNTHETIC_COMPLETE,prototype_ready,synthetic_prototype_only
proto:77f167d44e,,"Woodward, OK","Woodward, OK",micropolitan,2026-07-31,2025-07-31,501,597.0,-0.160804,-0.001107,9103.0,9103.0,55.03680105459738,20412.0,20412.0,58283.777778,58283.777778,4.0,4.0,5.0,5.0,4.394155772822146,5.4926947160276836,0.0,0.0,0.0,0.0,0.0,0.0,941.0,941.0,235.25,2014-10-19,2014-10-19,2023-03-26,2023-03-26,9.0,9.0,2026-07-31,2026-07-31,EDLDB.CDM.CUSTOMER_AGGREGATE_SNAPSHOT,EDLDB.MRCH_SANDBOX.CBSA_ZIPCODE_MAPPING,EDLDB.MRCH_SANDBOX.MEDIAN_HOUSEHOLD_INCOME_ZIPCODE,EDLDB.MRCH_SANDBOX.CLINIC_PROFILE,EDLDB.MRCH_SANDBOX.CBSA_POPULATION,"active_customer_yoy_growth, active_customers_per_1000_households, clinic_orders_per_clinic, clinics_per_10000_households, corporate_clinic_share, practice_hub_clinic_share, veterinarians_per_10000_households",Hypothesis,True,market-attractiveness-synthetic-v1,1.0,SYNTHETIC_COMPLETE,prototype_ready,synthetic_prototype_only
proto:72ec2c9a43,,"Bedford, IN","Bedford, IN",micropolitan,2026-07-31,2025-07-31,496,605.0,-0.180165,-0.019639,5545.0,5545.0,89.44995491433724,,13860.0,25518.666667,25518.666667,4.0,4.0,4.0,4.0,7.21370604147881,7.21370604147881,0.0,0.0,0.0,1.0,1.0,0.25,1811.0,1811.0,452.75,2013-06-28,2013-06-28,2022-10-21,2022-10-21,6.0,6.0,2026-07-31,2026-07-31,EDLDB.CDM.CUSTOMER_AGGREGATE_SNAPSHOT,EDLDB.MRCH_SANDBOX.CBSA_ZIPCODE_MAPPING,EDLDB.MRCH_SANDBOX.MEDIAN_HOUSEHOLD_INCOME_ZIPCODE,EDLDB.MRCH_SANDBOX.CLINIC_PROFILE,EDLDB.MRCH_SANDBOX.CBSA_POPULATION,"active_customer_yoy_growth, active_customers_per_1000_households, clinic_orders_per_clinic, clinics_per_10000_households, corporate_clinic_share, practice_hub_clinic_share, total_population, veterinarians_per_10000_households",Hypothesis,True,market-attractiveness-synthetic-v1,1.0,SYNTHETIC_COMPLETE,prototype_ready,synthetic_prototype_only
proto:d65d363909,,"Greenville, MS","Greenville, MS",micropolitan,2026-07-31,2025-07-31,486,583.0,-0.166381,-0.006429,18377.0,18377.0,26.44610110464167,44640.0,44640.0,26537.6,26537.6,3.0,3.0,6.0,6.0,1.6324753768297329,3.2649507536594657,0.0,0.0,0.0,0.0,0.0,0.0,3070.0,3070.0,1023.3333333333334,2014-02-03,2014-02-03,2018-06-13,2018-06-13,10.0,10.0,2026-07-31,2026-07-31,EDLDB.CDM.CUSTOMER_AGGREGATE_SNAPSHOT,EDLDB.MRCH_SANDBOX.CBSA_ZIPCODE_MAPPING,EDLDB.MRCH_SANDBOX.MEDIAN_HOUSEHOLD_INCOME_ZIPCODE,EDLDB.MRCH_SANDBOX.CLINIC_PROFILE,EDLDB.MRCH_SANDBOX.CBSA_POPULATION,"active_customer_yoy_growth, active_customers_per_1000_households, clinic_orders_per_clinic, clinics_per_10000_households, corporate_clinic_share, practice_hub_clinic_share, veterinarians_per_10000_households",Hypothesis,True,market-attractiveness-synthetic-v1,1.0,SYNTHETIC_COMPLETE,prototype_ready,synthetic_prototype_only
proto:71a12d9a69,,"Brownsville, TN","Brownsville, TN",micropolitan,2026-07-31,2025-07-31,481,610.0,-0.211475,-0.044582,12276.0,12276.0,39.1821440208537,,30684.0,41632.333333,41632.333333,1.0,1.0,1.0,1.0,0.8145975887911372,0.8145975887911372,0.0,0.0,0.0,0.0,0.0,0.0,638.0,638.0,638.0,2014-03-04,2014-03-04,2014-03-04,2014-03-04,3.0,3.0,2026-07-31,2026-07-31,EDLDB.CDM.CUSTOMER_AGGREGATE_SNAPSHOT,EDLDB.MRCH_SANDBOX.CBSA_ZIPCODE_MAPPING,EDLDB.MRCH_SANDBOX.MEDIAN_HOUSEHOLD_INCOME_ZIPCODE,EDLDB.MRCH_SANDBOX.CLINIC_PROFILE,EDLDB.MRCH_SANDBOX.CBSA_POPULATION,"active_customer_yoy_growth, active_customers_per_1000_households, clinic_orders_per_clinic, clinics_per_10000_households, corporate_clinic_share, practice_hub_clinic_share, total_population, veterinarians_per_10000_households",Hypothesis,True,market-attractiveness-synthetic-v1,1.0,SYNTHETIC_COMPLETE,prototype_ready,synthetic_prototype_only
proto:b9e78166b4,,"Milledgeville, GA","Milledgeville, GA",micropolitan,2026-07-31,2025-07-31,476,563.0,-0.154529,0.004855,8326.0,8326.0,57.170309872687966,,20811.0,26283.5,26283.5,4.0,4.0,8.0,8.0,4.804227720393946,9.608455440787893,0.0,0.0,0.0,2.0,2.0,0.5,10778.0,10778.0,2694.5,2014-04-23,2014-04-23,2018-09-18,2018-09-18,6.0,6.0,2026-07-31,2026-07-31,EDLDB.CDM.CUSTOMER_AGGREGATE_SNAPSHOT,EDLDB.MRCH_SANDBOX.CBSA_ZIPCODE_MAPPING,EDLDB.MRCH_SANDBOX.MEDIAN_HOUSEHOLD_INCOME_ZIPCODE,EDLDB.MRCH_SANDBOX.CLINIC_PROFILE,EDLDB.MRCH_SANDBOX.CBSA_POPULATION,"active_customer_yoy_growth, active_customers_per_1000_households, clinic_orders_per_clinic, clinics_per_10000_households, corporate_clinic_share, practice_hub_clinic_share, total_population, veterinarians_per_10000_households",Hypothesis,True,market-attractiveness-synthetic-v1,1.0,SYNTHETIC_COMPLETE,prototype_ready,synthetic_prototype_only
proto:500f7f5dde,,"Muskogee, OK","Muskogee, OK",micropolitan,2026-07-31,2025-07-31,471,587.0,-0.197615,-0.034928,10402.0,10402.0,45.279753893482024,,26000.0,38372.75,38372.75,9.0,9.0,11.0,11.0,8.652182272639877,10.574889444337629,0.0,0.0,0.0,3.0,3.0,0.3333333333333333,7608.0,7608.0,845.3333333333334,2013-06-19,2013-06-19,2023-07-18,2023-07-18,8.0,8.0,2026-07-31,2026-07-31,EDLDB.CDM.CUSTOMER_AGGREGATE_SNAPSHOT,EDLDB.MRCH_SANDBOX.CBSA_ZIPCODE_MAPPING,EDLDB.MRCH_SANDBOX.MEDIAN_HOUSEHOLD_INCOME_ZIPCODE,EDLDB.MRCH_SANDBOX.CLINIC_PROFILE,EDLDB.MRCH_SANDBOX.CBSA_POPULATION,"active_customer_yoy_growth, active_customers_per_1000_households, clinic_orders_per_clinic, clinics_per_10000_households, corporate_clinic_share, practice_hub_clinic_share, total_population, veterinarians_per_10000_households",Hypothesis,True,market-attractiveness-synthetic-v1,1.0,SYNTHETIC_COMPLETE,prototype_ready,synthetic_prototype_only
proto:741b719df4,,"Portales, NM","Portales, NM",micropolitan,2026-07-31,2025-07-31,458,540.0,-0.151852,0.009194,6777.0,6777.0,67.58152574885642,,16939.0,28039.222222,28039.222222,1.0,1.0,1.0,1.0,1.4755791648221928,1.4755791648221928,0.0,0.0,0.0,1.0,1.0,1.0,1532.0,1532.0,1532.0,2014-09-21,2014-09-21,2014-09-21,2014-09-21,9.0,9.0,2026-07-31,2026-07-31,EDLDB.CDM.CUSTOMER_AGGREGATE_SNAPSHOT,EDLDB.MRCH_SANDBOX.CBSA_ZIPCODE_MAPPING,EDLDB.MRCH_SANDBOX.MEDIAN_HOUSEHOLD_INCOME_ZIPCODE,EDLDB.MRCH_SANDBOX.CLINIC_PROFILE,EDLDB.MRCH_SANDBOX.CBSA_POPULATION,"active_customer_yoy_growth, active_customers_per_1000_households, clinic_orders_per_clinic, clinics_per_10000_households, corporate_clinic_share, practice_hub_clinic_share, total_population, veterinarians_per_10000_households",Hypothesis,True,market-attractiveness-synthetic-v1,1.0,SYNTHETIC_COMPLETE,prototype_ready,synthetic_prototype_only
proto:a8821b4ae7,,"Uvalde, TX","Uvalde, TX",micropolitan,2026-07-31,2025-07-31,455,528.0,-0.138258,0.030526,9101.0,9101.0,49.994506098230964,24571.0,24571.0,41364.5,41364.5,4.0,4.0,7.0,7.0,4.395121415229096,7.691462476650917,0.0,0.0,0.0,1.0,1.0,0.25,3535.0,3535.0,883.75,2013-09-18,2013-09-18,2021-09-22,2021-09-22,6.0,6.0,2026-07-31,2026-07-31,EDLDB.CDM.CUSTOMER_AGGREGATE_SNAPSHOT,EDLDB.MRCH_SANDBOX.CBSA_ZIPCODE_MAPPING,EDLDB.MRCH_SANDBOX.MEDIAN_HOUSEHOLD_INCOME_ZIPCODE,EDLDB.MRCH_SANDBOX.CLINIC_PROFILE,EDLDB.MRCH_SANDBOX.CBSA_POPULATION,"active_customer_yoy_growth, active_customers_per_1000_households, clinic_orders_per_clinic, clinics_per_10000_households, corporate_clinic_share, practice_hub_clinic_share, veterinarians_per_10000_households",Hypothesis,True,market-attractiveness-synthetic-v1,1.0,SYNTHETIC_COMPLETE,prototype_ready,synthetic_prototype_only
proto:2278cfa95e,,"Magnolia, AR","Magnolia, AR",micropolitan,2026-07-31,2025-07-31,453,538.0,-0.157993,0.000939,9884.0,9884.0,45.831647106434644,22744.0,22744.0,37829.0,37829.0,3.0,3.0,5.0,5.0,3.035208417644678,5.058680696074464,0.0,0.0,0.0,0.0,0.0,0.0,2218.0,2218.0,739.3333333333334,2013-12-07,2013-12-07,2023-05-20,2023-05-20,6.0,6.0,2026-07-31,2026-07-31,EDLDB.CDM.CUSTOMER_AGGREGATE_SNAPSHOT,EDLDB.MRCH_SANDBOX.CBSA_ZIPCODE_MAPPING,EDLDB.MRCH_SANDBOX.MEDIAN_HOUSEHOLD_INCOME_ZIPCODE,EDLDB.MRCH_SANDBOX.CLINIC_PROFILE,EDLDB.MRCH_SANDBOX.CBSA_POPULATION,"active_customer_yoy_growth, active_customers_per_1000_households, clinic_orders_per_clinic, clinics_per_10000_households, corporate_clinic_share, practice_hub_clinic_share, veterinarians_per_10000_households",Hypothesis,True,market-attractiveness-synthetic-v1,1.0,SYNTHETIC_COMPLETE,prototype_ready,synthetic_prototype_only
proto:5bb7843ece,,"Fremont, NE","Fremont, NE",micropolitan,2026-07-31,2025-07-31,452,520.0,-0.130769,0.038608,5231.0,5231.0,86.4079525903269,,13075.0,58075.7,58075.7,4.0,4.0,6.0,6.0,7.646721468170522,11.470082202255783,0.0,0.0,0.0,3.0,3.0,0.75,5142.0,5142.0,1285.5,2014-11-11,2014-11-11,2017-10-02,2017-10-02,10.0,10.0,2026-07-31,2026-07-31,EDLDB.CDM.CUSTOMER_AGGREGATE_SNAPSHOT,EDLDB.MRCH_SANDBOX.CBSA_ZIPCODE_MAPPING,EDLDB.MRCH_SANDBOX.MEDIAN_HOUSEHOLD_INCOME_ZIPCODE,EDLDB.MRCH_SANDBOX.CLINIC_PROFILE,EDLDB.MRCH_SANDBOX.CBSA_POPULATION,"active_customer_yoy_growth, active_customers_per_1000_households, clinic_orders_per_clinic, clinics_per_10000_households, corporate_clinic_share, practice_hub_clinic_share, total_population, veterinarians_per_10000_households",Hypothesis,True,market-attractiveness-synthetic-v1,1.0,SYNTHETIC_COMPLETE,prototype_ready,synthetic_prototype_only
proto:ad19d5e1d0,,"Grants, NM","Grants, NM",micropolitan,2026-07-31,2025-07-31,451,506.0,-0.108696,0.069639,8666.0,8666.0,52.042464804985,,21661.0,34344.461538,34344.461538,2.0,2.0,1.0,1.0,2.3078698361412417,1.1539349180706209,0.0,0.0,0.0,0.0,0.0,0.0,1427.0,1427.0,713.5,2014-04-22,2014-04-22,2022-10-18,2022-10-18,13.0,13.0,2026-07-31,2026-07-31,EDLDB.CDM.CUSTOMER_AGGREGATE_SNAPSHOT,EDLDB.MRCH_SANDBOX.CBSA_ZIPCODE_MAPPING,EDLDB.MRCH_SANDBOX.MEDIAN_HOUSEHOLD_INCOME_ZIPCODE,EDLDB.MRCH_SANDBOX.CLINIC_PROFILE,EDLDB.MRCH_SANDBOX.CBSA_POPULATION,"active_customer_yoy_growth, active_customers_per_1000_households, clinic_orders_per_clinic, clinics_per_10000_households, corporate_clinic_share, practice_hub_clinic_share, total_population, veterinarians_per_10000_households",Hypothesis,True,market-attractiveness-synthetic-v1,1.0,SYNTHETIC_COMPLETE,prototype_ready,synthetic_prototype_only
proto:77c05f539f,,"Vermillion, SD","Vermillion, SD",micropolitan,2026-07-31,2025-07-31,449,520.0,-0.136538,0.032608,4494.0,6145.0,73.06753458096013,15000.0,15000.0,47042.0,47042.0,1.0,1.0,2.0,2.0,1.6273393002441008,3.2546786004882016,0.0,0.0,0.0,0.0,0.0,0.0,456.0,456.0,456.0,2015-04-28,2015-04-28,2015-04-28,2015-04-28,1.0,1.0,2026-07-31,2026-07-31,EDLDB.CDM.CUSTOMER_AGGREGATE_SNAPSHOT,EDLDB.MRCH_SANDBOX.CBSA_ZIPCODE_MAPPING,EDLDB.MRCH_SANDBOX.MEDIAN_HOUSEHOLD_INCOME_ZIPCODE,EDLDB.MRCH_SANDBOX.CLINIC_PROFILE,EDLDB.MRCH_SANDBOX.CBSA_POPULATION,"active_customer_yoy_growth, active_customers_per_1000_households, clinic_orders_per_clinic, clinics_per_10000_households, corporate_clinic_share, practice_hub_clinic_share, total_households, veterinarians_per_10000_households",Hypothesis,True,market-attractiveness-synthetic-v1,1.0,SYNTHETIC_COMPLETE,prototype_ready,synthetic_prototype_only
proto:dbc9298465,,"Andrews, TX","Andrews, TX",micropolitan,2026-07-31,2025-07-31,443,559.0,-0.207513,-0.04375,5649.0,5649.0,78.42095946185165,18612.0,18612.0,75147.0,75147.0,1.0,1.0,3.0,3.0,1.770224818551956,5.310674455655868,0.0,0.0,0.0,1.0,1.0,1.0,4882.0,4882.0,4882.0,2014-09-29,2014-09-29,2014-09-29,2014-09-29,1.0,1.0,2026-07-31,2026-07-31,EDLDB.CDM.CUSTOMER_AGGREGATE_SNAPSHOT,EDLDB.MRCH_SANDBOX.CBSA_ZIPCODE_MAPPING,EDLDB.MRCH_SANDBOX.MEDIAN_HOUSEHOLD_INCOME_ZIPCODE,EDLDB.MRCH_SANDBOX.CLINIC_PROFILE,EDLDB.MRCH_SANDBOX.CBSA_POPULATION,"active_customer_yoy_growth, active_customers_per_1000_households, clinic_orders_per_clinic, clinics_per_10000_households, corporate_clinic_share, practice_hub_clinic_share, veterinarians_per_10000_households",Hypothesis,True,market-attractiveness-synthetic-v1,1.0,SYNTHETIC_COMPLETE,prototype_ready,synthetic_prototype_only
proto:52f9df215a,,"Fitzgerald, GA","Fitzgerald, GA",micropolitan,2026-07-31,2025-07-31,442,553.0,-0.200723,-0.036708,9432.0,9432.0,46.861747243426635,17168.0,17168.0,37167.0,37167.0,2.0,2.0,5.0,5.0,2.1204410517387617,5.301102629346904,0.0,0.0,0.0,1.0,1.0,0.5,1246.0,1246.0,623.0,2014-10-19,2014-10-19,2015-10-20,2015-10-20,4.0,4.0,2026-07-31,2026-07-31,EDLDB.CDM.CUSTOMER_AGGREGATE_SNAPSHOT,EDLDB.MRCH_SANDBOX.CBSA_ZIPCODE_MAPPING,EDLDB.MRCH_SANDBOX.MEDIAN_HOUSEHOLD_INCOME_ZIPCODE,EDLDB.MRCH_SANDBOX.CLINIC_PROFILE,EDLDB.MRCH_SANDBOX.CBSA_POPULATION,"active_customer_yoy_growth, active_customers_per_1000_households, clinic_orders_per_clinic, clinics_per_10000_households, corporate_clinic_share, practice_hub_clinic_share, veterinarians_per_10000_households",Hypothesis,True,market-attractiveness-synthetic-v1,1.0,SYNTHETIC_COMPLETE,prototype_ready,synthetic_prototype_only
proto:71a5b03f80,,"Seymour, IN","Seymour, IN",micropolitan,2026-07-31,2025-07-31,437,539.0,-0.189239,-0.028324,3976.0,7225.0,60.484429065743946,,18059.0,49082.666667,49082.666667,5.0,5.0,12.0,12.0,6.920415224913494,16.608996539792386,0.0,0.0,0.0,1.0,1.0,0.2,8062.0,8062.0,1612.4,2014-01-02,2014-01-02,2023-07-14,2023-07-14,3.0,3.0,2026-07-31,2026-07-31,EDLDB.CDM.CUSTOMER_AGGREGATE_SNAPSHOT,EDLDB.MRCH_SANDBOX.CBSA_ZIPCODE_MAPPING,EDLDB.MRCH_SANDBOX.MEDIAN_HOUSEHOLD_INCOME_ZIPCODE,EDLDB.MRCH_SANDBOX.CLINIC_PROFILE,EDLDB.MRCH_SANDBOX.CBSA_POPULATION,"active_customer_yoy_growth, active_customers_per_1000_households, clinic_orders_per_clinic, clinics_per_10000_households, corporate_clinic_share, practice_hub_clinic_share, total_households, total_population, veterinarians_per_10000_households",Hypothesis,True,market-attractiveness-synthetic-v1,1.0,SYNTHETIC_COMPLETE,prototype_ready,synthetic_prototype_only
proto:1a6056a210,,"Cortland, NY","Cortland, NY",micropolitan,2026-07-31,2025-07-31,437,492.0,-0.111789,0.062666,2298.0,6719.0,65.03944039291561,,16794.0,77491.4,77491.4,5.0,5.0,17.0,17.0,7.4415835689834795,25.30138413454383,0.0,0.0,0.0,4.0,4.0,0.8,18112.0,18112.0,3622.4,2012-12-28,2012-12-28,2023-11-05,2023-11-05,5.0,5.0,2026-07-31,2026-07-31,EDLDB.CDM.CUSTOMER_AGGREGATE_SNAPSHOT,EDLDB.MRCH_SANDBOX.CBSA_ZIPCODE_MAPPING,EDLDB.MRCH_SANDBOX.MEDIAN_HOUSEHOLD_INCOME_ZIPCODE,EDLDB.MRCH_SANDBOX.CLINIC_PROFILE,EDLDB.MRCH_SANDBOX.CBSA_POPULATION,"active_customer_yoy_growth, active_customers_per_1000_households, clinic_orders_per_clinic, clinics_per_10000_households, corporate_clinic_share, practice_hub_clinic_share, total_households, total_population, veterinarians_per_10000_households",Hypothesis,True,market-attractiveness-synthetic-v1,1.0,SYNTHETIC_COMPLETE,prototype_ready,synthetic_prototype_only
proto:87220017b8,,"Fairmont, WV","Fairmont, WV",micropolitan,2026-07-31,2025-07-31,434,480.0,-0.095833,0.085508,2961.0,8466.0,51.26387904559414,,21161.0,43073.1,43073.1,9.0,9.0,19.0,19.0,10.630758327427356,22.442712024568863,0.0,0.0,0.0,3.0,3.0,0.3333333333333333,21959.0,21959.0,2439.8888888888887,2013-10-16,2013-10-16,2023-11-28,2023-11-28,10.0,10.0,2026-07-31,2026-07-31,EDLDB.CDM.CUSTOMER_AGGREGATE_SNAPSHOT,EDLDB.MRCH_SANDBOX.CBSA_ZIPCODE_MAPPING,EDLDB.MRCH_SANDBOX.MEDIAN_HOUSEHOLD_INCOME_ZIPCODE,EDLDB.MRCH_SANDBOX.CLINIC_PROFILE,EDLDB.MRCH_SANDBOX.CBSA_POPULATION,"active_customer_yoy_growth, active_customers_per_1000_households, clinic_orders_per_clinic, clinics_per_10000_households, corporate_clinic_share, practice_hub_clinic_share, total_households, total_population, veterinarians_per_10000_households",Hypothesis,True,market-attractiveness-synthetic-v1,1.0,SYNTHETIC_COMPLETE,prototype_ready,synthetic_prototype_only
proto:8d2f9860b9,,"Levelland, TX","Levelland, TX",micropolitan,2026-07-31,2025-07-31,428,539.0,-0.205937,-0.039289,9228.0,9228.0,46.380580840918945,,23065.0,59439.666667,59439.666667,2.0,2.0,3.0,3.0,2.167316861725184,3.2509752925877766,0.0,0.0,0.0,0.0,0.0,0.0,1530.0,1530.0,765.0,2014-05-19,2014-05-19,2015-02-23,2015-02-23,6.0,6.0,2026-07-31,2026-07-31,EDLDB.CDM.CUSTOMER_AGGREGATE_SNAPSHOT,EDLDB.MRCH_SANDBOX.CBSA_ZIPCODE_MAPPING,EDLDB.MRCH_SANDBOX.MEDIAN_HOUSEHOLD_INCOME_ZIPCODE,EDLDB.MRCH_SANDBOX.CLINIC_PROFILE,EDLDB.MRCH_SANDBOX.CBSA_POPULATION,"active_customer_yoy_growth, active_customers_per_1000_households, clinic_orders_per_clinic, clinics_per_10000_households, corporate_clinic_share, practice_hub_clinic_share, total_population, veterinarians_per_10000_households",Hypothesis,True,market-attractiveness-synthetic-v1,1.0,SYNTHETIC_COMPLETE,prototype_ready,synthetic_prototype_only
proto:10e9c7d30c,,"Plainview, TX","Plainview, TX",micropolitan,2026-07-31,2025-07-31,424,512.0,-0.171875,-0.011802,11200.0,11200.0,37.85714285714286,37835.0,37835.0,45665.571429,45665.571429,5.0,5.0,4.0,4.0,4.464285714285714,3.5714285714285716,0.0,0.0,0.0,1.0,1.0,0.2,843.0,843.0,168.6,2014-04-16,2014-04-16,2023-09-20,2023-09-20,7.0,7.0,2026-07-31,2026-07-31,EDLDB.CDM.CUSTOMER_AGGREGATE_SNAPSHOT,EDLDB.MRCH_SANDBOX.CBSA_ZIPCODE_MAPPING,EDLDB.MRCH_SANDBOX.MEDIAN_HOUSEHOLD_INCOME_ZIPCODE,EDLDB.MRCH_SANDBOX.CLINIC_PROFILE,EDLDB.MRCH_SANDBOX.CBSA_POPULATION,"active_customer_yoy_growth, active_customers_per_1000_households, clinic_orders_per_clinic, clinics_per_10000_households, corporate_clinic_share, practice_hub_clinic_share, veterinarians_per_10000_households",Hypothesis,True,market-attractiveness-synthetic-v1,1.0,SYNTHETIC_COMPLETE,prototype_ready,synthetic_prototype_only
proto:2e357010af,,"Cleveland, MS","Cleveland, MS",micropolitan,2026-07-31,2025-07-31,421,531.0,-0.207156,-0.042169,12282.0,12282.0,34.277804917765835,30835.0,30835.0,29175.214286,29175.214286,4.0,4.0,6.0,6.0,3.2567985670086306,4.885197850512945,0.0,0.0,0.0,2.0,2.0,0.5,2325.0,2325.0,581.25,2014-03-31,2014-03-31,2019-07-01,2019-07-01,14.0,14.0,2026-07-31,2026-07-31,EDLDB.CDM.CUSTOMER_AGGREGATE_SNAPSHOT,EDLDB.MRCH_SANDBOX.CBSA_ZIPCODE_MAPPING,EDLDB.MRCH_SANDBOX.MEDIAN_HOUSEHOLD_INCOME_ZIPCODE,EDLDB.MRCH_SANDBOX.CLINIC_PROFILE,EDLDB.MRCH_SANDBOX.CBSA_POPULATION,"active_customer_yoy_growth, active_customers_per_1000_households, clinic_orders_per_clinic, clinics_per_10000_households, corporate_clinic_share, practice_hub_clinic_share, veterinarians_per_10000_households",Hypothesis,True,market-attractiveness-synthetic-v1,1.0,SYNTHETIC_COMPLETE,prototype_ready,synthetic_prototype_only
proto:f82dde320d,,"Kinston, NC","Kinston, NC",micropolitan,2026-07-31,2025-07-31,415,500.0,-0.17,-0.010399,6298.0,6298.0,65.89393458240711,,15742.0,41356.0,41356.0,8.0,8.0,15.0,15.0,12.702445220704986,23.817084788821848,0.0,0.0,0.0,3.0,3.0,0.375,18863.0,18863.0,2357.875,2013-03-10,2013-03-10,2023-02-18,2023-02-18,3.0,3.0,2026-07-31,2026-07-31,EDLDB.CDM.CUSTOMER_AGGREGATE_SNAPSHOT,EDLDB.MRCH_SANDBOX.CBSA_ZIPCODE_MAPPING,EDLDB.MRCH_SANDBOX.MEDIAN_HOUSEHOLD_INCOME_ZIPCODE,EDLDB.MRCH_SANDBOX.CLINIC_PROFILE,EDLDB.MRCH_SANDBOX.CBSA_POPULATION,"active_customer_yoy_growth, active_customers_per_1000_households, clinic_orders_per_clinic, clinics_per_10000_households, corporate_clinic_share, practice_hub_clinic_share, total_population, veterinarians_per_10000_households",Hypothesis,True,market-attractiveness-synthetic-v1,1.0,SYNTHETIC_COMPLETE,prototype_ready,synthetic_prototype_only
proto:cb7e5e2b90,,"Marshall, MO","Marshall, MO",micropolitan,2026-07-31,2025-07-31,411,480.0,-0.14375,0.020603,6967.0,6967.0,58.992392708482846,23331.0,23331.0,55967.714286,55967.714286,3.0,3.0,4.0,4.0,4.306014066312617,5.741352088416822,0.0,0.0,0.0,1.0,1.0,0.3333333333333333,1018.0,1018.0,339.3333333333333,2014-01-02,2014-01-02,2014-10-17,2014-10-17,7.0,7.0,2026-07-31,2026-07-31,EDLDB.CDM.CUSTOMER_AGGREGATE_SNAPSHOT,EDLDB.MRCH_SANDBOX.CBSA_ZIPCODE_MAPPING,EDLDB.MRCH_SANDBOX.MEDIAN_HOUSEHOLD_INCOME_ZIPCODE,EDLDB.MRCH_SANDBOX.CLINIC_PROFILE,EDLDB.MRCH_SANDBOX.CBSA_POPULATION,"active_customer_yoy_growth, active_customers_per_1000_households, clinic_orders_per_clinic, clinics_per_10000_households, corporate_clinic_share, practice_hub_clinic_share, veterinarians_per_10000_households",Hypothesis,True,market-attractiveness-synthetic-v1,1.0,SYNTHETIC_COMPLETE,prototype_ready,synthetic_prototype_only
proto:42cd0fa201,,"Fort Morgan, CO","Fort Morgan, CO",micropolitan,2026-07-31,2025-07-31,406,502.0,-0.191235,-0.030199,3863.0,8249.0,49.21808704085344,,20618.0,60705.2,60705.2,5.0,5.0,5.0,5.0,6.06134076857801,6.06134076857801,0.0,0.0,0.0,1.0,1.0,0.2,340.0,340.0,68.0,2016-09-28,2016-09-28,2021-11-19,2021-11-19,5.0,5.0,2026-07-31,2026-07-31,EDLDB.CDM.CUSTOMER_AGGREGATE_SNAPSHOT,EDLDB.MRCH_SANDBOX.CBSA_ZIPCODE_MAPPING,EDLDB.MRCH_SANDBOX.MEDIAN_HOUSEHOLD_INCOME_ZIPCODE,EDLDB.MRCH_SANDBOX.CLINIC_PROFILE,EDLDB.MRCH_SANDBOX.CBSA_POPULATION,"active_customer_yoy_growth, active_customers_per_1000_households, clinic_orders_per_clinic, clinics_per_10000_households, corporate_clinic_share, practice_hub_clinic_share, total_households, total_population, veterinarians_per_10000_households",Hypothesis,True,market-attractiveness-synthetic-v1,1.0,SYNTHETIC_COMPLETE,prototype_ready,synthetic_prototype_only
proto:8030f7bb67,,"Malvern, AR","Malvern, AR",micropolitan,2026-07-31,2025-07-31,388,420.0,-0.07619,0.110032,4325.0,7178.0,54.054054054054056,,17941.0,47931.333333,47931.333333,3.0,3.0,3.0,3.0,4.17943716912789,4.17943716912789,0.0,0.0,0.0,2.0,2.0,0.6666666666666666,1443.0,1443.0,481.0,2014-12-08,2014-12-08,2015-07-17,2015-07-17,3.0,3.0,2026-07-31,2026-07-31,EDLDB.CDM.CUSTOMER_AGGREGATE_SNAPSHOT,EDLDB.MRCH_SANDBOX.CBSA_ZIPCODE_MAPPING,EDLDB.MRCH_SANDBOX.MEDIAN_HOUSEHOLD_INCOME_ZIPCODE,EDLDB.MRCH_SANDBOX.CLINIC_PROFILE,EDLDB.MRCH_SANDBOX.CBSA_POPULATION,"active_customer_yoy_growth, active_customers_per_1000_households, clinic_orders_per_clinic, clinics_per_10000_households, corporate_clinic_share, practice_hub_clinic_share, total_households, total_population, veterinarians_per_10000_households",Hypothesis,True,market-attractiveness-synthetic-v1,1.0,SYNTHETIC_COMPLETE,prototype_ready,synthetic_prototype_only
proto:b0670c7b77,,"Beeville, TX","Beeville, TX",micropolitan,2026-07-31,2025-07-31,385,475.0,-0.189474,-0.028782,8596.0,8596.0,44.78827361563518,31038.0,31038.0,37602.777778,37602.777778,5.0,5.0,10.0,10.0,5.816658911121452,11.633317822242905,0.0,0.0,0.0,2.0,2.0,0.4,3228.0,3228.0,645.6,2013-03-25,2013-03-25,2018-10-16,2018-10-16,9.0,9.0,2026-07-31,2026-07-31,EDLDB.CDM.CUSTOMER_AGGREGATE_SNAPSHOT,EDLDB.MRCH_SANDBOX.CBSA_ZIPCODE_MAPPING,EDLDB.MRCH_SANDBOX.MEDIAN_HOUSEHOLD_INCOME_ZIPCODE,EDLDB.MRCH_SANDBOX.CLINIC_PROFILE,EDLDB.MRCH_SANDBOX.CBSA_POPULATION,"active_customer_yoy_growth, active_customers_per_1000_households, clinic_orders_per_clinic, clinics_per_10000_households, corporate_clinic_share, practice_hub_clinic_share, veterinarians_per_10000_households",Hypothesis,True,market-attractiveness-synthetic-v1,1.0,SYNTHETIC_COMPLETE,prototype_ready,synthetic_prototype_only
proto:94e1e8b65c,,"Crawfordsville, IN","Crawfordsville, IN",micropolitan,2026-07-31,2025-07-31,384,418.0,-0.08134,0.098256,2083.0,6145.0,62.489829129373476,,15359.0,57757.833333,57757.833333,2.0,2.0,4.0,4.0,3.2546786004882016,6.509357200976403,0.0,0.0,0.0,2.0,2.0,1.0,14819.0,14819.0,7409.5,2013-11-21,2013-11-21,2014-09-29,2014-09-29,6.0,6.0,2026-07-31,2026-07-31,EDLDB.CDM.CUSTOMER_AGGREGATE_SNAPSHOT,EDLDB.MRCH_SANDBOX.CBSA_ZIPCODE_MAPPING,EDLDB.MRCH_SANDBOX.MEDIAN_HOUSEHOLD_INCOME_ZIPCODE,EDLDB.MRCH_SANDBOX.CLINIC_PROFILE,EDLDB.MRCH_SANDBOX.CBSA_POPULATION,"active_customer_yoy_growth, active_customers_per_1000_households, clinic_orders_per_clinic, clinics_per_10000_households, corporate_clinic_share, practice_hub_clinic_share, total_households, total_population, veterinarians_per_10000_households",Hypothesis,True,market-attractiveness-synthetic-v1,1.0,SYNTHETIC_COMPLETE,prototype_ready,synthetic_prototype_only
proto:bececae034,,"Grenada, MS","Grenada, MS",micropolitan,2026-07-31,2025-07-31,378,459.0,-0.176471,-0.015682,11901.0,11901.0,31.762036803629947,31371.0,31371.0,38881.0,38881.0,2.0,2.0,4.0,4.0,1.6805310478111082,3.3610620956222164,0.0,0.0,0.0,0.0,0.0,0.0,1167.0,1167.0,583.5,2014-09-07,2014-09-07,2021-05-19,2021-05-19,9.0,9.0,2026-07-31,2026-07-31,EDLDB.CDM.CUSTOMER_AGGREGATE_SNAPSHOT,EDLDB.MRCH_SANDBOX.CBSA_ZIPCODE_MAPPING,EDLDB.MRCH_SANDBOX.MEDIAN_HOUSEHOLD_INCOME_ZIPCODE,EDLDB.MRCH_SANDBOX.CLINIC_PROFILE,EDLDB.MRCH_SANDBOX.CBSA_POPULATION,"active_customer_yoy_growth, active_customers_per_1000_households, clinic_orders_per_clinic, clinics_per_10000_households, corporate_clinic_share, practice_hub_clinic_share, veterinarians_per_10000_households",Hypothesis,True,market-attractiveness-synthetic-v1,1.0,SYNTHETIC_COMPLETE,prototype_ready,synthetic_prototype_only
proto:0dd3ce0e1e,,"Guymon, OK","Guymon, OK",micropolitan,2026-07-31,2025-07-31,350,412.0,-0.150485,0.012181,6908.0,6908.0,50.6658946149392,21289.0,21289.0,49420.714286,49420.714286,4.0,4.0,3.0,3.0,5.790387955993051,4.342790966994789,0.0,0.0,0.0,1.0,1.0,0.25,905.0,905.0,226.25,2014-09-27,2014-09-27,2021-11-30,2021-11-30,7.0,7.0,2026-07-31,2026-07-31,EDLDB.CDM.CUSTOMER_AGGREGATE_SNAPSHOT,EDLDB.MRCH_SANDBOX.CBSA_ZIPCODE_MAPPING,EDLDB.MRCH_SANDBOX.MEDIAN_HOUSEHOLD_INCOME_ZIPCODE,EDLDB.MRCH_SANDBOX.CLINIC_PROFILE,EDLDB.MRCH_SANDBOX.CBSA_POPULATION,"active_customer_yoy_growth, active_customers_per_1000_households, clinic_orders_per_clinic, clinics_per_10000_households, corporate_clinic_share, practice_hub_clinic_share, veterinarians_per_10000_households",Hypothesis,True,market-attractiveness-synthetic-v1,1.0,SYNTHETIC_COMPLETE,prototype_ready,synthetic_prototype_only
proto:9ef20c6c1e,,"Henderson, NC","Henderson, NC",micropolitan,2026-07-31,2025-07-31,347,393.0,-0.117048,0.055422,9522.0,9522.0,36.44192396555346,,23800.0,24162.5,24162.5,6.0,6.0,8.0,8.0,6.30119722747322,8.401596303297627,0.0,0.0,0.0,1.0,1.0,0.16666666666666666,8630.0,8630.0,1438.3333333333333,2013-11-24,2013-11-24,2021-07-24,2021-07-24,4.0,4.0,2026-07-31,2026-07-31,EDLDB.CDM.CUSTOMER_AGGREGATE_SNAPSHOT,EDLDB.MRCH_SANDBOX.CBSA_ZIPCODE_MAPPING,EDLDB.MRCH_SANDBOX.MEDIAN_HOUSEHOLD_INCOME_ZIPCODE,EDLDB.MRCH_SANDBOX.CLINIC_PROFILE,EDLDB.MRCH_SANDBOX.CBSA_POPULATION,"active_customer_yoy_growth, active_customers_per_1000_households, clinic_orders_per_clinic, clinics_per_10000_households, corporate_clinic_share, practice_hub_clinic_share, total_population, veterinarians_per_10000_households",Hypothesis,True,market-attractiveness-synthetic-v1,1.0,SYNTHETIC_COMPLETE,prototype_ready,synthetic_prototype_only
proto:6100d2f077,,"Sweetwater, TX","Sweetwater, TX",micropolitan,2026-07-31,2025-07-31,337,378.0,-0.108466,0.070342,6045.0,6045.0,55.74855252274607,14721.0,14721.0,43151.833333,43151.833333,4.0,4.0,5.0,5.0,6.6170388751033915,8.271298593879239,0.0,0.0,0.0,0.0,0.0,0.0,1166.0,1166.0,291.5,2014-10-28,2014-10-28,2022-12-30,2022-12-30,6.0,6.0,2026-07-31,2026-07-31,EDLDB.CDM.CUSTOMER_AGGREGATE_SNAPSHOT,EDLDB.MRCH_SANDBOX.CBSA_ZIPCODE_MAPPING,EDLDB.MRCH_SANDBOX.MEDIAN_HOUSEHOLD_INCOME_ZIPCODE,EDLDB.MRCH_SANDBOX.CLINIC_PROFILE,EDLDB.MRCH_SANDBOX.CBSA_POPULATION,"active_customer_yoy_growth, active_customers_per_1000_households, clinic_orders_per_clinic, clinics_per_10000_households, corporate_clinic_share, practice_hub_clinic_share, veterinarians_per_10000_households",Hypothesis,True,market-attractiveness-synthetic-v1,1.0,SYNTHETIC_COMPLETE,prototype_ready,synthetic_prototype_only
proto:1b5bcfe3d9,,"Othello, WA","Othello, WA",micropolitan,2026-07-31,2025-07-31,332,373.0,-0.10992,0.066956,2103.0,6145.0,54.02766476810415,,15359.0,41137.75,41137.75,2.0,2.0,3.0,3.0,3.2546786004882016,4.882017900732302,0.0,0.0,0.0,0.0,0.0,0.0,1582.0,1582.0,791.0,2014-11-04,2014-11-04,2014-11-25,2014-11-25,4.0,4.0,2026-07-31,2026-07-31,EDLDB.CDM.CUSTOMER_AGGREGATE_SNAPSHOT,EDLDB.MRCH_SANDBOX.CBSA_ZIPCODE_MAPPING,EDLDB.MRCH_SANDBOX.MEDIAN_HOUSEHOLD_INCOME_ZIPCODE,EDLDB.MRCH_SANDBOX.CLINIC_PROFILE,EDLDB.MRCH_SANDBOX.CBSA_POPULATION,"active_customer_yoy_growth, active_customers_per_1000_households, clinic_orders_per_clinic, clinics_per_10000_households, corporate_clinic_share, practice_hub_clinic_share, total_households, total_population, veterinarians_per_10000_households",Hypothesis,True,market-attractiveness-synthetic-v1,1.0,SYNTHETIC_COMPLETE,prototype_ready,synthetic_prototype_only
proto:4fee30f836,,"Wauchula, FL","Wauchula, FL",micropolitan,2026-07-31,2025-07-31,307,374.0,-0.179144,-0.018273,4691.0,7390.0,41.54262516914749,,18471.0,48094.0,48094.0,5.0,5.0,4.0,4.0,6.765899864682003,5.412719891745603,0.0,0.0,0.0,2.0,2.0,0.4,1263.0,1263.0,252.6,2014-09-29,2014-09-29,2015-05-06,2015-05-06,2.0,2.0,2026-07-31,2026-07-31,EDLDB.CDM.CUSTOMER_AGGREGATE_SNAPSHOT,EDLDB.MRCH_SANDBOX.CBSA_ZIPCODE_MAPPING,EDLDB.MRCH_SANDBOX.MEDIAN_HOUSEHOLD_INCOME_ZIPCODE,EDLDB.MRCH_SANDBOX.CLINIC_PROFILE,EDLDB.MRCH_SANDBOX.CBSA_POPULATION,"active_customer_yoy_growth, active_customers_per_1000_households, clinic_orders_per_clinic, clinics_per_10000_households, corporate_clinic_share, practice_hub_clinic_share, total_households, total_population, veterinarians_per_10000_households",Hypothesis,True,market-attractiveness-synthetic-v1,1.0,SYNTHETIC_COMPLETE,prototype_ready,synthetic_prototype_only
proto:cac182bdbd,,"Jennings, LA","Jennings, LA",micropolitan,2026-07-31,2025-07-31,297,373.0,-0.203753,-0.037329,5957.0,5957.0,49.857310726875944,,14890.0,28439.333333,28439.333333,3.0,3.0,4.0,4.0,5.0360919926137315,6.714789323484975,0.0,0.0,0.0,0.0,0.0,0.0,1683.0,1683.0,561.0,2014-02-06,2014-02-06,2015-04-22,2015-04-22,6.0,6.0,2026-07-31,2026-07-31,EDLDB.CDM.CUSTOMER_AGGREGATE_SNAPSHOT,EDLDB.MRCH_SANDBOX.CBSA_ZIPCODE_MAPPING,EDLDB.MRCH_SANDBOX.MEDIAN_HOUSEHOLD_INCOME_ZIPCODE,EDLDB.MRCH_SANDBOX.CLINIC_PROFILE,EDLDB.MRCH_SANDBOX.CBSA_POPULATION,"active_customer_yoy_growth, active_customers_per_1000_households, clinic_orders_per_clinic, clinics_per_10000_households, corporate_clinic_share, practice_hub_clinic_share, total_population, veterinarians_per_10000_households",Hypothesis,True,market-attractiveness-synthetic-v1,1.0,SYNTHETIC_COMPLETE,prototype_ready,synthetic_prototype_only
proto:9324fc3fe4,,"Logansport, IN","Logansport, IN",micropolitan,2026-07-31,2025-07-31,296,340.0,-0.129412,0.040202,2660.0,7267.0,40.73207651025183,,18164.0,52005.857143,52005.857143,6.0,6.0,6.0,6.0,8.256501995321315,8.256501995321315,0.0,0.0,0.0,2.0,2.0,0.3333333333333333,3578.0,3578.0,596.3333333333334,2014-01-11,2014-01-11,2021-09-14,2021-09-14,7.0,7.0,2026-07-31,2026-07-31,EDLDB.CDM.CUSTOMER_AGGREGATE_SNAPSHOT,EDLDB.MRCH_SANDBOX.CBSA_ZIPCODE_MAPPING,EDLDB.MRCH_SANDBOX.MEDIAN_HOUSEHOLD_INCOME_ZIPCODE,EDLDB.MRCH_SANDBOX.CLINIC_PROFILE,EDLDB.MRCH_SANDBOX.CBSA_POPULATION,"active_customer_yoy_growth, active_customers_per_1000_households, clinic_orders_per_clinic, clinics_per_10000_households, corporate_clinic_share, practice_hub_clinic_share, total_households, total_population, veterinarians_per_10000_households",Hypothesis,True,market-attractiveness-synthetic-v1,1.0,SYNTHETIC_COMPLETE,prototype_ready,synthetic_prototype_only
proto:22516d2515,,"West Point, MS","West Point, MS",micropolitan,2026-07-31,2025-07-31,294,361.0,-0.185596,-0.024892,8451.0,8451.0,34.788782392616255,,21123.0,35010.0,35010.0,4.0,4.0,5.0,5.0,4.7331676724647975,5.916459590580996,0.0,0.0,0.0,0.0,0.0,0.0,2024.0,2024.0,506.0,2014-09-09,2014-09-09,2018-10-28,2018-10-28,5.0,5.0,2026-07-31,2026-07-31,EDLDB.CDM.CUSTOMER_AGGREGATE_SNAPSHOT,EDLDB.MRCH_SANDBOX.CBSA_ZIPCODE_MAPPING,EDLDB.MRCH_SANDBOX.MEDIAN_HOUSEHOLD_INCOME_ZIPCODE,EDLDB.MRCH_SANDBOX.CLINIC_PROFILE,EDLDB.MRCH_SANDBOX.CBSA_POPULATION,"active_customer_yoy_growth, active_customers_per_1000_households, clinic_orders_per_clinic, clinics_per_10000_households, corporate_clinic_share, practice_hub_clinic_share, total_population, veterinarians_per_10000_households",Hypothesis,True,market-attractiveness-synthetic-v1,1.0,SYNTHETIC_COMPLETE,prototype_ready,synthetic_prototype_only
proto:f6ab9e1246,,"Vernon, TX","Vernon, TX",micropolitan,2026-07-31,2025-07-31,291,358.0,-0.187151,-0.025715,5303.0,5303.0,54.87459928342447,12842.0,12842.0,42604.8,42604.8,2.0,2.0,2.0,2.0,3.7714501225721286,3.7714501225721286,0.0,0.0,0.0,2.0,2.0,1.0,2098.0,2098.0,1049.0,2015-01-18,2015-01-18,2015-12-10,2015-12-10,5.0,5.0,2026-07-31,2026-07-31,EDLDB.CDM.CUSTOMER_AGGREGATE_SNAPSHOT,EDLDB.MRCH_SANDBOX.CBSA_ZIPCODE_MAPPING,EDLDB.MRCH_SANDBOX.MEDIAN_HOUSEHOLD_INCOME_ZIPCODE,EDLDB.MRCH_SANDBOX.CLINIC_PROFILE,EDLDB.MRCH_SANDBOX.CBSA_POPULATION,"active_customer_yoy_growth, active_customers_per_1000_households, clinic_orders_per_clinic, clinics_per_10000_households, corporate_clinic_share, practice_hub_clinic_share, veterinarians_per_10000_households",Hypothesis,True,market-attractiveness-synthetic-v1,1.0,SYNTHETIC_COMPLETE,prototype_ready,synthetic_prototype_only
proto:f0786bbc67,,"Gainesville, TX","Gainesville, TX",micropolitan,2026-07-31,2025-07-31,289,371.0,-0.221024,-0.055301,2772.0,7499.0,38.5384717962395,,18744.0,57570.142857,57570.142857,10.0,10.0,15.0,15.0,13.335111348179757,20.002667022269637,0.0,0.0,0.0,2.0,2.0,0.2,7618.0,7618.0,761.8,2013-03-16,2013-03-16,2022-05-31,2022-05-31,7.0,7.0,2026-07-31,2026-07-31,EDLDB.CDM.CUSTOMER_AGGREGATE_SNAPSHOT,EDLDB.MRCH_SANDBOX.CBSA_ZIPCODE_MAPPING,EDLDB.MRCH_SANDBOX.MEDIAN_HOUSEHOLD_INCOME_ZIPCODE,EDLDB.MRCH_SANDBOX.CLINIC_PROFILE,EDLDB.MRCH_SANDBOX.CBSA_POPULATION,"active_customer_yoy_growth, active_customers_per_1000_households, clinic_orders_per_clinic, clinics_per_10000_households, corporate_clinic_share, practice_hub_clinic_share, total_households, total_population, veterinarians_per_10000_households",Hypothesis,True,market-attractiveness-synthetic-v1,1.0,SYNTHETIC_COMPLETE,prototype_ready,synthetic_prototype_only
proto:8eb8c4e524,,"Eagle Pass, TX","Eagle Pass, TX",micropolitan,2026-07-31,2025-07-31,285,385.0,-0.25974,-0.068054,16647.0,16647.0,17.120201838169038,57875.0,57875.0,26170.0,26170.0,2.0,2.0,2.0,2.0,1.2014176728539678,1.2014176728539678,0.0,0.0,0.0,0.0,0.0,0.0,810.0,810.0,405.0,2015-02-18,2015-02-18,2016-08-11,2016-08-11,3.0,3.0,2026-07-31,2026-07-31,EDLDB.CDM.CUSTOMER_AGGREGATE_SNAPSHOT,EDLDB.MRCH_SANDBOX.CBSA_ZIPCODE_MAPPING,EDLDB.MRCH_SANDBOX.MEDIAN_HOUSEHOLD_INCOME_ZIPCODE,EDLDB.MRCH_SANDBOX.CLINIC_PROFILE,EDLDB.MRCH_SANDBOX.CBSA_POPULATION,"active_customer_yoy_growth, active_customers_per_1000_households, clinic_orders_per_clinic, clinics_per_10000_households, corporate_clinic_share, practice_hub_clinic_share, veterinarians_per_10000_households",Hypothesis,True,market-attractiveness-synthetic-v1,1.0,SYNTHETIC_COMPLETE,prototype_ready,synthetic_prototype_only
proto:30d323bf8b,,"Hastings, NE","Hastings, NE",micropolitan,2026-07-31,2025-07-31,284,312.0,-0.089744,0.090686,2624.0,6145.0,46.216436126932464,,15359.0,61165.625,61165.625,4.0,4.0,10.0,10.0,6.509357200976403,16.273393002441008,0.0,0.0,0.0,3.0,3.0,0.75,6598.0,6598.0,1649.5,2013-10-11,2013-10-11,2021-08-04,2021-08-04,8.0,8.0,2026-07-31,2026-07-31,EDLDB.CDM.CUSTOMER_AGGREGATE_SNAPSHOT,EDLDB.MRCH_SANDBOX.CBSA_ZIPCODE_MAPPING,EDLDB.MRCH_SANDBOX.MEDIAN_HOUSEHOLD_INCOME_ZIPCODE,EDLDB.MRCH_SANDBOX.CLINIC_PROFILE,EDLDB.MRCH_SANDBOX.CBSA_POPULATION,"active_customer_yoy_growth, active_customers_per_1000_households, clinic_orders_per_clinic, clinics_per_10000_households, corporate_clinic_share, practice_hub_clinic_share, total_households, total_population, veterinarians_per_10000_households",Hypothesis,True,market-attractiveness-synthetic-v1,1.0,SYNTHETIC_COMPLETE,prototype_ready,synthetic_prototype_only
proto:1c5fec5a14,,"Frankfort, KY","Frankfort, KY",micropolitan,2026-07-31,2025-07-31,267,303.0,-0.118812,0.053463,1808.0,6916.0,38.60613071139387,,17287.0,38998.666667,38998.666667,10.0,10.0,18.0,18.0,14.459224985540775,26.026604973973395,0.0,0.0,0.0,5.0,5.0,0.5,18572.0,18572.0,1857.2,2012-11-04,2012-11-04,2023-10-10,2023-10-10,3.0,3.0,2026-07-31,2026-07-31,EDLDB.CDM.CUSTOMER_AGGREGATE_SNAPSHOT,EDLDB.MRCH_SANDBOX.CBSA_ZIPCODE_MAPPING,EDLDB.MRCH_SANDBOX.MEDIAN_HOUSEHOLD_INCOME_ZIPCODE,EDLDB.MRCH_SANDBOX.CLINIC_PROFILE,EDLDB.MRCH_SANDBOX.CBSA_POPULATION,"active_customer_yoy_growth, active_customers_per_1000_households, clinic_orders_per_clinic, clinics_per_10000_households, corporate_clinic_share, practice_hub_clinic_share, total_households, total_population, veterinarians_per_10000_households",Hypothesis,True,market-attractiveness-synthetic-v1,1.0,SYNTHETIC_COMPLETE,prototype_ready,synthetic_prototype_only
proto:5345cccd1e,,"Pampa, TX","Pampa, TX",micropolitan,2026-07-31,2025-07-31,265,310.0,-0.145161,0.019474,4354.0,6827.0,38.816464039841804,,17064.0,53592.4,53592.4,5.0,5.0,4.0,4.0,7.323861139592793,5.859088911674235,0.0,0.0,0.0,2.0,2.0,0.4,2904.0,2904.0,580.8,2014-01-17,2014-01-17,2022-07-27,2022-07-27,5.0,5.0,2026-07-31,2026-07-31,EDLDB.CDM.CUSTOMER_AGGREGATE_SNAPSHOT,EDLDB.MRCH_SANDBOX.CBSA_ZIPCODE_MAPPING,EDLDB.MRCH_SANDBOX.MEDIAN_HOUSEHOLD_INCOME_ZIPCODE,EDLDB.MRCH_SANDBOX.CLINIC_PROFILE,EDLDB.MRCH_SANDBOX.CBSA_POPULATION,"active_customer_yoy_growth, active_customers_per_1000_households, clinic_orders_per_clinic, clinics_per_10000_households, corporate_clinic_share, practice_hub_clinic_share, total_households, total_population, veterinarians_per_10000_households",Hypothesis,True,market-attractiveness-synthetic-v1,1.0,SYNTHETIC_COMPLETE,prototype_ready,synthetic_prototype_only
proto:ba23693e7d,,"Fredericksburg, TX","Fredericksburg, TX",micropolitan,2026-07-31,2025-07-31,241,269.0,-0.104089,0.074892,1818.0,7682.0,31.372038531632388,,19201.0,67199.6,67199.6,13.0,13.0,15.0,15.0,16.92267638635772,19.526165061181985,0.0,0.0,0.0,4.0,4.0,0.3076923076923077,5230.0,5230.0,402.3076923076923,2012-10-18,2012-10-18,2023-05-05,2023-05-05,5.0,5.0,2026-07-31,2026-07-31,EDLDB.CDM.CUSTOMER_AGGREGATE_SNAPSHOT,EDLDB.MRCH_SANDBOX.CBSA_ZIPCODE_MAPPING,EDLDB.MRCH_SANDBOX.MEDIAN_HOUSEHOLD_INCOME_ZIPCODE,EDLDB.MRCH_SANDBOX.CLINIC_PROFILE,EDLDB.MRCH_SANDBOX.CBSA_POPULATION,"active_customer_yoy_growth, active_customers_per_1000_households, clinic_orders_per_clinic, clinics_per_10000_households, corporate_clinic_share, practice_hub_clinic_share, total_households, total_population, veterinarians_per_10000_households",Hypothesis,True,market-attractiveness-synthetic-v1,1.0,SYNTHETIC_COMPLETE,prototype_ready,synthetic_prototype_only
proto:a81fdbd6cf,,"Hereford, TX","Hereford, TX",micropolitan,2026-07-31,2025-07-31,228,269.0,-0.152416,0.007976,7913.0,7913.0,28.813345128269937,18526.0,18526.0,37958.666667,37958.666667,2.0,2.0,4.0,4.0,2.5274864147605207,5.054972829521041,0.0,0.0,0.0,1.0,1.0,0.5,573.0,573.0,286.5,2014-11-20,2014-11-20,2018-07-24,2018-07-24,3.0,3.0,2026-07-31,2026-07-31,EDLDB.CDM.CUSTOMER_AGGREGATE_SNAPSHOT,EDLDB.MRCH_SANDBOX.CBSA_ZIPCODE_MAPPING,EDLDB.MRCH_SANDBOX.MEDIAN_HOUSEHOLD_INCOME_ZIPCODE,EDLDB.MRCH_SANDBOX.CLINIC_PROFILE,EDLDB.MRCH_SANDBOX.CBSA_POPULATION,"active_customer_yoy_growth, active_customers_per_1000_households, clinic_orders_per_clinic, clinics_per_10000_households, corporate_clinic_share, practice_hub_clinic_share, veterinarians_per_10000_households",Hypothesis,True,market-attractiveness-synthetic-v1,1.0,SYNTHETIC_COMPLETE,prototype_ready,synthetic_prototype_only
proto:41c865ef7b,,"Helena-West Helena, AR","Helena-West Helena, AR",micropolitan,2026-07-31,2025-07-31,222,267.0,-0.168539,-0.007978,8257.0,8257.0,26.88627830931331,,20638.0,26114.833333,26114.833333,3.0,3.0,3.0,3.0,3.6332808526099067,3.6332808526099067,0.0,0.0,0.0,0.0,0.0,0.0,940.0,940.0,313.3333333333333,2015-02-16,2015-02-16,2021-04-08,2021-04-08,12.0,12.0,2026-07-31,2026-07-31,EDLDB.CDM.CUSTOMER_AGGREGATE_SNAPSHOT,EDLDB.MRCH_SANDBOX.CBSA_ZIPCODE_MAPPING,EDLDB.MRCH_SANDBOX.MEDIAN_HOUSEHOLD_INCOME_ZIPCODE,EDLDB.MRCH_SANDBOX.CLINIC_PROFILE,EDLDB.MRCH_SANDBOX.CBSA_POPULATION,"active_customer_yoy_growth, active_customers_per_1000_households, clinic_orders_per_clinic, clinics_per_10000_households, corporate_clinic_share, practice_hub_clinic_share, total_population, veterinarians_per_10000_households",Hypothesis,True,market-attractiveness-synthetic-v1,1.0,SYNTHETIC_COMPLETE,prototype_ready,synthetic_prototype_only
proto:76d9fa4e88,,"Clarksdale, MS","Clarksdale, MS",micropolitan,2026-07-31,2025-07-31,216,277.0,-0.220217,-0.053948,10165.0,10165.0,21.249385145105755,21224.0,21224.0,25557.3,25557.3,1.0,1.0,1.0,1.0,0.9837678307919331,0.9837678307919331,0.0,0.0,0.0,0.0,0.0,0.0,117.0,117.0,117.0,2014-11-23,2014-11-23,2014-11-23,2014-11-23,10.0,10.0,2026-07-31,2026-07-31,EDLDB.CDM.CUSTOMER_AGGREGATE_SNAPSHOT,EDLDB.MRCH_SANDBOX.CBSA_ZIPCODE_MAPPING,EDLDB.MRCH_SANDBOX.MEDIAN_HOUSEHOLD_INCOME_ZIPCODE,EDLDB.MRCH_SANDBOX.CLINIC_PROFILE,EDLDB.MRCH_SANDBOX.CBSA_POPULATION,"active_customer_yoy_growth, active_customers_per_1000_households, clinic_orders_per_clinic, clinics_per_10000_households, corporate_clinic_share, practice_hub_clinic_share, veterinarians_per_10000_households",Hypothesis,True,market-attractiveness-synthetic-v1,1.0,SYNTHETIC_COMPLETE,prototype_ready,synthetic_prototype_only
proto:b9374766d2,,"Mexico, MO","Mexico, MO",micropolitan,2026-07-31,2025-07-31,201,227.0,-0.114537,0.059578,2532.0,6145.0,32.70951993490643,,15359.0,49583.166667,49583.166667,2.0,2.0,5.0,5.0,3.2546786004882016,8.136696501220504,0.0,0.0,0.0,0.0,0.0,0.0,1006.0,1006.0,503.0,2014-02-04,2014-02-04,2014-10-07,2014-10-07,6.0,6.0,2026-07-31,2026-07-31,EDLDB.CDM.CUSTOMER_AGGREGATE_SNAPSHOT,EDLDB.MRCH_SANDBOX.CBSA_ZIPCODE_MAPPING,EDLDB.MRCH_SANDBOX.MEDIAN_HOUSEHOLD_INCOME_ZIPCODE,EDLDB.MRCH_SANDBOX.CLINIC_PROFILE,EDLDB.MRCH_SANDBOX.CBSA_POPULATION,"active_customer_yoy_growth, active_customers_per_1000_households, clinic_orders_per_clinic, clinics_per_10000_households, corporate_clinic_share, practice_hub_clinic_share, total_households, total_population, veterinarians_per_10000_households",Hypothesis,True,market-attractiveness-synthetic-v1,1.0,SYNTHETIC_COMPLETE,prototype_ready,synthetic_prototype_only
proto:f3a771026b,,"Port Lavaca, TX","Port Lavaca, TX",micropolitan,2026-07-31,2025-07-31,200,231.0,-0.134199,0.034903,1896.0,6145.0,32.54678600488202,,15359.0,57131.75,57131.75,3.0,3.0,3.0,3.0,4.882017900732302,4.882017900732302,0.0,0.0,0.0,1.0,1.0,0.3333333333333333,1602.0,1602.0,534.0,2013-09-28,2013-09-28,2016-05-09,2016-05-09,4.0,4.0,2026-07-31,2026-07-31,EDLDB.CDM.CUSTOMER_AGGREGATE_SNAPSHOT,EDLDB.MRCH_SANDBOX.CBSA_ZIPCODE_MAPPING,EDLDB.MRCH_SANDBOX.MEDIAN_HOUSEHOLD_INCOME_ZIPCODE,EDLDB.MRCH_SANDBOX.CLINIC_PROFILE,EDLDB.MRCH_SANDBOX.CBSA_POPULATION,"active_customer_yoy_growth, active_customers_per_1000_households, clinic_orders_per_clinic, clinics_per_10000_households, corporate_clinic_share, practice_hub_clinic_share, total_households, total_population, veterinarians_per_10000_households",Hypothesis,True,market-attractiveness-synthetic-v1,1.0,SYNTHETIC_COMPLETE,prototype_ready,synthetic_prototype_only
proto:0a651bde02,,"Pecos, TX","Pecos, TX",micropolitan,2026-07-31,2025-07-31,194,236.0,-0.177966,-0.016956,3834.0,6145.0,31.57038242473556,,15359.0,34754.666667,34754.666667,1.0,1.0,1.0,1.0,1.6273393002441008,1.6273393002441008,0.0,0.0,0.0,0.0,0.0,0.0,163.0,163.0,163.0,2015-03-01,2015-03-01,2015-03-01,2015-03-01,6.0,6.0,2026-07-31,2026-07-31,EDLDB.CDM.CUSTOMER_AGGREGATE_SNAPSHOT,EDLDB.MRCH_SANDBOX.CBSA_ZIPCODE_MAPPING,EDLDB.MRCH_SANDBOX.MEDIAN_HOUSEHOLD_INCOME_ZIPCODE,EDLDB.MRCH_SANDBOX.CLINIC_PROFILE,EDLDB.MRCH_SANDBOX.CBSA_POPULATION,"active_customer_yoy_growth, active_customers_per_1000_households, clinic_orders_per_clinic, clinics_per_10000_households, corporate_clinic_share, practice_hub_clinic_share, total_households, total_population, veterinarians_per_10000_households",Hypothesis,True,market-attractiveness-synthetic-v1,1.0,SYNTHETIC_COMPLETE,prototype_ready,synthetic_prototype_only
proto:01fd22e5fd,,"Scottsburg, IN","Scottsburg, IN",micropolitan,2026-07-31,2025-07-31,190,241.0,-0.211618,-0.045446,2689.0,6145.0,30.919446704637917,,15359.0,34063.0,34063.0,2.0,2.0,3.0,3.0,3.2546786004882016,4.882017900732302,0.0,0.0,0.0,1.0,1.0,0.5,2076.0,2076.0,1038.0,2014-01-04,2014-01-04,2014-11-03,2014-11-03,1.0,1.0,2026-07-31,2026-07-31,EDLDB.CDM.CUSTOMER_AGGREGATE_SNAPSHOT,EDLDB.MRCH_SANDBOX.CBSA_ZIPCODE_MAPPING,EDLDB.MRCH_SANDBOX.MEDIAN_HOUSEHOLD_INCOME_ZIPCODE,EDLDB.MRCH_SANDBOX.CLINIC_PROFILE,EDLDB.MRCH_SANDBOX.CBSA_POPULATION,"active_customer_yoy_growth, active_customers_per_1000_households, clinic_orders_per_clinic, clinics_per_10000_households, corporate_clinic_share, practice_hub_clinic_share, total_households, total_population, veterinarians_per_10000_households",Hypothesis,True,market-attractiveness-synthetic-v1,1.0,SYNTHETIC_COMPLETE,prototype_ready,synthetic_prototype_only
proto:db721f28f8,,"Shelbyville, TN","Shelbyville, TN",micropolitan,2026-07-31,2025-07-31,185,201.0,-0.079602,0.102679,1386.0,6145.0,30.10577705451587,,15359.0,56154.0,56154.0,10.0,10.0,15.0,15.0,16.273393002441008,24.410089503661514,0.0,0.0,0.0,2.0,2.0,0.2,10499.0,10499.0,1049.9,2013-11-26,2013-11-26,2023-03-17,2023-03-17,1.0,1.0,2026-07-31,2026-07-31,EDLDB.CDM.CUSTOMER_AGGREGATE_SNAPSHOT,EDLDB.MRCH_SANDBOX.CBSA_ZIPCODE_MAPPING,EDLDB.MRCH_SANDBOX.MEDIAN_HOUSEHOLD_INCOME_ZIPCODE,EDLDB.MRCH_SANDBOX.CLINIC_PROFILE,EDLDB.MRCH_SANDBOX.CBSA_POPULATION,"active_customer_yoy_growth, active_customers_per_1000_households, clinic_orders_per_clinic, clinics_per_10000_households, corporate_clinic_share, practice_hub_clinic_share, total_households, total_population, veterinarians_per_10000_households",Hypothesis,True,market-attractiveness-synthetic-v1,1.0,SYNTHETIC_COMPLETE,prototype_ready,synthetic_prototype_only
proto:dfb0e92e8a,,"Paragould, AR","Paragould, AR",micropolitan,2026-07-31,2025-07-31,173,221.0,-0.217195,-0.049279,3660.0,6145.0,28.152969894222945,,15359.0,37805.833333,37805.833333,3.0,3.0,6.0,6.0,4.882017900732302,9.764035801464605,0.0,0.0,0.0,1.0,1.0,0.3333333333333333,4674.0,4674.0,1558.0,2014-04-19,2014-04-19,2014-10-03,2014-10-03,6.0,6.0,2026-07-31,2026-07-31,EDLDB.CDM.CUSTOMER_AGGREGATE_SNAPSHOT,EDLDB.MRCH_SANDBOX.CBSA_ZIPCODE_MAPPING,EDLDB.MRCH_SANDBOX.MEDIAN_HOUSEHOLD_INCOME_ZIPCODE,EDLDB.MRCH_SANDBOX.CLINIC_PROFILE,EDLDB.MRCH_SANDBOX.CBSA_POPULATION,"active_customer_yoy_growth, active_customers_per_1000_households, clinic_orders_per_clinic, clinics_per_10000_households, corporate_clinic_share, practice_hub_clinic_share, total_households, total_population, veterinarians_per_10000_households",Hypothesis,True,market-attractiveness-synthetic-v1,1.0,SYNTHETIC_COMPLETE,prototype_ready,synthetic_prototype_only
proto:9ac2f6a943,,"Brenham, TX","Brenham, TX",micropolitan,2026-07-31,2025-07-31,170,195.0,-0.128205,0.04182,1487.0,6145.0,27.664768104149715,,15359.0,72959.0,72959.0,8.0,8.0,11.0,11.0,13.018714401952806,17.90073230268511,0.0,0.0,0.0,2.0,2.0,0.25,3246.0,3246.0,405.75,2013-10-29,2013-10-29,2023-06-26,2023-06-26,3.0,3.0,2026-07-31,2026-07-31,EDLDB.CDM.CUSTOMER_AGGREGATE_SNAPSHOT,EDLDB.MRCH_SANDBOX.CBSA_ZIPCODE_MAPPING,EDLDB.MRCH_SANDBOX.MEDIAN_HOUSEHOLD_INCOME_ZIPCODE,EDLDB.MRCH_SANDBOX.CLINIC_PROFILE,EDLDB.MRCH_SANDBOX.CBSA_POPULATION,"active_customer_yoy_growth, active_customers_per_1000_households, clinic_orders_per_clinic, clinics_per_10000_households, corporate_clinic_share, practice_hub_clinic_share, total_households, total_population, veterinarians_per_10000_households",Hypothesis,True,market-attractiveness-synthetic-v1,1.0,SYNTHETIC_COMPLETE,prototype_ready,synthetic_prototype_only
proto:a32c1ec6b9,,"Indianola, MS","Indianola, MS",micropolitan,2026-07-31,2025-07-31,159,203.0,-0.216749,-0.048256,8650.0,8650.0,18.38150289017341,,21621.0,30680.2,30680.2,1.0,1.0,1.0,1.0,1.1560693641618496,1.1560693641618496,0.0,0.0,0.0,0.0,0.0,0.0,110.0,110.0,110.0,2014-12-09,2014-12-09,2014-12-09,2014-12-09,10.0,10.0,2026-07-31,2026-07-31,EDLDB.CDM.CUSTOMER_AGGREGATE_SNAPSHOT,EDLDB.MRCH_SANDBOX.CBSA_ZIPCODE_MAPPING,EDLDB.MRCH_SANDBOX.MEDIAN_HOUSEHOLD_INCOME_ZIPCODE,EDLDB.MRCH_SANDBOX.CLINIC_PROFILE,EDLDB.MRCH_SANDBOX.CBSA_POPULATION,"active_customer_yoy_growth, active_customers_per_1000_households, clinic_orders_per_clinic, clinics_per_10000_households, corporate_clinic_share, practice_hub_clinic_share, total_population, veterinarians_per_10000_households",Hypothesis,True,market-attractiveness-synthetic-v1,1.0,SYNTHETIC_COMPLETE,prototype_ready,synthetic_prototype_only
proto:97f3e4a1a9,,"Pearsall, TX","Pearsall, TX",micropolitan,2026-07-31,2025-07-31,152,187.0,-0.187166,-0.026135,5776.0,5776.0,26.31578947368421,,14437.0,47560.333333,47560.333333,2.0,2.0,2.0,2.0,3.4626038781163433,3.4626038781163433,0.0,0.0,0.0,0.0,0.0,0.0,319.0,319.0,159.5,2014-03-17,2014-03-17,2015-07-18,2015-07-18,3.0,3.0,2026-07-31,2026-07-31,EDLDB.CDM.CUSTOMER_AGGREGATE_SNAPSHOT,EDLDB.MRCH_SANDBOX.CBSA_ZIPCODE_MAPPING,EDLDB.MRCH_SANDBOX.MEDIAN_HOUSEHOLD_INCOME_ZIPCODE,EDLDB.MRCH_SANDBOX.CLINIC_PROFILE,EDLDB.MRCH_SANDBOX.CBSA_POPULATION,"active_customer_yoy_growth, active_customers_per_1000_households, clinic_orders_per_clinic, clinics_per_10000_households, corporate_clinic_share, practice_hub_clinic_share, total_population, veterinarians_per_10000_households",Hypothesis,True,market-attractiveness-synthetic-v1,1.0,SYNTHETIC_COMPLETE,prototype_ready,synthetic_prototype_only
proto:9f4bdf4ac4,,"Rio Grande City-Roma, TX","Rio Grande City-Roma, TX",micropolitan,2026-07-31,2025-07-31,128,161.0,-0.204969,-0.038618,6934.0,6934.0,18.459763484280355,,17332.0,19157.75,49441.22,3.0,3.0,2.0,2.0,4.326507066628209,2.8843380444188056,0.0,0.0,0.0,0.0,0.0,0.0,141.0,141.0,47.0,2015-02-26,2015-02-26,2021-04-10,2021-04-10,8.0,8.0,2026-07-31,2026-07-31,EDLDB.CDM.CUSTOMER_AGGREGATE_SNAPSHOT,EDLDB.MRCH_SANDBOX.CBSA_ZIPCODE_MAPPING,EDLDB.MRCH_SANDBOX.MEDIAN_HOUSEHOLD_INCOME_ZIPCODE,EDLDB.MRCH_SANDBOX.CLINIC_PROFILE,EDLDB.MRCH_SANDBOX.CBSA_POPULATION,"active_customer_yoy_growth, active_customers_per_1000_households, avg_zip_median_household_income, clinic_orders_per_clinic, clinics_per_10000_households, corporate_clinic_share, practice_hub_clinic_share, total_population, veterinarians_per_10000_households",Hypothesis,True,market-attractiveness-synthetic-v1,1.0,SYNTHETIC_COMPLETE,prototype_ready,synthetic_prototype_only
proto:d739832539,,"Moultrie, GA","Moultrie, GA",micropolitan,2026-07-31,2025-07-31,125,150.0,-0.166667,-0.006684,2102.0,6145.0,20.34174125305126,,15359.0,32120.6,32120.6,3.0,3.0,7.0,7.0,4.882017900732302,11.391375101708705,0.0,0.0,0.0,0.0,0.0,0.0,2440.0,2440.0,813.3333333333334,2013-10-14,2013-10-14,2018-10-31,2018-10-31,5.0,5.0,2026-07-31,2026-07-31,EDLDB.CDM.CUSTOMER_AGGREGATE_SNAPSHOT,EDLDB.MRCH_SANDBOX.CBSA_ZIPCODE_MAPPING,EDLDB.MRCH_SANDBOX.MEDIAN_HOUSEHOLD_INCOME_ZIPCODE,EDLDB.MRCH_SANDBOX.CLINIC_PROFILE,EDLDB.MRCH_SANDBOX.CBSA_POPULATION,"active_customer_yoy_growth, active_customers_per_1000_households, clinic_orders_per_clinic, clinics_per_10000_households, corporate_clinic_share, practice_hub_clinic_share, total_households, total_population, veterinarians_per_10000_households",Hypothesis,True,market-attractiveness-synthetic-v1,1.0,SYNTHETIC_COMPLETE,prototype_ready,synthetic_prototype_only
proto:596ae09a9e,,"Bogalusa, LA","Bogalusa, LA",micropolitan,2026-07-31,2025-07-31,109,127.0,-0.141732,0.024346,2821.0,6145.0,17.737998372660698,,15359.0,43903.0,43903.0,4.0,4.0,5.0,5.0,6.509357200976403,8.136696501220504,0.0,0.0,0.0,0.0,0.0,0.0,1873.0,1873.0,468.25,2014-09-27,2014-09-27,2015-01-04,2015-01-04,2.0,2.0,2026-07-31,2026-07-31,EDLDB.CDM.CUSTOMER_AGGREGATE_SNAPSHOT,EDLDB.MRCH_SANDBOX.CBSA_ZIPCODE_MAPPING,EDLDB.MRCH_SANDBOX.MEDIAN_HOUSEHOLD_INCOME_ZIPCODE,EDLDB.MRCH_SANDBOX.CLINIC_PROFILE,EDLDB.MRCH_SANDBOX.CBSA_POPULATION,"active_customer_yoy_growth, active_customers_per_1000_households, clinic_orders_per_clinic, clinics_per_10000_households, corporate_clinic_share, practice_hub_clinic_share, total_households, total_population, veterinarians_per_10000_households",Hypothesis,True,market-attractiveness-synthetic-v1,1.0,SYNTHETIC_COMPLETE,prototype_ready,synthetic_prototype_only
proto:0e9d0cbc07,,"Raymondville, TX","Raymondville, TX",micropolitan,2026-07-31,2025-07-31,97,126.0,-0.230159,-0.066377,4634.0,6145.0,15.78519121236778,20148.0,20148.0,30118.0,30118.0,,2.0,,3.0,3.2546786004882016,4.882017900732302,,0.0,0.0,,1.0,0.5,,2019.0,1009.5,,2013-10-24,,2021-12-15,5.0,5.0,2026-07-31,2026-07-31,EDLDB.CDM.CUSTOMER_AGGREGATE_SNAPSHOT,EDLDB.MRCH_SANDBOX.CBSA_ZIPCODE_MAPPING,EDLDB.MRCH_SANDBOX.MEDIAN_HOUSEHOLD_INCOME_ZIPCODE,EDLDB.MRCH_SANDBOX.CLINIC_PROFILE,EDLDB.MRCH_SANDBOX.CBSA_POPULATION,"active_customer_yoy_growth, active_customers_per_1000_households, cbsa_type, clinic_orders_per_clinic, clinics_per_10000_households, corporate_clinic_count, corporate_clinic_share, earliest_clinic_opening_date, latest_clinic_opening_date, practice_hub_clinic_count, practice_hub_clinic_share, total_clinic_order_volume, total_households, total_veterinarians, total_veterinary_clinics, veterinarians_per_10000_households",Hypothesis,True,market-attractiveness-synthetic-v1,1.0,SYNTHETIC_COMPLETE,prototype_ready,synthetic_prototype_only
proto:6e78ae456c,,"Atchison, KS","Atchison, KS",micropolitan,2026-07-31,2025-07-31,90,99.0,-0.090909,0.089977,756.0,6145.0,14.646053702196907,,15359.0,57573.0,57573.0,3.0,3.0,9.0,9.0,4.882017900732302,14.646053702196907,0.0,0.0,0.0,2.0,2.0,0.6666666666666666,4704.0,4704.0,1568.0,2014-05-29,2014-05-29,2014-12-29,2014-12-29,3.0,3.0,2026-07-31,2026-07-31,EDLDB.CDM.CUSTOMER_AGGREGATE_SNAPSHOT,EDLDB.MRCH_SANDBOX.CBSA_ZIPCODE_MAPPING,EDLDB.MRCH_SANDBOX.MEDIAN_HOUSEHOLD_INCOME_ZIPCODE,EDLDB.MRCH_SANDBOX.CLINIC_PROFILE,EDLDB.MRCH_SANDBOX.CBSA_POPULATION,"active_customer_yoy_growth, active_customers_per_1000_households, clinic_orders_per_clinic, clinics_per_10000_households, corporate_clinic_share, practice_hub_clinic_share, total_households, total_population, veterinarians_per_10000_households",Hypothesis,True,market-attractiveness-synthetic-v1,1.0,SYNTHETIC_COMPLETE,prototype_ready,synthetic_prototype_only
proto:8e184536af,,"Zapata, TX","Zapata, TX",micropolitan,2026-07-31,2025-07-31,73,100.0,-0.27,-0.068054,4642.0,6145.0,11.879576891781936,13875.0,13875.0,39995.333333,39995.333333,,2.0,,3.0,3.2546786004882016,4.882017900732302,,0.0,0.0,,1.0,0.5,,2019.0,1009.5,,2013-10-24,,2021-12-15,3.0,3.0,2026-07-31,2026-07-31,EDLDB.CDM.CUSTOMER_AGGREGATE_SNAPSHOT,EDLDB.MRCH_SANDBOX.CBSA_ZIPCODE_MAPPING,EDLDB.MRCH_SANDBOX.MEDIAN_HOUSEHOLD_INCOME_ZIPCODE,EDLDB.MRCH_SANDBOX.CLINIC_PROFILE,EDLDB.MRCH_SANDBOX.CBSA_POPULATION,"active_customer_yoy_growth, active_customers_per_1000_households, cbsa_type, clinic_orders_per_clinic, clinics_per_10000_households, corporate_clinic_count, corporate_clinic_share, earliest_clinic_opening_date, latest_clinic_opening_date, practice_hub_clinic_count, practice_hub_clinic_share, total_clinic_order_volume, total_households, total_veterinarians, total_veterinary_clinics, veterinarians_per_10000_households",Hypothesis,True,market-attractiveness-synthetic-v1,1.0,SYNTHETIC_COMPLETE,prototype_ready,synthetic_prototype_only
proto:c44e8f4741,,"Frankfort, IN","Frankfort, IN",micropolitan,2026-07-31,2025-07-31,58,68.0,-0.147059,0.016057,474.0,6145.0,9.438567941415785,,15359.0,80476.0,80476.0,4.0,4.0,6.0,6.0,6.509357200976403,9.764035801464605,0.0,0.0,0.0,0.0,0.0,0.0,5754.0,5754.0,1438.5,2013-11-23,2013-11-23,2019-05-16,2019-05-16,1.0,1.0,2026-07-31,2026-07-31,EDLDB.CDM.CUSTOMER_AGGREGATE_SNAPSHOT,EDLDB.MRCH_SANDBOX.CBSA_ZIPCODE_MAPPING,EDLDB.MRCH_SANDBOX.MEDIAN_HOUSEHOLD_INCOME_ZIPCODE,EDLDB.MRCH_SANDBOX.CLINIC_PROFILE,EDLDB.MRCH_SANDBOX.CBSA_POPULATION,"active_customer_yoy_growth, active_customers_per_1000_households, clinic_orders_per_clinic, clinics_per_10000_households, corporate_clinic_share, practice_hub_clinic_share, total_households, total_population, veterinarians_per_10000_households",Hypothesis,True,market-attractiveness-synthetic-v1,1.0,SYNTHETIC_COMPLETE,prototype_ready,synthetic_prototype_only
proto:62ed4a655d,,"Kingsville, TX","Kingsville, TX",micropolitan,2026-07-31,2025-07-31,57,58.0,-0.017241,0.118054,628.0,6145.0,9.275834011391376,,15359.0,33720.333333,33720.333333,3.0,3.0,5.0,5.0,4.882017900732302,8.136696501220504,0.0,0.0,0.0,0.0,0.0,0.0,3098.0,3098.0,1032.6666666666667,2014-09-25,2014-09-25,2014-10-01,2014-10-01,3.0,3.0,2026-07-31,2026-07-31,EDLDB.CDM.CUSTOMER_AGGREGATE_SNAPSHOT,EDLDB.MRCH_SANDBOX.CBSA_ZIPCODE_MAPPING,EDLDB.MRCH_SANDBOX.MEDIAN_HOUSEHOLD_INCOME_ZIPCODE,EDLDB.MRCH_SANDBOX.CLINIC_PROFILE,EDLDB.MRCH_SANDBOX.CBSA_POPULATION,"active_customer_yoy_growth, active_customers_per_1000_households, clinic_orders_per_clinic, clinics_per_10000_households, corporate_clinic_share, practice_hub_clinic_share, total_households, total_population, veterinarians_per_10000_households",Hypothesis,True,market-attractiveness-synthetic-v1,1.0,SYNTHETIC_COMPLETE,prototype_ready,synthetic_prototype_only
proto:0de2168548,,"Summerville, GA","Summerville, GA",micropolitan,2026-07-31,2025-07-31,52,53.0,-0.018868,0.118054,662.0,6145.0,8.462164361269325,,15359.0,50286.0,50286.0,1.0,1.0,1.0,1.0,1.6273393002441008,1.6273393002441008,0.0,0.0,0.0,0.0,0.0,0.0,823.0,823.0,823.0,2014-01-30,2014-01-30,2014-01-30,2014-01-30,1.0,1.0,2026-07-31,2026-07-31,EDLDB.CDM.CUSTOMER_AGGREGATE_SNAPSHOT,EDLDB.MRCH_SANDBOX.CBSA_ZIPCODE_MAPPING,EDLDB.MRCH_SANDBOX.MEDIAN_HOUSEHOLD_INCOME_ZIPCODE,EDLDB.MRCH_SANDBOX.CLINIC_PROFILE,EDLDB.MRCH_SANDBOX.CBSA_POPULATION,"active_customer_yoy_growth, active_customers_per_1000_households, clinic_orders_per_clinic, clinics_per_10000_households, corporate_clinic_share, practice_hub_clinic_share, total_households, total_population, veterinarians_per_10000_households",Hypothesis,True,market-attractiveness-synthetic-v1,1.0,SYNTHETIC_COMPLETE,prototype_ready,synthetic_prototype_only
proto:8c7362ff86,,"Greensburg, IN","Greensburg, IN",micropolitan,2026-07-31,2025-07-31,45,58.0,-0.224138,-0.060032,563.0,6145.0,7.3230268510984535,,15359.0,59083.5,59083.5,2.0,2.0,6.0,6.0,3.2546786004882016,9.764035801464605,0.0,0.0,0.0,1.0,1.0,0.5,4374.0,4374.0,2187.0,2014-10-04,2014-10-04,2014-10-24,2014-10-24,2.0,2.0,2026-07-31,2026-07-31,EDLDB.CDM.CUSTOMER_AGGREGATE_SNAPSHOT,EDLDB.MRCH_SANDBOX.CBSA_ZIPCODE_MAPPING,EDLDB.MRCH_SANDBOX.MEDIAN_HOUSEHOLD_INCOME_ZIPCODE,EDLDB.MRCH_SANDBOX.CLINIC_PROFILE,EDLDB.MRCH_SANDBOX.CBSA_POPULATION,"active_customer_yoy_growth, active_customers_per_1000_households, clinic_orders_per_clinic, clinics_per_10000_households, corporate_clinic_share, practice_hub_clinic_share, total_households, total_population, veterinarians_per_10000_households",Hypothesis,True,market-attractiveness-synthetic-v1,1.0,SYNTHETIC_COMPLETE,prototype_ready,synthetic_prototype_only
proto:b4e79016d2,,"Connersville, IN","Connersville, IN",micropolitan,2026-07-31,2025-07-31,44,50.0,-0.12,0.051338,478.0,6145.0,7.160292921074044,,15359.0,33823.5,33823.5,1.0,1.0,2.0,2.0,1.6273393002441008,3.2546786004882016,0.0,0.0,0.0,0.0,0.0,0.0,2471.0,2471.0,2471.0,2014-01-02,2014-01-02,2014-01-02,2014-01-02,2.0,2.0,2026-07-31,2026-07-31,EDLDB.CDM.CUSTOMER_AGGREGATE_SNAPSHOT,EDLDB.MRCH_SANDBOX.CBSA_ZIPCODE_MAPPING,EDLDB.MRCH_SANDBOX.MEDIAN_HOUSEHOLD_INCOME_ZIPCODE,EDLDB.MRCH_SANDBOX.CLINIC_PROFILE,EDLDB.MRCH_SANDBOX.CBSA_POPULATION,"active_customer_yoy_growth, active_customers_per_1000_households, clinic_orders_per_clinic, clinics_per_10000_households, corporate_clinic_share, practice_hub_clinic_share, total_households, total_population, veterinarians_per_10000_households",Hypothesis,True,market-attractiveness-synthetic-v1,1.0,SYNTHETIC_COMPLETE,prototype_ready,synthetic_prototype_only
proto:62a89d0532,,"Eufaula, AL-GA","Eufaula, AL-GA",micropolitan,2026-07-31,2025-07-31,42,45.0,-0.066667,0.116377,1408.0,6145.0,6.834825061025224,,15359.0,27721.0,27721.0,5.0,5.0,3.0,3.0,8.136696501220504,4.882017900732302,0.0,0.0,0.0,0.0,0.0,0.0,350.0,350.0,70.0,2014-10-24,2014-10-24,2023-12-31,2023-12-31,2.0,2.0,2026-07-31,2026-07-31,EDLDB.CDM.CUSTOMER_AGGREGATE_SNAPSHOT,EDLDB.MRCH_SANDBOX.CBSA_ZIPCODE_MAPPING,EDLDB.MRCH_SANDBOX.MEDIAN_HOUSEHOLD_INCOME_ZIPCODE,EDLDB.MRCH_SANDBOX.CLINIC_PROFILE,EDLDB.MRCH_SANDBOX.CBSA_POPULATION,"active_customer_yoy_growth, active_customers_per_1000_households, clinic_orders_per_clinic, clinics_per_10000_households, corporate_clinic_share, practice_hub_clinic_share, total_households, total_population, veterinarians_per_10000_households",Hypothesis,True,market-attractiveness-synthetic-v1,1.0,SYNTHETIC_COMPLETE,prototype_ready,synthetic_prototype_only
proto:120e14084b,,"Selma, AL","Selma, AL",micropolitan,2026-07-31,2025-07-31,36,42.0,-0.142857,0.022758,1236.0,6145.0,5.858421480878763,,15359.0,27597.0,27597.0,3.0,3.0,3.0,3.0,4.882017900732302,4.882017900732302,0.0,0.0,0.0,1.0,1.0,0.3333333333333333,2302.0,2302.0,767.3333333333334,2014-05-20,2014-05-20,2014-10-25,2014-10-25,3.0,3.0,2026-07-31,2026-07-31,EDLDB.CDM.CUSTOMER_AGGREGATE_SNAPSHOT,EDLDB.MRCH_SANDBOX.CBSA_ZIPCODE_MAPPING,EDLDB.MRCH_SANDBOX.MEDIAN_HOUSEHOLD_INCOME_ZIPCODE,EDLDB.MRCH_SANDBOX.CLINIC_PROFILE,EDLDB.MRCH_SANDBOX.CBSA_POPULATION,"active_customer_yoy_growth, active_customers_per_1000_households, clinic_orders_per_clinic, clinics_per_10000_households, corporate_clinic_share, practice_hub_clinic_share, total_households, total_population, veterinarians_per_10000_households",Hypothesis,True,market-attractiveness-synthetic-v1,1.0,SYNTHETIC_COMPLETE,prototype_ready,synthetic_prototype_only
proto:e718b937ca,,"Lamesa, TX","Lamesa, TX",micropolitan,2026-07-31,2025-07-31,17,20.0,-0.15,0.012965,318.0,6145.0,2.7664768104149715,,15359.0,60966.0,60966.0,1.0,1.0,1.0,1.0,1.6273393002441008,1.6273393002441008,0.0,0.0,0.0,0.0,0.0,0.0,192.0,192.0,192.0,2015-01-20,2015-01-20,2015-01-20,2015-01-20,2.0,2.0,2026-07-31,2026-07-31,EDLDB.CDM.CUSTOMER_AGGREGATE_SNAPSHOT,EDLDB.MRCH_SANDBOX.CBSA_ZIPCODE_MAPPING,EDLDB.MRCH_SANDBOX.MEDIAN_HOUSEHOLD_INCOME_ZIPCODE,EDLDB.MRCH_SANDBOX.CLINIC_PROFILE,EDLDB.MRCH_SANDBOX.CBSA_POPULATION,"active_customer_yoy_growth, active_customers_per_1000_households, clinic_orders_per_clinic, clinics_per_10000_households, corporate_clinic_share, practice_hub_clinic_share, total_households, total_population, veterinarians_per_10000_households",Hypothesis,True,market-attractiveness-synthetic-v1,1.0,SYNTHETIC_COMPLETE,prototype_ready,synthetic_prototype_only
proto:dfcbef52c6,,"Calhoun, GA","Calhoun, GA",micropolitan,2026-07-31,2025-07-31,3,4.0,-0.25,-0.068054,,6145.0,0.4882017900732303,,15359.0,,49441.22,6.0,6.0,10.0,10.0,9.764035801464605,16.273393002441008,0.0,0.0,0.0,3.0,3.0,0.5,12228.0,12228.0,2038.0,2012-12-01,2012-12-01,2021-10-19,2021-10-19,,4.0,2026-07-31,2026-07-31,EDLDB.CDM.CUSTOMER_AGGREGATE_SNAPSHOT,EDLDB.MRCH_SANDBOX.CBSA_ZIPCODE_MAPPING,EDLDB.MRCH_SANDBOX.MEDIAN_HOUSEHOLD_INCOME_ZIPCODE,EDLDB.MRCH_SANDBOX.CLINIC_PROFILE,EDLDB.MRCH_SANDBOX.CBSA_POPULATION,"active_customer_yoy_growth, active_customers_per_1000_households, avg_zip_median_household_income, clinic_orders_per_clinic, clinics_per_10000_households, corporate_clinic_share, practice_hub_clinic_share, total_households, total_population, veterinarians_per_10000_households, zips_represented_within_cbsa",Hypothesis,True,market-attractiveness-synthetic-v1,1.0,SYNTHETIC_COMPLETE,prototype_ready,synthetic_prototype_only
proto:473bd17b56,,"McMinnville, TN","McMinnville, TN",micropolitan,2026-07-31,2025-07-31,2,5.0,-0.6,-0.068054,55.0,6145.0,0.32546786004882017,,15359.0,40313.0,40313.0,5.0,5.0,7.0,7.0,8.136696501220504,11.391375101708705,0.0,0.0,0.0,0.0,0.0,0.0,4420.0,4420.0,884.0,2014-02-12,2014-02-12,2015-06-02,2015-06-02,1.0,1.0,2026-07-31,2026-07-31,EDLDB.CDM.CUSTOMER_AGGREGATE_SNAPSHOT,EDLDB.MRCH_SANDBOX.CBSA_ZIPCODE_MAPPING,EDLDB.MRCH_SANDBOX.MEDIAN_HOUSEHOLD_INCOME_ZIPCODE,EDLDB.MRCH_SANDBOX.CLINIC_PROFILE,EDLDB.MRCH_SANDBOX.CBSA_POPULATION,"active_customer_yoy_growth, active_customers_per_1000_households, clinic_orders_per_clinic, clinics_per_10000_households, corporate_clinic_share, practice_hub_clinic_share, total_households, total_population, veterinarians_per_10000_households",Hypothesis,True,market-attractiveness-synthetic-v1,1.0,SYNTHETIC_COMPLETE,prototype_ready,synthetic_prototype_only
proto:d854841c91,,"Arcadia, FL","Arcadia, FL",micropolitan,2026-07-31,2025-07-31,2,2.0,0.0,0.118054,114.0,6145.0,0.32546786004882017,,15359.0,23077.0,23077.0,9.0,9.0,10.0,10.0,14.646053702196907,16.273393002441008,0.0,0.0,0.0,5.0,5.0,0.5555555555555556,9575.0,9575.0,1063.888888888889,2013-12-14,2013-12-14,2023-01-15,2023-01-15,1.0,1.0,2026-07-31,2026-07-31,EDLDB.CDM.CUSTOMER_AGGREGATE_SNAPSHOT,EDLDB.MRCH_SANDBOX.CBSA_ZIPCODE_MAPPING,EDLDB.MRCH_SANDBOX.MEDIAN_HOUSEHOLD_INCOME_ZIPCODE,EDLDB.MRCH_SANDBOX.CLINIC_PROFILE,EDLDB.MRCH_SANDBOX.CBSA_POPULATION,"active_customer_yoy_growth, active_customers_per_1000_households, clinic_orders_per_clinic, clinics_per_10000_households, corporate_clinic_share, practice_hub_clinic_share, total_households, total_population, veterinarians_per_10000_households",Hypothesis,True,market-attractiveness-synthetic-v1,1.0,SYNTHETIC_COMPLETE,prototype_ready,synthetic_prototype_only
proto:1bce1d3c4c,,"Sanford, NC","Sanford, NC",micropolitan,2026-07-31,2025-07-31,1,2.0,-0.5,-0.068054,,6145.0,0.16273393002441008,,15359.0,,49441.22,11.0,11.0,22.0,22.0,17.90073230268511,35.80146460537022,0.0,0.0,0.0,3.0,3.0,0.2727272727272727,14936.0,14936.0,1357.8181818181818,2013-10-23,2013-10-23,2023-04-01,2023-04-01,,4.0,2026-07-31,2026-07-31,EDLDB.CDM.CUSTOMER_AGGREGATE_SNAPSHOT,EDLDB.MRCH_SANDBOX.CBSA_ZIPCODE_MAPPING,EDLDB.MRCH_SANDBOX.MEDIAN_HOUSEHOLD_INCOME_ZIPCODE,EDLDB.MRCH_SANDBOX.CLINIC_PROFILE,EDLDB.MRCH_SANDBOX.CBSA_POPULATION,"active_customer_yoy_growth, active_customers_per_1000_households, avg_zip_median_household_income, clinic_orders_per_clinic, clinics_per_10000_households, corporate_clinic_share, practice_hub_clinic_share, total_households, total_population, veterinarians_per_10000_households, zips_represented_within_cbsa",Hypothesis,True,market-attractiveness-synthetic-v1,1.0,SYNTHETIC_COMPLETE,prototype_ready,synthetic_prototype_only
proto:0b43aa8901,,"Okeechobee, FL","Okeechobee, FL",micropolitan,2026-07-31,2025-07-31,1,1.0,0.0,0.118054,,6145.0,0.16273393002441008,,15359.0,,49441.22,6.0,6.0,11.0,11.0,9.764035801464605,17.90073230268511,0.0,0.0,0.0,2.0,2.0,0.3333333333333333,12261.0,12261.0,2043.5,2013-09-27,2013-09-27,2021-10-19,2021-10-19,,4.0,2026-07-31,2026-07-31,EDLDB.CDM.CUSTOMER_AGGREGATE_SNAPSHOT,EDLDB.MRCH_SANDBOX.CBSA_ZIPCODE_MAPPING,EDLDB.MRCH_SANDBOX.MEDIAN_HOUSEHOLD_INCOME_ZIPCODE,EDLDB.MRCH_SANDBOX.CLINIC_PROFILE,EDLDB.MRCH_SANDBOX.CBSA_POPULATION,"active_customer_yoy_growth, active_customers_per_1000_households, avg_zip_median_household_income, clinic_orders_per_clinic, clinics_per_10000_households, corporate_clinic_share, practice_hub_clinic_share, total_households, total_population, veterinarians_per_10000_households, zips_represented_within_cbsa",Hypothesis,True,market-attractiveness-synthetic-v1,1.0,SYNTHETIC_COMPLETE,prototype_ready,synthetic_prototype_only
proto:762c6550e6,,"Picayune, MS","Picayune, MS",micropolitan,2026-07-31,2025-07-31,1,1.0,0.0,0.118054,,6145.0,0.16273393002441008,,15359.0,,49441.22,8.0,8.0,10.0,10.0,13.018714401952806,16.273393002441008,0.0,0.0,0.0,1.0,1.0,0.125,6314.0,6314.0,789.25,2013-05-21,2013-05-21,2022-04-24,2022-04-24,,4.0,2026-07-31,2026-07-31,EDLDB.CDM.CUSTOMER_AGGREGATE_SNAPSHOT,EDLDB.MRCH_SANDBOX.CBSA_ZIPCODE_MAPPING,EDLDB.MRCH_SANDBOX.MEDIAN_HOUSEHOLD_INCOME_ZIPCODE,EDLDB.MRCH_SANDBOX.CLINIC_PROFILE,EDLDB.MRCH_SANDBOX.CBSA_POPULATION,"active_customer_yoy_growth, active_customers_per_1000_households, avg_zip_median_household_income, clinic_orders_per_clinic, clinics_per_10000_households, corporate_clinic_share, practice_hub_clinic_share, total_households, total_population, veterinarians_per_10000_households, zips_represented_within_cbsa",Hypothesis,True,market-attractiveness-synthetic-v1,1.0,SYNTHETIC_COMPLETE,prototype_ready,synthetic_prototype_only
